id_group,type,x,y,cell_diameter,id_cell,id_layer,angle,radius,area
722,epidermis,0.28038908715803057,-0.0023827303120819315,0.015,10095,1,-0.026966851463700384,0.2792702602463458,6.727188445299427e-05
723,epidermis,0.2802389002370831,-0.009927071709696682,0.015,10109,1,-0.053933230287640944,0.2792588024843388,6.809071792223127e-05
724,epidermis,0.2798598090054697,-0.017478168367152037,0.015,10123,1,-0.08089933440589923,0.27925325580289595,6.882758427559069e-05
725,epidermis,0.2792831960303139,-0.02501644014218587,0.015,10137,1,-0.1078653611967637,0.27925362590026515,6.884341278526007e-05
726,epidermis,0.27850945905777696,-0.03253694064414288,0.015,10151,1,-0.13483150729248017,0.27925991786894977,6.818734033757467e-05
727,epidermis,0.2775391108603428,-0.04003473462538555,0.015,10165,1,-0.1617979686715698,0.2792721355570671,6.732246935153931e-05
728,epidermis,0.2763717807631447,-0.047505196626056255,0.015,10179,1,-0.18876492615477583,0.27928430742661936,6.809666011792589e-05
729,epidermis,0.27499749397558504,-0.054943502877778445,0.015,10193,1,-0.215731735896067,0.27926775806072385,6.888337409631795e-05
730,epidermis,0.2733960083797442,-0.06233580312435076,0.015,10207,1,-0.24269810686128976,0.2792571394686563,6.891525995842633e-05
731,epidermis,0.27160755892604554,-0.06968177241011587,0.015,10221,1,-0.2696642342856729,0.2792524525207512,6.830964322511174e-05
732,epidermis,0.26962750889546144,-0.07697813937984774,0.015,10235,1,-0.2966303134446215,0.2792536975984808,6.738247533568517e-05
733,epidermis,0.2674571691696454,-0.0842201188620197,0.015,10249,1,-0.323596539623301,0.27926087464943056,6.805861813126036e-05
734,epidermis,0.2650979620773542,-0.09140295777096766,0.015,10263,1,-0.3505631080707672,0.2792739832222694,6.886521184012243e-05
735,epidermis,0.26254934956998965,-0.09852214514963112,0.015,10277,1,-0.3775301557022991,0.2792810744944867,6.892341749048537e-05
736,epidermis,0.2597989543639232,-0.10556861904854477,0.015,10291,1,-0.404496929003857,0.27926542000070625,6.833864920931463e-05
737,epidermis,0.25684067825461065,-0.11252929218792905,0.015,10305,1,-0.43146328996099187,0.2792556967216205,6.737155743212051e-05
738,epidermis,0.2537063950562093,-0.11940949948557149,0.015,10319,1,-0.4584294337933001,0.2792519052753806,6.792908600808579e-05
739,epidermis,0.25039319985006186,-0.12620508352460758,0.015,10333,1,-0.4853955557773883,0.2792540459022146,6.875531572586325e-05
740,epidermis,0.24690327574316465,-0.1329115889572672,0.015,10347,1,-0.5123618511969732,0.27926211846435106,6.883327693492125e-05
741,epidermis,0.2432389093746646,-0.13952461278916486,0.015,10361,1,-0.5393285152929765,0.2792761224460555,6.833069884750765e-05
742,epidermis,0.23939937982268703,-0.14603952937186454,0.015,10375,1,-0.566295612568723,0.2792781347106369,6.735144104038478e-05
743,epidermis,0.2353712737845669,-0.15244204751523496,0.015,10389,1,-0.5932623376871061,0.2792633755396953,6.787568083670143e-05
744,epidermis,0.2311612269372654,-0.15872452023340244,0.015,10403,1,-0.6202286768652462,0.2792545476941508,6.875350356536428e-05
745,epidermis,0.22679233558770182,-0.16489485340515628,0.015,10417,1,-0.6471948253361209,0.27925165173321015,6.888432419205562e-05
746,epidermis,0.2222635577003286,-0.17094854015758357,0.015,10431,1,-0.6741609783824711,0.27925468783649904,6.843830913579054e-05
747,epidermis,0.21757787152290375,-0.17688161238762026,0.015,10445,1,-0.7011273312872257,0.27926365580375545,6.747079774692016e-05
748,epidermis,0.2127383472375299,-0.1826901727548556,0.015,10459,1,-0.7280940792839833,0.2792785550549036,6.784670507795964e-05
749,epidermis,0.2077441419777153,-0.18836925521690434,0.015,10473,1,-0.7550611856163435,0.27927548815705877,6.87507908279584e-05
750,epidermis,0.202582439590028,-0.19389873201393143,0.015,10487,1,-0.782027850829118,0.279261624152003,6.89484923225532e-05
751,epidermis,0.1972699791585221,-0.19928049668695139,0.015,10501,1,-0.8089941565284656,0.2792536915342829,6.853303912200849e-05
752,epidermis,0.19182150849111776,-0.20452203286524007,0.015,10515,1,-0.8359602979633981,0.27925169081222817,6.755792862430681e-05
753,epidermis,0.1862378397616454,-0.20961903150083136,0.015,10529,1,-0.8629264704241975,0.27925562212000843,6.779550669732616e-05
754,epidermis,0.18052264114594832,-0.21456815192912196,0.015,10543,1,-0.8898928691918159,0.2792654852161304,6.871585275226456e-05
755,epidermis,0.17467965792603107,-0.21936614017331382,0.015,10557,1,-0.9168596894878406,0.2792812794818302,6.893394061489916e-05
756,epidermis,0.16870806319422266,-0.22400748980405716,0.015,10571,1,-0.9438267644390961,0.27927313327210856,6.858267169505391e-05
757,epidermis,0.16259744070569596,-0.228466075430995,0.015,10585,1,-0.9707933581723788,0.2792601644024873,6.757801994965118e-05
758,epidermis,0.15637096316937077,-0.23275657098024194,0.015,10599,1,-0.9977596188247433,0.2792531270660211,6.766074786740793e-05
759,epidermis,0.150036244663325,-0.23688334428939625,0.015,10613,1,-1.024725741649042,0.27925202171328267,6.857296927445388e-05
760,epidermis,0.1435958050955707,-0.2408428089282257,0.015,10627,1,-1.0516919219321306,0.27925684841638104,6.883552025657593e-05
761,epidermis,0.13705387295268845,-0.24463236967561316,0.015,10641,1,-1.078658354945025,0.27926760686918095,6.852689380594911e-05
762,epidermis,0.13041473628445857,-0.24824953086877075,0.015,10655,1,-1.1056252358930183,0.2792842963875587,6.761590413495706e-05
763,epidermis,0.1236777902057727,-0.2516880918493093,0.015,10669,1,-1.1325922389425884,0.2792710711483858,6.759353958320233e-05
764,epidermis,0.11683687796720624,-0.2549162523497429,0.015,10683,1,-1.1595587495047328,0.2792589976707095,6.857968788548472e-05
765,epidermis,0.10991713795922906,-0.2579636118061768,0.015,10697,1,-1.186524953398745,0.2792528558233441,6.892414261207791e-05
766,epidermis,0.10292094539801386,-0.2608292112422864,0.015,10711,1,-1.2134910458841253,0.2792526459990173,6.866065131174721e-05
767,epidermis,0.09585225306622124,-0.26351065728091966,0.015,10725,1,-1.2404572222469352,0.279258368212293,6.775739269934713e-05
768,epidermis,0.08871570037302234,-0.26600619182487006,0.015,10739,1,-1.2674236777499237,0.27927002209901625,6.756083558217901e-05
769,epidermis,0.08151582409660356,-0.26831401392528487,0.015,10753,1,-1.2943906070391145,0.27928641174399643,6.855219087943051e-05
770,epidermis,0.07425260369825143,-0.2704264444520658,0.015,10767,1,-1.321357498110688,0.279269302717594,6.894553311859305e-05
771,epidermis,0.06692662244533105,-0.27230997948398206,0.015,10781,1,-1.348323913732188,0.27925812457625804,6.873809989284876e-05
772,epidermis,0.05955877218790459,-0.274006244968535,0.015,10795,1,-1.3752900491141982,0.27925287775915303,6.784089753673089e-05
773,epidermis,0.05214934564447437,-0.2755090077241641,0.015,10809,1,-1.4022560995697921,0.2792535619349457,6.75044603371503e-05
774,epidermis,0.04470320782021182,-0.2768172940056983,0.015,10823,1,-1.4292222605326401,0.27926017574817974,6.848167366232708e-05
775,epidermis,0.03722524486868997,-0.27793024339695177,0.015,10837,1,-1.4561887276558467,0.279272716572685,6.893853863704906e-05
776,epidermis,0.029719692726421793,-0.2788460541072387,0.015,10851,1,-1.4831556763229141,0.2792840104378995,6.876628787725636e-05
777,epidermis,0.022188593958414222,-0.2795529633801873,0.015,10865,1,-1.5101224386024814,0.27926776330974556,6.786629457069382e-05
778,epidermis,0.014639982250761173,-0.2800300961332144,0.015,10879,1,-1.5370887556536552,0.27925742664157427,6.739703585283679e-05
779,epidermis,0.0070847987951831925,-0.2803145185688229,0.015,10893,1,-1.5640548250111685,0.2792529971499453,6.833760563377077e-05
780,epidermis,-0.0004749671428921218,-0.2804010521108783,0.015,10907,1,-1.591020844812505,0.27925447336302556,6.88193200529193e-05
781,epidermis,-0.008034352678109763,-0.28028965036590614,0.015,10921,1,-1.6179870133246772,0.27926185585585334,6.870957263710293e-05
782,epidermis,-0.015588395387106966,-0.2799803854623663,0.015,10935,1,-1.6449535284091548,0.2792751471498189,6.788690039722055e-05
783,epidermis,-0.02313297752238154,-0.2794713182467792,0.015,10949,1,-1.6719205166277276,0.2792812078171501,6.735995572843298e-05
784,epidermis,-0.03066247538444821,-0.27874726935833494,0.015,10963,1,-1.6988872103635133,0.27926570512947246,6.836303995262299e-05
785,epidermis,-0.03816618400495914,-0.2778011948337777,0.015,10977,1,-1.72585349995761,0.279256127580433,6.891460995850808e-05
786,epidermis,-0.045640593070209456,-0.27666363413039635,0.015,10991,1,-1.752819581236984,0.27925247848652474,6.884355256099151e-05
787,epidermis,-0.05308242548184838,-0.2753308552339878,0.015,11005,1,-1.7797856497334454,0.27925475979990744,6.801663304011377e-05
788,epidermis,-0.060486799460347095,-0.2738037434428311,0.015,11019,1,-1.806751900819227,0.27926297234247327,6.738621743098323e-05
789,epidermis,-0.0678488552293509,-0.2720832972648473,0.015,11033,1,-1.8337185297604686,0.27927711604733885,6.830915617674715e-05
790,epidermis,-0.07516437819509117,-0.27016735614665693,0.015,11047,1,-1.860685582769738,0.27927807334506266,6.892612144163603e-05
791,epidermis,-0.08242285041189733,-0.2680383801705118,0.015,11061,1,-1.8876522510310898,0.27926345389096835,6.887846020390297e-05
792,epidermis,-0.08961577322643814,-0.2657029688104617,0.015,11075,1,-1.9146185425437898,0.27925476578524533,6.80796310520122e-05
793,epidermis,-0.09674420428261593,-0.2631839313868632,0.015,11089,1,-1.9415846525403366,0.2792520095821686,6.735709533830614e-05
794,epidermis,-0.1038040593228689,-0.26047924051579036,0.015,11103,1,-1.9685507763013796,0.27925518545654254,6.822927417413867e-05
795,epidermis,-0.11079070793186084,-0.2575906780100884,0.015,11117,1,-1.9955171091059518,0.27926429320469043,6.888291642510698e-05
796,epidermis,-0.11769956266123188,-0.25452013344802593,0.015,11131,1,-2.022483846181579,0.27927933224490215,6.887088204425028e-05
797,epidermis,-0.12452607541352465,-0.2512652321577182,0.015,11145,1,-2.0494509265906973,0.27927521053773274,6.812088476624003e-05
798,epidermis,-0.13125381838262548,-0.24780751025303902,0.015,11159,1,-2.076417559153323,0.27926148645542903,6.727918906878343e-05
799,epidermis,-0.13788113716915543,-0.24416572283221646,0.015,11173,1,-2.1033838413709365,0.279253693827806,6.809315463296855e-05
800,epidermis,-0.1444106700924346,-0.24035460693700436,0.015,11187,1,-2.130349968487946,0.2792518331500065,6.878902540032741e-05
801,epidermis,-0.15083805627980257,-0.23637397551888614,0.015,11201,1,-2.1573161357895465,0.27925590453904214,6.880772382390022e-05
802,epidermis,-0.15715908055300587,-0.23222644539094797,0.015,11215,1,-2.1842825385518436,0.27926590773355525,6.813265347838739e-05
803,epidermis,-0.16336959006725246,-0.2279147312135871,0.015,11229,1,-2.211249371992069,0.27928184209362616,6.731212350741844e-05
804,epidermis,-0.16946447331261313,-0.2234363300097035,0.015,11243,1,-2.2382164391830535,0.2792726413232833,6.810395463912207e-05
805,epidermis,-0.17542076595239797,-0.21877356767665931,0.015,11257,1,-2.2651830242867677,0.2792598125520137,6.88798939452695e-05
806,epidermis,-0.1812477368656241,-0.21395463168880818,0.015,11271,1,-2.2921492854612895,0.2792529153070414,6.892073275402656e-05
807,epidermis,-0.18694670156465354,-0.2089866740396401,0.015,11285,1,-2.319115417964092,0.2792519500185351,6.827392414030772e-05
808,epidermis,-0.19251356718315354,-0.20387134293946244,0.015,11299,1,-2.3460816170870316,0.27925691674010655,6.737000058748468e-05
809,epidermis,-0.19794468269021034,-0.19861199774519936,0.015,11313,1,-2.3730480781060472,0.27926781515027654,6.807765305478074e-05
810,epidermis,-0.20323647656476998,-0.19321208230467826,0.015,11327,1,-2.4000149962304294,0.27928464455391144,6.886788119561206e-05
811,epidermis,-0.20838307107908874,-0.18766912891590753,0.015,11341,1,-2.4269820096933836,0.27927036446662445,6.892538808751233e-05
812,epidermis,-0.21335479268395632,-0.1819681494490221,0.015,11355,1,-2.4539485357061848,0.2792584307720697,6.833254507165447e-05
813,epidermis,-0.21817506342559403,-0.1761429827380712,0.015,11369,1,-2.4809147642334626,0.2792524286980256,6.73704118221815e-05
814,epidermis,-0.22284126092471085,-0.17019446431307386,0.015,11383,1,-2.507880890539774,0.2792523586347577,6.797860860189243e-05
815,epidermis,-0.22735008633038314,-0.16412593439938755,0.015,11397,1,-2.534847109914226,0.27925822059270927,6.879409844011579e-05
816,epidermis,-0.23169858175932148,-0.1579413762201421,0.015,11411,1,-2.561813617620942,0.2792700142025491,6.888370780939672e-05
817,epidermis,-0.23588366902365818,-0.1516444841066763,0.015,11425,1,-2.5887806065634633,0.2792853489057679,6.835011875186864e-05
818,epidermis,-0.23989715786093446,-0.14523287564315812,0.015,11439,1,-2.6157475281421743,0.2792683795329799,6.736541778707818e-05
819,epidermis,-0.24370868339329563,-0.13869925010266204,0.015,11453,1,-2.642713983454933,0.27925734117986806,6.784465185701425e-05
820,epidermis,-0.24735136679794706,-0.13207405514807272,0.015,11467,1,-2.669680167702594,0.27925223455109616,6.871037664104553e-05
821,epidermis,-0.25081924371150693,-0.1253560464784609,0.015,11481,1,-2.6966462761537486,0.2792530599734255,6.884860572123034e-05
822,epidermis,-0.2541100499535002,-0.11854963887533106,0.015,11495,1,-2.723612504094832,0.2792598173956211,6.83946447076349e-05
823,epidermis,-0.2572216252691636,-0.11165929869109825,0.015,11509,1,-2.7505790467802176,0.2792725063884736,6.74259428037042e-05
824,epidermis,-0.2601509434911105,-0.10468845504637812,0.015,11523,1,-2.7775460711877984,0.27928276207788594,6.78569209921013e-05
825,epidermis,-0.26288529078999,-0.09763575568658167,0.015,11537,1,-2.804512883915375,0.2792666880383463,6.876626990142305e-05
826,epidermis,-0.26540463241197365,-0.0905041100635075,0.015,11551,1,-2.8314792567780627,0.2792565451502891,6.89334205462847e-05
827,epidermis,-0.267740253232805,-0.08331339732874077,0.015,11565,1,-2.8584453849885065,0.2792523340569968,6.85301408730397e-05
828,epidermis,-0.26988677492665664,-0.07606426860856558,0.015,11579,1,-2.8854114638200303,0.27925405500950007,6.753688402309922e-05
829,epidermis,-0.27184279943314166,-0.06876148432385525,0.015,11593,1,-2.9123776885588786,0.27926170783854604,6.782958255669134e-05
830,epidermis,-0.27360704036501643,-0.061409836137791704,0.015,11607,1,-2.9393442544653214,0.27927529190411843,6.872536688158088e-05
831,epidermis,-0.2751763391430376,-0.054012627390514975,0.015,11621,1,-2.966311273798641,0.27928046759122366,6.894775623680778e-05
832,epidermis,-0.27653370212620826,-0.046571175937165754,0.015,11635,1,-2.9932779661455804,0.2792652857721941,6.856149439147586e-05
833,epidermis,-0.27767178257378655,-0.03909429336864605,0.015,11649,1,-3.0202442454427576,0.2792560307541075,6.757160259583454e-05
834,epidermis,-0.2786174821821145,-0.03159320439753001,0.015,11663,1,-3.0472103074424286,0.27925269949244436,6.771031507820063e-05
835,epidermis,-0.27936647887741944,-0.024070164276689128,0.015,11677,1,-3.074176348452677,0.27925528755314893,6.86189728192242e-05
836,epidermis,-0.27991828518174044,-0.016530110922881324,0.015,11691,1,-3.1011425654864038,0.27926378963604914,6.886965831614394e-05
837,epidermis,-0.2802725288904595,-0.008977992513376965,0.015,11705,1,-3.1281091562155954,0.279278200281088,6.856036243988524e-05
838,epidermis,-0.2804257890322219,-0.0014171816404197014,0.015,11719,1,3.128109156215597,0.27927820028108796,6.759274764111847e-05
839,epidermis,-0.28035748984157033,0.00614677507457636,0.015,11733,1,3.1011425654864055,0.27926378963604914,6.759274764111785e-05
840,epidermis,-0.28007406167667,0.013703913544976208,0.015,11747,1,3.0741763484526787,0.279255287553149,6.856036243988485e-05
841,epidermis,-0.2795961679930024,0.021249216701371667,0.015,11761,1,3.04721030744243,0.2792526994924444,6.886965831614326e-05
842,epidermis,-0.27892093699671017,0.028779220579643612,0.015,11775,1,3.02024424544276,0.27925603075410765,6.861897281922273e-05
843,epidermis,-0.27804882389270846,0.03628898405396087,0.015,11789,1,2.993277966145582,0.27926528577219434,6.77103150781998e-05
844,epidermis,-0.2769803985739946,0.043773578249553906,0.015,11803,1,2.9663112737986426,0.27928046759122394,6.757160259583493e-05
845,epidermis,-0.27571193781570363,0.05122933246629203,0.015,11817,1,2.939344254465323,0.2792752919041187,6.856149439147539e-05
846,epidermis,-0.2742204272413117,0.058645116059470294,0.015,11831,1,2.9123776885588804,0.27926170783854637,6.894775623680681e-05
847,epidermis,-0.2725258111824462,0.06601468817522124,0.015,11845,1,2.885411463820033,0.2792540550095004,6.872536688157914e-05
848,epidermis,-0.27064140457066344,0.07333645636926386,0.015,11859,1,2.8584453849885088,0.2792523340569971,6.782958255669039e-05
849,epidermis,-0.268566038843954,0.08060622578930908,0.015,11873,1,2.831479256778065,0.27925654515028936,6.753688402309892e-05
850,epidermis,-0.2663010806929154,0.08781922702284685,0.015,11887,1,2.8045128839153772,0.27926668803834664,6.853014087303827e-05
851,epidermis,-0.263848007930353,0.09497072388776846,0.015,11901,1,2.7775460711878006,0.27928276207788627,6.893342054628322e-05
852,epidermis,-0.26120280984743316,0.1020564995956758,0.015,11915,1,2.75057904678022,0.2792725063884739,6.876626990142173e-05
853,epidermis,-0.2583415289656708,0.1090587797376324,0.015,11929,1,2.723612504094834,0.27925981739562145,6.785692099209983e-05
854,epidermis,-0.25529603286668023,0.11597969366509756,0.015,11943,1,2.6966462761537513,0.2792530599734258,6.742594280370393e-05
855,epidermis,-0.25207202727890976,0.12281814943637148,0.015,11957,1,2.6696801677025968,0.2792522345510965,6.839464470763425e-05
856,epidermis,-0.248670188228363,0.1295697478634938,0.015,11971,1,2.6427139834549362,0.2792573411798684,6.884860572122952e-05
857,epidermis,-0.2450927507228753,0.13623005951011152,0.015,11985,1,2.6157475281421765,0.2792683795329803,6.871037664104451e-05
858,epidermis,-0.24134205275954715,0.14279470835238986,0.015,11999,1,2.5887806065634655,0.2792853489057683,6.78446518570134e-05
859,epidermis,-0.23741390885594266,0.14925869148731527,0.015,12013,1,2.561813617620945,0.27927001420254943,6.736541778707661e-05
860,epidermis,-0.23328522242949545,0.15559692564693248,0.015,12027,1,2.534847109914228,0.2792582205927096,6.835011875186879e-05
861,epidermis,-0.22899694936343562,0.1618240172323089,0.015,12041,1,2.5078808905397767,0.279252358634758,6.888370780939634e-05
862,epidermis,-0.22454774825739604,0.16793652754961305,0.015,12055,1,2.4809147642334644,0.27925242869802586,6.879409844011476e-05
863,epidermis,-0.21994013815482918,0.1739303986682164,0.015,12069,1,2.453948535706187,0.27925843077207,6.797860860189087e-05
864,epidermis,-0.2151771434522859,0.17980169763069395,0.015,12083,1,2.4269820096933867,0.27927036446662473,6.737041182217963e-05
865,epidermis,-0.21026127687980012,0.18554640025092148,0.015,12097,1,2.400014996230432,0.27928464455391155,6.833254507165469e-05
866,epidermis,-0.2051875340756909,0.19115657240530964,0.015,12111,1,2.3730480781060503,0.2792678151502766,6.892538808751154e-05
867,epidermis,-0.19994239015053203,0.196606594571174,0.015,12125,1,2.346081617087034,0.27925691674010655,6.886788119561188e-05
868,epidermis,-0.19456286949146595,0.20191912010771582,0.015,12139,1,2.319115417964095,0.27925195001853503,6.807765305477988e-05
869,epidermis,-0.18904634615150845,0.20708881044505986,0.015,12153,1,2.292149285461293,0.2792529153070412,6.737000058748441e-05
870,epidermis,-0.18339644908875924,0.2121122821707504,0.015,12167,1,2.2651830242867703,0.27925981255201354,6.827392414030921e-05
871,epidermis,-0.17761688525447292,0.2169862377663946,0.015,12181,1,2.2382164391830566,0.27927264132328306,6.892073275402793e-05
872,epidermis,-0.1717099403098363,0.22170673863696208,0.015,12195,1,2.211249371992072,0.27928184209362583,6.887989394526986e-05
873,epidermis,-0.16567050850663617,0.2262611397170761,0.015,12209,1,2.1842825385518467,0.279265907733555,6.810395463912275e-05
874,epidermis,-0.15949737207687334,0.2306312817223834,0.015,12223,1,2.15731613578955,0.27925590453904187,6.7312123507419e-05
875,epidermis,-0.15321708060839495,0.23484070537582777,0.015,12237,1,2.1303499684879488,0.27925183315000623,6.813265347838926e-05
876,epidermis,-0.14682897680723223,0.23888415491774856,0.015,12251,1,2.103383841370939,0.2792536938278058,6.880772382390207e-05
877,epidermis,-0.14033725861501328,0.242758985810533,0.015,12265,1,2.0764175591533256,0.2792614864554288,6.878902540032894e-05
878,epidermis,-0.1337461845551365,0.24646265245927904,0.015,12279,1,2.0494509265907,0.2792752105377326,6.809315463296853e-05
879,epidermis,-0.12705790380025847,0.2499910898026178,0.015,12293,1,2.022483846181582,0.2792793322449019,6.727918906878396e-05
880,epidermis,-0.12026886604647395,0.2533267576212896,0.015,12307,1,1.9955171091059545,0.27926429320469015,6.812088476624141e-05
881,epidermis,-0.11338660810660994,0.25646233370588417,0.015,12321,1,1.9685507763013823,0.2792551854565423,6.887088204425173e-05
882,epidermis,-0.10642839211860552,0.25941931673254875,0.015,12335,1,1.9415846525403389,0.2792520095821684,6.888291642510824e-05
883,epidermis,-0.09939537232450482,0.26219306599766284,0.015,12349,1,1.9146185425437925,0.2792547657852451,6.822927417413853e-05
884,epidermis,-0.09229216733440983,0.26478176925212565,0.015,12363,1,1.8876522510310925,0.2792634538909682,6.735709533830583e-05
885,epidermis,-0.08512343679951391,0.26718372276003866,0.015,12377,1,1.8606855827697402,0.27927807334506244,6.807963105201408e-05
886,epidermis,-0.07789135189081042,0.2693945659930476,0.015,12391,1,1.8337185297604708,0.2792771160473386,6.887846020390443e-05
887,epidermis,-0.07059561321222188,0.271392144031626,0.015,12405,1,1.8067519008192294,0.27926297234247305,6.892612144163569e-05
888,epidermis,-0.06324819712187844,0.27318223484724535,0.015,12419,1,1.7797856497334472,0.2792547597999072,6.830915617674708e-05
889,epidermis,-0.05585895199150185,0.2747818777060911,0.015,12433,1,1.752819581236986,0.2792524784865246,6.738621743098386e-05
890,epidermis,-0.04843056027987323,0.27618751676254677,0.015,12447,1,1.7258534999576118,0.27925612758043294,6.801663304011559e-05
891,epidermis,-0.04096789785985496,0.27739823490836435,0.015,12461,1,1.6988872103635155,0.2792657051294725,6.884355256099217e-05
892,epidermis,-0.03347586059776358,0.27841322846665495,0.015,12475,1,1.67192051662773,0.27928120781715016,6.891460995850795e-05
893,epidermis,-0.025956853518277537,0.27922772922604017,0.015,12489,1,1.6449535284091568,0.27927514714981894,6.836303995262343e-05
894,epidermis,-0.018415444888605824,0.2798157085502455,0.015,12503,1,1.6179870133246794,0.2792618558558534,6.735995572843325e-05
895,epidermis,-0.010863272994972318,0.28019703543630564,0.015,12517,1,1.5910208448125063,0.27925447336302556,6.788690039722113e-05
896,epidermis,-0.003305178038597328,0.2803825269552823,0.015,12531,1,1.5640548250111703,0.2792529971499453,6.870957263710315e-05
897,epidermis,0.004255018087541412,0.280370091624097,0.015,12545,1,1.5370887556536574,0.2792574266415742,6.881932005291781e-05
898,epidermis,0.011812352402071265,0.28015974219511125,0.015,12559,1,1.5101224386024832,0.2792677633097457,6.83376056337708e-05
899,epidermis,0.019361863681103653,0.2797516098864298,0.015,12573,1,1.483155676322916,0.2792840104378996,6.739703585283724e-05
900,epidermis,0.026900662343282297,0.27914049475327396,0.015,12587,1,1.4561887276558483,0.2792727165726851,6.786629457069389e-05
901,epidermis,0.03441788715568729,0.2782977039119435,0.015,12601,1,1.429222260532642,0.27926017574817985,6.876628787725656e-05
902,epidermis,0.041907155190072425,0.27725686788923465,0.015,12615,1,1.4022560995697944,0.2792535619349458,6.893853863704791e-05
903,epidermis,0.04936588740457847,0.27602159436048646,0.015,12629,1,1.3752900491142,0.2792528777591532,6.848167366232595e-05
904,epidermis,0.056789599475647545,0.27459153117724683,0.015,12643,1,1.3483239137321903,0.2792581245762583,6.750446033714904e-05
905,epidermis,0.06417342033782315,0.2729676202604172,0.015,12657,1,1.32135749811069,0.27926930271759426,6.784089753673058e-05
906,epidermis,0.07151250208982073,0.2711509166219614,0.015,12671,1,1.294390607039117,0.27928641174399677,6.873809989284732e-05
907,epidermis,0.07880320973359704,0.26913582307345196,0.015,12685,1,1.2674236777499264,0.2792700220990165,6.894553311859124e-05
908,epidermis,0.08602727050152284,0.2668925463148908,0.015,12699,1,1.2404572222469377,0.2792583682122932,6.855219087942983e-05
909,epidermis,0.09318827011877323,0.2644667637813248,0.015,12713,1,1.213491045884128,0.27925264599901756,6.756083558217769e-05
910,epidermis,0.10028299456411537,0.2618546836667889,0.015,12727,1,1.1865249533987474,0.2792528558233443,6.775739269934659e-05
911,epidermis,0.10730682255302192,0.25905782748571693,0.015,12741,1,1.1595587495047353,0.27925899767070966,6.866065131174653e-05
912,epidermis,0.11425514487730104,0.25607803104401916,0.015,12755,1,1.1325922389425909,0.2792710711483859,6.892414261207674e-05
913,epidermis,0.12112340675078127,0.2529164049007004,0.015,12769,1,1.10562523589302,0.2792842963875588,6.857968788548492e-05
914,epidermis,0.12790479273959385,0.24956531809524818,0.015,12783,1,1.078658354945027,0.27926760686918106,6.759353958320204e-05
915,epidermis,0.134579399827714,0.2460069215841785,0.015,12797,1,1.0516919219321321,0.27925684841638115,6.761590413495703e-05
916,epidermis,0.14115840649354955,0.24228151382214014,0.015,12811,1,1.0247257416490438,0.2792520217132829,6.852689380594882e-05
917,epidermis,0.14763739675787785,0.2383853192197976,0.015,12825,1,0.9977596188247455,0.27925312706602123,6.883552025657414e-05
918,epidermis,0.15401212503087938,0.23432090519065546,0.015,12839,1,0.9707933581723801,0.27926016440248747,6.857296927445377e-05
919,epidermis,0.1602784070501157,0.23009093763135632,0.015,12853,1,0.9438267644390975,0.2792731332721088,6.766074786740799e-05
920,epidermis,0.1664317931002206,0.22569633527234023,0.015,12867,1,0.9168596894878412,0.2792812794818303,6.757801994965175e-05
921,epidermis,0.17246084955441265,0.2211281993764282,0.015,12881,1,0.889892869191817,0.2792654852161306,6.858267169505358e-05
922,epidermis,0.17834987993227086,0.2163823189225054,0.015,12895,1,0.8629264704241992,0.2792556221200086,6.893394061489751e-05
923,epidermis,0.18411350065859597,0.2114892809035204,0.015,12909,1,0.8359602979633993,0.2792516908122283,6.871585275226401e-05
924,epidermis,0.18974687709017737,0.20644722194494186,0.015,12923,1,0.8089941565284672,0.27925369153428303,6.779550669732606e-05
925,epidermis,0.1952463190950458,0.20125945855051805,0.015,12937,1,0.78202785082912,0.27926162415200306,6.755792862430597e-05
926,epidermis,0.20060821518015245,0.19592939252626795,0.015,12951,1,0.7550611856163448,0.27927548815705877,6.853303912200897e-05
927,epidermis,0.2058279933003697,0.1904577873841605,0.015,12965,1,0.7280940792839846,0.27927855505490357,6.894849232255385e-05
928,epidermis,0.21088899615498713,0.18483603982075905,0.015,12979,1,0.7011273312872264,0.2792636558037554,6.875079082795933e-05
929,epidermis,0.2157839000557978,0.17907101168314243,0.015,12993,1,0.6741609783824725,0.2792546878364989,6.784670507795965e-05
930,epidermis,0.2205276454334521,0.1731839708814016,0.015,13007,1,0.6471948253361226,0.2792516517332101,6.747079774691927e-05
931,epidermis,0.2251155324248315,0.1671749531369018,0.015,13021,1,0.6202286768652474,0.2792545476941507,6.843830913579092e-05
932,epidermis,0.22954455673356947,0.16104790687627116,0.015,13035,1,0.5932623376871076,0.2792633755396952,6.888432419205638e-05
933,epidermis,0.23381180724321152,0.15480684964061492,0.015,13049,1,0.5662956125687237,0.2792781347106368,6.875350356536523e-05
934,epidermis,0.23791238641615395,0.14845250300170307,0.015,13063,1,0.5393285152929779,0.2792761224460553,6.787568083670198e-05
935,epidermis,0.24182424755653248,0.1419782813733772,0.015,13077,1,0.5123618511969747,0.27926211846435095,6.735144104038454e-05
936,epidermis,0.24555173055315854,0.13539852783752226,0.015,13091,1,0.48539555577738924,0.2792540459022144,6.833069884750842e-05
937,epidermis,0.24910730017937036,0.12872637747916105,0.015,13105,1,0.45842943379330126,0.2792519052753804,6.883327693492174e-05
938,epidermis,0.2524869182993451,0.12196361421704521,0.015,13119,1,0.4314632899609925,0.2792556967216203,6.875531572586323e-05
939,epidermis,0.25568837256407806,0.11511467888510789,0.015,13133,1,0.4044969290038578,0.27926542000070603,6.792908600808591e-05
940,epidermis,0.2587095550719373,0.108184062818434,0.015,13147,1,0.3775301557023001,0.2792810744944865,6.737155743212046e-05
941,epidermis,0.2615450840724514,0.10117262656983667,0.015,13161,1,0.3505631080707675,0.27927398322226926,6.833864920931582e-05
942,epidermis,0.26416783101848235,0.09407757130810822,0.015,13175,1,0.3235965396233017,0.2792608746494305,6.892341749048559e-05
943,epidermis,0.26659598860760736,0.08691635155395668,0.015,13189,1,0.29663031344462165,0.2792536975984806,6.886521184012286e-05
944,epidermis,0.26883724156887245,0.07969583781363677,0.015,13203,1,0.26966423428567304,0.2792524525207511,6.805861813126134e-05
945,epidermis,0.27088868245445324,0.0724192842509842,0.015,13217,1,0.24269810686129,0.27925713946865627,6.738247533568544e-05
946,epidermis,0.2727489689751038,0.06509146719893724,0.015,13231,1,0.21573173589606665,0.27926775806072385,6.830964322511309e-05
947,epidermis,0.2744168708130368,0.057717193081907384,0.015,13245,1,0.18876492615477555,0.27928430742661925,6.89152599584275e-05
948,epidermis,0.2758864249200706,0.050297696100930885,0.015,13259,1,0.16179796867156904,0.27927213555706704,6.888337409631858e-05
949,epidermis,0.27712620713526653,0.042835661351436856,0.015,13273,1,0.1348315072924798,0.2792599178689497,6.809666011792582e-05
950,epidermis,0.2781691863238721,0.035346800779635916,0.015,13287,1,0.10786536119676383,0.27925362590026515,6.732246935153822e-05
951,epidermis,0.2790166033286832,0.02783411983952441,0.015,13301,1,0.08089933440589916,0.27925325580289595,6.818734033757436e-05
952,epidermis,0.27966705948637255,0.02030195526269283,0.015,13315,1,0.053933230287641305,0.2792588024843388,6.884341278526009e-05
953,epidermis,0.28012012467107283,0.01275525035112568,0.015,13329,1,0.026966851463700234,0.2792702602463458,6.882758427559108e-05
954,epidermis,0.2803754844369257,0.0051989575414241465,0.015,13343,1,2.2869826039293913e-16,0.2792876236607131,6.810276584586889e-05
955,exodermis,0.27167815755808195,-0.002861786896475186,0.018,13357,2,-0.03359956262773586,0.2703537394307684,0.00010001511900818201
956,exodermis,0.2714693719184441,-0.011965478179397523,0.018,13371,2,-0.0671992413599831,0.27034671776757957,0.00011127046534175177
957,exodermis,0.2709075336445735,-0.02107768066457726,0.018,13385,2,-0.10079902249504369,0.2703407855185877,0.00012766655567139724
958,exodermis,0.2700410098568326,-0.030165779386441386,0.018,13399,2,-0.13439889165146307,0.2703359487473237,0.00010450611754198926
959,exodermis,0.2688707861516418,-0.039219622926605295,0.018,13413,2,-0.16799883365274174,0.2703322135723002,0.00010201216558351328
960,exodermis,0.2673981849020491,-0.04822909897577892,0.018,13427,2,-0.20159883258311567,0.27032958514406447,0.00012083480371733521
961,exodermis,0.26562486288960496,-0.05718414521042419,0.018,13441,2,-0.23519887194935907,0.2703280671912607,0.00012044459982976205
962,exodermis,0.26355280919357976,-0.0660747600960396,0.018,13455,2,-0.26879893487062057,0.27032766206603304,0.00010126954470729691
963,exodermis,0.26118434318454176,-0.07489101371996111,0.018,13469,2,-0.3023990042403124,0.27032837106575186,0.00010526338420527366
964,exodermis,0.2585221123599948,-0.08362305866915999,0.018,13483,2,-0.33599906283767217,0.2703301948106275,0.00012802747165042964
965,exodermis,0.25556908980940163,-0.0922611409061319,0.018,13497,2,-0.36959909339233415,0.27033313354642563,0.00011131406450649246
966,exodermis,0.2523285712097006,-0.10079561057961356,0.018,13511,2,-0.40319907861635873,0.27033718733619094,9.917650324295035e-05
967,exodermis,0.2488041713467081,-0.10921693272189287,0.018,13525,2,-0.43679900121812626,0.27034235616074836,0.00011237035958656389
968,exodermis,0.2449998202014632,-0.11751569780660058,0.018,13539,2,-0.4703988439078585,0.2703486399631219,0.00012808350789522387
969,exodermis,0.24091975864447487,-0.12568263215545109,0.018,13553,2,-0.5039985893999,0.27035603866516184,0.0001042364060835814
970,exodermis,0.23656728667924712,-0.1337085401257949,0.018,13567,2,-0.5375982427988708,0.270357346189689,0.00010119666530914313
971,exodermis,0.23194057126521284,-0.14158059447262825,0.018,13581,2,-0.571197979406371,0.2703496805472789,0.00012142622095057743
972,exodermis,0.22704568363114241,-0.14928804825284445,0.018,13595,2,-0.6047978262150123,0.27034312977375674,0.00012109249402849727
973,exodermis,0.22189741526070403,-0.15682738726502934,0.018,13609,2,-0.6383977659422332,0.2703376939419275,0.00010104442246256212
974,exodermis,0.2164997857901378,-0.16419004077437152,0.018,13623,2,-0.6719977813022443,0.2703333731071762,0.0001043891117584159
975,exodermis,0.2108588329774856,-0.17136779066039212,0.018,13637,2,-0.7055978550073717,0.2703301673071997,0.00012853074129349427
976,exodermis,0.20498086454475464,-0.1783526243333953,0.018,13651,2,-0.7391979697693555,0.27032807656362884,0.00011200569078933003
977,exodermis,0.19887245120765978,-0.18513674357771265,0.018,13665,2,-0.7727981083002885,0.2703271008860661,9.898060479423721e-05
978,exodermis,0.19254041941797,-0.1917125731611301,0.018,13679,2,-0.8063982533128982,0.27032724027728516,0.00011145052937917395
979,exodermis,0.18599184382463338,-0.19807276920027994,0.018,13693,2,-0.8399983875201706,0.2703284947367509,0.0001284839004238913
980,exodermis,0.17923403945967945,-0.20421022727065627,0.018,13707,2,-0.8735984936347393,0.27033086426014835,0.0001049502880098694
981,exodermis,0.17227455365670952,-0.21011809025040357,0.018,13721,2,-0.9071985543686307,0.2703343488352408,0.00010105155248912359
982,exodermis,0.16512115771240218,-0.21578975588932034,0.018,13735,2,-0.9407985524337014,0.270338948436711,0.00012055977684173732
983,exodermis,0.1577818383026562,-0.2212188840967693,0.018,13749,2,-0.9743984705426876,0.27034466302261567,0.00012129239054205896
984,exodermis,0.15026478866412446,-0.22639940394262,0.018,13763,2,-1.0079982914105339,0.2703514925332656,0.00010176105842369137
985,exodermis,0.14257839955045198,-0.23132552036427959,0.018,13777,2,-1.0415979977557175,0.2703594368917519,0.00010426650898890398
986,exodermis,0.1347291775388033,-0.23599032616907092,0.018,13791,2,-1.0751976625486792,0.27035408458807464,0.00012751312678639976
987,exodermis,0.12672076991680517,-0.24037689335235662,0.018,13805,2,-1.10879743394536,0.2703469646145344,0.00011207012073148579
988,exodermis,0.11857089421459605,-0.2444917648382573,0.018,13819,2,-1.142397298217315,0.2703409595615366,9.974829999091143e-05
989,exodermis,0.11028842808989095,-0.24833176948616398,0.018,13833,2,-1.1759972380777648,0.2703360695022527,0.00011132482751331087
990,exodermis,0.10188222372349405,-0.2518923354062594,0.018,13847,2,-1.2095972362363157,0.27033229448494517,0.00012752118146953576
991,exodermis,0.09336167486192656,-0.25516949426791474,0.018,13861,2,-1.2431972754019738,0.2703296345095269,0.0001048721112058441
992,exodermis,0.0847363019147272,-0.258159592458702,0.018,13875,2,-1.2767973382906614,0.27032808946876685,0.00010181744487252322
993,exodermis,0.07601574141494347,-0.2608592950384516,0.018,13889,2,-1.310397407643628,0.27032765902350137,0.00012048046788728363
994,exodermis,0.06720973533961877,-0.2632655892664637,0.018,13903,2,-1.3439974662678729,0.27032834238026776,0.00012043557649793058
995,exodermis,0.05832812031214509,-0.2653757876668825,0.018,13917,2,-1.377597497113207,0.27033013796664623,0.00010161527659837419
996,exodermis,0.04938081672761925,-0.2671875306341783,0.018,13931,2,-1.4111974833975582,0.27033304306707745,0.00010512144861298466
997,exodermis,0.040377817858748596,-0.268698788661655,0.018,13945,2,-1.4447974087768527,0.2703370535758867,0.00012763599390847797
998,exodermis,0.03132917899271742,-0.2699078643774088,0.018,13959,2,-1.4783972575276845,0.2703421640891241,0.00011129292924603443
999,exodermis,0.022245006601982916,-0.2708133946253366,0.018,13973,2,-1.5119970146805206,0.2703483685143377,9.953621231306642e-05
1000,exodermis,0.013135447474275348,-0.27141435274948245,0.018,13987,2,-1.5455966660290896,0.27035566118621857,0.00011230009832708034
1001,exodermis,0.0040103350997349645,-0.27170938445893583,0.018,14001,2,-1.579196206055449,0.27035971424727073,0.00012766803252946813
1002,exodermis,-0.005120673497393398,-0.27169242973522684,0.018,14015,2,-1.6127957993882966,0.27035187891905305,0.00010420528255447035
1003,exodermis,-0.014245231936070376,-0.271357514385886,0.018,14029,2,-1.6463955054027772,0.2703451296508072,0.00010155696590748247
1004,exodermis,-0.02335236190625302,-0.27071943147554856,0.018,14043,2,-1.6799953102144212,0.2703394714084725,0.00012145965677743206
1005,exodermis,-0.03243284725198723,-0.2697768778573714,0.018,14057,2,-1.713595199234263,0.2703349102192156,0.00012070417346159459
1006,exodermis,-0.04147654528523315,-0.26853092338795564,0.018,14071,2,-1.747195157098345,0.27033145190928204,0.00010102406814726343
1007,exodermis,-0.05047335514862628,-0.26698297414891436,0.018,14085,2,-1.780795167749079,0.2703291012417824,0.00010474828016432615
1008,exodermis,-0.059413228676687475,-0.2651347701581825,0.018,14099,2,-1.8143952146014597,0.2703278615920995,0.00012861314384812175
1009,exodermis,-0.06828618120968842,-0.2629883832857524,0.018,14113,2,-1.8479952807233964,0.2703277350557172,0.000111615537954932
1010,exodermis,-0.07708230243921108,-0.26054621519873333,0.018,14127,2,-1.8815953489836212,0.27032872277385783,9.895379061987893e-05
1011,exodermis,-0.08579176728538702,-0.25781099509415945,0.018,14141,2,-1.9151954021512592,0.2703308252850375,0.00011180344892352707
1012,exodermis,-0.09440484675610583,-0.25478577704043875,0.018,14155,2,-1.948795422952655,0.27033404279719564,0.00012862897517260005
1013,exodermis,-0.10291191872967619,-0.2514739368525824,0.018,14169,2,-1.9823953940993806,0.27033837535691324,0.00010456233839182016
1014,exodermis,-0.11130347861835962,-0.24787916850550618,0.018,14183,2,-2.015995298300401,0.27034382293729187,0.00010102145208009446
1015,exodermis,-0.11957014988990242,-0.2440054801234422,0.018,14197,2,-2.0495951182669825,0.2703503854766529,0.00012089212045234712
1016,exodermis,-0.1277026944363895,-0.23985718958438634,0.018,14211,2,-2.0831948367147906,0.27035806289300235,0.00012150805197984094
1017,exodermis,-0.13569189695131115,-0.23543692540508415,0.018,14225,2,-2.116794493783667,0.2703553256277021,0.00010135996828835155
1018,exodermis,-0.14352274680466376,-0.2307407596020986,0.018,14239,2,-2.1503942595162076,0.2703479386972071,0.00010420504632831192
1019,exodermis,-0.15118899059553237,-0.22578231384463035,0.018,14253,2,-2.1839941311293543,0.2703416666546976,0.00012787591868086644
1020,exodermis,-0.15868493957638297,-0.2205711541687884,0.018,14267,2,-2.2175940913397096,0.2703365095685912,0.00011239157819076937
1021,exodermis,-0.16600212974740367,-0.2151121171528777,0.018,14281,2,-2.2511941228609924,0.270332467489768,9.934998982013829e-05
1022,exodermis,-0.17313239352927762,-0.20941130868343005,0.018,14295,2,-2.2847942084053736,0.2703295404517636,0.00011129066158426057
1023,exodermis,-0.18006777110580224,-0.20347510289584825,0.018,14309,2,-2.3183943306846966,0.270327728473037,0.00012782347075764876
1024,exodermis,-0.1868005192095964,-0.19731013513163753,0.018,14323,2,-2.351994472411249,0.2703270315613976,0.00010524923118909525
1025,exodermis,-0.19332311967146534,-0.19092329460977586,0.018,14337,2,-2.3855946162978627,0.27032744971886996,0.00010143577110905509
1026,exodermis,-0.199628287722878,-0.18432171681827342,0.018,14351,2,-2.4191947450574536,0.2703289829442023,0.00012042688228802991
1027,exodermis,-0.20570898004025928,-0.17751277563233286,0.018,14365,2,-2.452794841402484,0.2703316312313644,0.00012063301323067995
1028,exodermis,-0.2115584025208015,-0.17050407516763172,0.018,14379,2,-2.486394888044888,0.27033539456502975,0.00010196176662475461
1029,exodermis,-0.21717001778186193,-0.16330344137954764,0.018,14393,2,-2.519994867696676,0.27034027291577556,0.00010467014649439654
1030,exodermis,-0.22253755237781886,-0.155918913419773,0.018,14407,2,-2.55359476307107,0.27034626623717795,0.00012747750631985854
1031,exodermis,-0.22765500372825848,-0.14835873476067063,0.018,14421,2,-2.5871945568838446,0.27035337446516483,0.00011142187716356734
1032,exodermis,-0.23251651265367998,-0.14063113340403335,0.018,14435,2,-2.620794232778324,0.2703601565340288,9.989675068455734e-05
1033,exodermis,-0.23711395480852687,-0.13274197008999444,0.018,14449,2,-2.6543939231334464,0.27035220042507035,0.00011176893395158746
1034,exodermis,-0.2414309421781752,-0.12469596642247395,0.018,14463,2,-2.6879937193261076,0.27034535916996455,0.00012750799476267136
1035,exodermis,-0.24547773476290283,-0.1165123865619149,0.018,14477,2,-2.721593604073284,0.27033963285497403,0.00010435237396837171
1036,exodermis,-0.24924826880280568,-0.10819811252816167,0.018,14491,2,-2.75519356008719,0.2703350215479913,0.00010194951793685658
1037,exodermis,-0.25273834275812734,-0.09976243624400748,0.018,14505,2,-2.7887935700769906,0.27033152528794463,0.00012105068264337641
1038,exodermis,-0.2559440665848381,-0.0912147841015294,0.018,14519,2,-2.822393616752598,0.27032914405480196,0.00012048601642633974
1039,exodermis,-0.2588618659831813,-0.0825647065347459,0.018,14533,2,-2.855993682834169,0.2703278776978432,0.0001011224941598845
1040,exodermis,-0.26148848624936505,-0.07382186744411785,0.018,14547,2,-2.889593751074724,0.2703277257901834,0.00010516469953715575
1041,exodermis,-0.2638209956912658,-0.06499603348524101,0.018,14561,2,-2.9231938043080397,0.27032868738139104,0.00012824698063959952
1042,exodermis,-0.2658567885783922,-0.05609706324757624,0.018,14575,2,-2.9567938255364563,0.2703307606554391,0.00011136179808263938
1043,exodermis,-0.26759358764298025,-0.04713489636883858,0.018,14589,2,-2.9903937980678696,0.2703339425769473,9.904139335719496e-05
1044,exodermis,-0.26902944623804764,-0.03811954264354939,0.018,14603,2,-3.0239937056927197,0.27033822870225777,0.00011223327524627554
1045,exodermis,-0.27016275035623394,-0.02906107116891249,0.018,14617,2,-3.057593532861769,0.27034361337981094,0.00012830952107384023
1046,exodermis,-0.2709922207438128,-0.019969599514770137,0.018,14631,2,-3.0911932647970173,0.2703500904896559,0.00010428715752135646
1047,exodermis,-0.2715169152280085,-0.01085528282513684,0.018,14645,2,-3.1247928874630735,0.27035765465027595,0.00010109515041360213
1048,exodermis,-0.271734892232852,-0.0017276289070777525,0.018,14659,2,3.1247928874630717,0.2703576546502759,0.0001212741697591042
1049,exodermis,-0.27163717719821245,0.007402891622573674,0.018,14673,2,3.0911932647970155,0.27035009048965597,0.00012127416975910214
1050,exodermis,-0.27122658418611,0.016523956656290174,0.018,14687,2,3.0575935328617674,0.270343613379811,0.00010109515041360016
1051,exodermis,-0.270512301693213,0.025625378225324742,0.018,14701,2,3.023993705692718,0.2703382287022579,0.00010428715752135785
1052,exodermis,-0.26949378425876985,0.03469761616370638,0.018,14715,2,2.9903937980678674,0.27033394257694754,0.0001283095210738431
1053,exodermis,-0.2681721860591246,0.04373053721702072,0.018,14729,2,2.9567938255364545,0.2703307606554394,0.00011223327524627149
1054,exodermis,-0.26654899689337047,0.052714052692488376,0.018,14743,2,2.923193804308038,0.2703286873813914,9.904139335719477e-05
1055,exodermis,-0.2646260399446205,0.06163812929287483,0.018,14757,2,2.889593751074722,0.27032772579018366,0.00011136179808264265
1056,exodermis,-0.26240546972713735,0.07049279993132279,0.018,14771,2,2.855993682834167,0.2703278776978436,0.0001282469806396007
1057,exodermis,-0.25988977000715185,0.07926817458701535,0.018,14785,2,2.822393616752596,0.2703291440548023,0.00010516469953715394
1058,exodermis,-0.25708175145702356,0.08795445118469501,0.018,14799,2,2.7887935700769884,0.27033152528794496,0.00010112249415988479
1059,exodermis,-0.2539845488865114,0.09654192644126817,0.018,14813,2,2.755193560087188,0.27033502154799166,0.00012048601642634249
1060,exodermis,-0.2506016180003984,0.10502100662269417,0.018,14827,2,2.721593604073282,0.27033963285497437,0.00012105068264337416
1061,exodermis,-0.24693673170088407,0.11338221817372222,0.018,14841,2,2.687993719326106,0.27034535916996494,0.00010194951793685533
1062,exodermis,-0.24299397597646621,0.12161621820183911,0.018,14855,2,2.654393923133444,0.27035220042507063,0.00010435237396837251
1063,exodermis,-0.2387777454142698,0.12971380480666833,0.018,14869,2,2.620794232778322,0.2703601565340291,0.00012750799476267272
1064,exodermis,-0.23428999764702907,0.13766573095623458,0.018,14883,2,2.5871945568838424,0.27035337446516516,0.00011176893395158616
1065,exodermis,-0.22952474419527025,0.1454547706840491,0.018,14897,2,2.5535947630710676,0.2703462662371783,9.989675068455744e-05
1066,exodermis,-0.2245030859913382,0.15307928236636012,0.018,14911,2,2.5199948676966732,0.2703402729157758,0.00011142187716357028
1067,exodermis,-0.21922939947638903,0.16053131837799775,0.018,14925,2,2.486394888044886,0.27033539456503,0.00012747750631985835
1068,exodermis,-0.21370933657048727,0.16780253469610962,0.018,14939,2,2.452794841402482,0.2703316312313646,0.0001046701464943959
1069,exodermis,-0.20794907086672051,0.17488481484589868,0.018,14953,2,2.419194745057451,0.2703289829442025,0.00010196176662475582
1070,exodermis,-0.20195504247353208,0.18177025233373817,0.018,14967,2,2.385594616297861,0.27032744971887007,0.00012063301323068168
1071,exodermis,-0.19573395089990747,0.18845115937473886,0.018,14981,2,2.351994472411247,0.2703270315613976,0.00012042688228802704
1072,exodermis,-0.1892927476562521,0.19492007538145695,0.018,14995,2,2.318394330684694,0.27032772847303693,0.00010143577110905617
1073,exodermis,-0.1826386285769084,0.20116977520286683,0.018,15009,2,2.2847942084053705,0.2703295404517635,0.00010524923118909633
1074,exodermis,-0.1757790258711382,0.2071932771023698,0.018,15023,2,2.2511941228609893,0.2703324674897678,0.00012782347075764982
1075,exodermis,-0.16872159991178934,0.2129838504651061,0.018,15037,2,2.217594091339708,0.2703365095685909,0.0001112906615842556
1076,exodermis,-0.16147423077283873,0.2185350232272575,0.018,15051,2,2.1839941311293525,0.2703416666546974,9.93499898201367e-05
1077,exodermis,-0.15404500952706476,0.22384058902137788,0.018,15065,2,2.1503942595162058,0.27034793869720686,0.00011239157819077106
1078,exodermis,-0.14644222931381404,0.22889461403135267,0.018,15079,2,2.1167944937836656,0.27035532562770187,0.00012787591868086305
1079,exodermis,-0.1386735379070982,0.23369089996921025,0.018,15093,2,2.0831948367147888,0.27035806289300207,0.00010420504632831046
1080,exodermis,-0.130744012530378,0.23821839891295357,0.018,15107,2,2.0495951182669816,0.27035038547665263,0.0001013599682883521
1081,exodermis,-0.12266282672274524,0.24246829826593444,0.018,15121,2,2.0159952983004,0.2703438229372917,0.00012150805197984192
1082,exodermis,-0.11444570994062175,0.2464464369694569,0.018,15135,2,1.9823953940993797,0.2703383753569131,0.00012089212045234435
1083,exodermis,-0.10610020879502212,0.2501472377865104,0.018,15149,2,1.9487954229526538,0.27033404279719553,0.0001010214520800933
1084,exodermis,-0.09763564979493923,0.25356657663195664,0.018,15163,2,1.9151954021512578,0.2703308252850373,0.00010456233839182114
1085,exodermis,-0.08906149132574694,0.25670064201289633,0.018,15177,2,1.8815953489836206,0.2703287227738576,0.0001286289751726005
1086,exodermis,-0.08038731318387204,0.2595459391804361,0.018,15191,2,1.8479952807233953,0.270327735055717,0.00011180344892352428
1087,exodermis,-0.07162280596586741,0.2620992938752459,0.018,15205,2,1.8143952146014584,0.2703278615920993,9.895379061987928e-05
1088,exodermis,-0.06277776032708386,0.26435785562865555,0.018,15219,2,1.7807951677490774,0.27032910124178217,0.00011161553795493445
1089,exodermis,-0.05386205614054569,0.2663191005985058,0.018,15233,2,1.7471951570983433,0.2703314519092819,0.00012861314384812126
1090,exodermis,-0.04488565160573356,0.2679808339760626,0.018,15247,2,1.713595199234262,0.27033491021921546,0.00010474828016432405
1091,exodermis,-0.035858572364166334,0.26934119209403384,0.018,15261,2,1.6799953102144203,0.2703394714084724,0.00010102406814726283
1092,exodermis,-0.026790900653572206,0.27039864445226225,0.018,15275,2,1.6463955054027768,0.27034512965080715,0.00012070417346159703
1093,exodermis,-0.017692764468595846,0.27115199587717287,0.018,15289,2,1.6127957993882964,0.27035187891905305,0.00012145965677742901
1094,exodermis,-0.008574326620401381,0.27160038887735133,0.018,15303,2,1.5791962060554487,0.27035971424727073,0.00010155696590748121
1095,exodermis,0.0005552200779019846,0.27174128912335566,0.018,15317,2,1.54559666602909,0.27035566118621857,0.00010420528255446924
1096,exodermis,0.009684546437593412,0.2715628211238093,0.018,15331,2,1.511997014680521,0.27034836851433774,0.00012766803252946645
1097,exodermis,0.01880149270478686,0.2710765857237345,0.018,15345,2,1.4783972575276851,0.2703421640891242,0.00011230009832707944
1098,exodermis,0.027896570398924004,0.2702861548629994,0.018,15359,2,1.4447974087768531,0.27033705357588683,9.953621231306618e-05
1099,exodermis,0.0369599275700492,0.2691917459676739,0.018,15373,2,1.4111974833975587,0.27033304306707756,0.00011129292924603533
1100,exodermis,0.04598144107696053,0.2677945973399752,0.018,15387,2,1.3775974971132083,0.2703301379666465,0.00012763599390847602
1101,exodermis,0.05495103506003294,0.2660962823365279,0.018,15401,2,1.3439974662678738,0.270328342380268,0.00010512144861298374
1102,exodermis,0.06385869176020666,0.2640987071777315,0.018,15415,2,1.3103974076436287,0.2703276590235016,0.0001016152765983746
1103,exodermis,0.0726944623400432,0.26180410890439954,0.018,15429,2,1.2767973382906626,0.27032808946876713,0.00012043557649793126
1104,exodermis,0.08144847774748891,0.2592150532499899,0.018,15443,2,1.2431972754019747,0.27032963450952713,0.00012048046788728228
1105,exodermis,0.09011095959225496,0.2563344322007312,0.018,15457,2,1.209597236236316,0.2703322944849454,0.00010181744487252385
1106,exodermis,0.09867223097483153,0.2531654611121079,0.018,15471,2,1.175997238077766,0.2703360695022529,0.00010487211120584458
1107,exodermis,0.10712272721469777,0.24971167535100885,0.018,15485,2,1.1423972982173156,0.27034095956153675,0.00012752118146953538
1108,exodermis,0.11545300644515309,0.2459769264913463,0.018,15499,2,1.1087974339453601,0.2703469646145346,0.00011132482751331074
1109,exodermis,0.12365376005939352,0.24196537810585125,0.018,15513,2,1.075197662548679,0.2703540845880748,9.974829999091318e-05
1110,exodermis,0.13171580001032857,0.23768100213001794,0.018,15527,2,1.0415979977557175,0.27035943689175207,0.00011207012073148792
1111,exodermis,0.13962845008187955,0.23312409455481733,0.018,15541,2,1.0079982914105343,0.2703514925332658,0.0001275131267863984
1112,exodermis,0.14737658885788238,0.22829310639386824,0.018,15555,2,0.9743984705426884,0.27034466302261584,0.00010426650898890249
1113,exodermis,0.15495879192638476,0.22320808940284584,0.018,15569,2,0.940798552433702,0.2703389484367112,0.00010176105842369179
1114,exodermis,0.16236639507772221,0.2178722448431178,0.018,15583,2,0.9071985543686311,0.270334348835241,0.00012129239054206152
1115,exodermis,0.16959113021691705,0.21229154192691518,0.018,15597,2,0.8735984936347395,0.27033086426014846,0.00012055977684173795
1116,exodermis,0.17662493253350678,0.20647222152728664,0.018,15611,2,0.8399983875201714,0.27032849473675097,0.00010105155248912318
1117,exodermis,0.18345994940184662,0.20042078928085133,0.018,15625,2,0.8063982533128987,0.2703272402772853,0.00010495028800986932
1118,exodermis,0.19008854904995462,0.19414400840141335,0.018,15639,2,0.7727981083002887,0.27032710088606615,0.00012848390042389187
1119,exodermis,0.19650332898696968,0.18764889221083186,0.018,15653,2,0.7391979697693557,0.27032807656362884,0.00011145052937917476
1120,exodermis,0.20269712417802924,0.1809426963929982,0.018,15667,2,0.7055978550073718,0.27033016730719966,9.898060479423661e-05
1121,exodermis,0.20866301495541367,0.17403291097818646,0.018,15681,2,0.671997781302245,0.27033337310717614,0.00011200569078932908
1122,exodermis,0.21439433465681854,0.16692725206768533,0.018,15695,2,0.6383977659422336,0.2703376939419274,0.00012853074129349373
1123,exodermis,0.21988467698406508,0.15963365331025495,0.018,15709,2,0.6047978262150123,0.27034312977375663,0.00010438911175841686
1124,exodermis,0.22512790307643385,0.1521602571414622,0.018,15723,2,0.5711979794063707,0.27034968054727876,0.00010104442246256286
1125,exodermis,0.23011814829194674,0.14451540579546346,0.018,15737,2,0.5375982427988704,0.2703573461896889,0.00012109249402849876
1126,exodermis,0.2348488649765256,0.13670617319347864,0.018,15751,2,0.5039985893999005,0.2703560386651617,0.00012142622095057538
1127,exodermis,0.23930607047866106,0.12873689870490046,0.018,15765,2,0.4703988439078585,0.27034863996312175,0.00010119666530914205
1128,exodermis,0.2434885963216421,0.12062108811175723,0.018,15779,2,0.43679900121812615,0.2703423561607482,0.00010423640608358208
1129,exodermis,0.2473978041067705,0.1123710084760604,0.018,15793,2,0.4031990786163586,0.27033718733619083,0.00012808350789522452
1130,exodermis,0.25102861392085846,0.10399486317503749,0.018,15807,2,0.3695990933923342,0.2703331335464254,0.00011237035958656308
1131,exodermis,0.2543769794192662,0.09550201266091302,0.018,15821,2,0.335999062837673,0.27033019481062726,9.917650324294904e-05
1132,exodermis,0.257439167927896,0.08690194666178765,0.018,15835,2,0.3023990042403134,0.2703283710657517,0.0001113140645064899
1133,exodermis,0.26021176450111594,0.07820427367989456,0.018,15849,2,0.2687989348706214,0.2703276620660328,0.00012802747165042936
1134,exodermis,0.2626916755643446,0.0694187103461813,0.018,15863,2,0.23519887194935932,0.2703280671912605,0.00010526338420527514
1135,exodermis,0.2648761321005659,0.06055507064809676,0.018,15877,2,0.20159883258311556,0.2703295851440644,0.00010126954470729893
1136,exodermis,0.2667626923639,0.051623255065374345,0.018,15891,2,0.16799883365274232,0.2703322135723002,0.00012044459982976198
1137,exodermis,0.2683492441731089,0.042633239669040056,0.018,15905,2,0.1343988916514636,0.2703359487473237,0.00012083480371733322
1138,exodermis,0.2696340069444874,0.03359506524272889,0.018,15919,2,0.100799022495044,0.2703407855185877,0.00010201216558351341
1139,exodermis,0.2706155337090798,0.024518826450469208,0.018,15933,2,0.06719924135998347,0.27034671776757946,0.0001045061175419892
1140,exodermis,0.27129271333041527,0.015414660999460395,0.018,15947,2,0.0335995626277357,0.2703537394307684,0.00012716712187364277
1141,exodermis,0.271664772934467,0.006292738668294945,0.018,15961,2,1.568850533411088e-16,0.27036184587479406,0.00011185715254695518
1142,cortex,0.2541961556284183,-0.009724121203651145,0.06,15975,3,-0.12319979659561685,0.25022374940068665,0.0008425062450627192
1143,cortex,0.25168266079816554,-0.04069899885652703,0.06,15989,3,-0.24639945771864646,0.25021484145637685,0.0008465132641562517
1144,cortex,0.2447657419680417,-0.07131702950679943,0.06,16003,3,-0.3695990727119013,0.25020834215824794,0.0008505967777671148
1145,cortex,0.23414128632205847,-0.1008528907757335,0.06,16017,3,-0.492798678872496,0.25020430441693253,0.0008551002394097023
1146,cortex,0.21997026605571374,-0.1288598030386777,0.06,16031,3,-0.6159983016770878,0.2502027348284745,0.0008549884760071821
1147,cortex,0.2024671999844442,-0.15491409568518008,0.06,16045,3,-0.7391979656985699,0.2502036332879348,0.0008549096588340317
1148,cortex,0.18189694704574735,-0.17862160985608416,0.06,16059,3,-0.8623976958520693,0.2502069988313973,0.0008534102971688286
1149,cortex,0.15857070814825722,-0.1996236485626912,0.06,16073,3,-0.9855975173068385,0.25021283156459506,0.0008489777478311652
1150,cortex,0.13284133056844633,-0.21760239044144614,0.06,16087,3,-1.1087974548416026,0.25022113220478187,0.0008434053382830149
1151,cortex,0.10509798326664176,-0.23228568577208117,0.06,16101,3,-1.2319975330134092,0.2502319001124279,0.0008446120252960568
1152,cortex,0.07575793498876807,-0.2434488242156456,0.06,16115,3,-1.3551975857334178,0.2502255588077623,0.0008488509614955215
1153,cortex,0.04526322775878037,-0.2509045738889316,0.06,16129,3,-1.478397258927691,0.25021670389214345,0.0008525229924004853
1154,cortex,0.014086087195442559,-0.254556303128675,0.06,16143,3,-1.601596649114175,0.2502100566298589,0.0008559046192589673
1155,cortex,-0.01730208151827806,-0.25435194641921666,0.06,16157,3,-1.7247959341775603,0.2502055577930904,0.0008549056098316553
1156,cortex,-0.048426800973192664,-0.2502941603598924,0.06,16171,3,-1.8479952649130447,0.25020335722438014,0.0008540887497129436
1157,cortex,-0.0788171407300439,-0.24244467381542947,0.06,16185,3,-1.971194712564558,0.2502035859606833,0.0008516276416435357
1158,cortex,-0.10801334653212033,-0.23092243039446836,0.06,16199,3,-2.0943943092096777,0.25020627950306,0.0008466310394563291
1159,cortex,-0.13557370743074526,-0.2159017622487276,0.06,16213,3,-2.217594079812924,0.25021144124877187,0.0008418444626482246
1160,cortex,-0.16108121293112904,-0.19760984532798062,0.06,16227,3,-2.3407940489853205,0.2502190705723742,0.000847705600423365
1161,cortex,-0.1841498556164848,-0.17632329143733125,0.06,16241,3,-2.463994241724771,0.2502291664032527,0.0008505913950164134
1162,cortex,-0.2044293911909913,-0.15236173101728145,0.06,16255,3,-2.587194574452038,0.25022705626303177,0.0008542055993212457
1163,cortex,-0.22159990046885703,-0.12608089293718888,0.06,16269,3,-2.7103946244364074,0.2502176320557246,0.0008557781799130526
1164,cortex,-0.23540509966350426,-0.09788857959089588,0.06,16283,3,-2.8335943678583946,0.2502106742682013,0.0008548307850626103
1165,cortex,-0.24564418598172877,-0.0682165577821178,0.06,16297,3,-2.9567938333481503,0.25020616125782774,0.0008525910498465942
1166,cortex,-0.2521615522887256,-0.03751242953269142,0.06,16311,3,-3.0799930772474955,0.25020398865394694,0.0008497596968663774
1167,cortex,-0.25485862987752095,-0.006240761010180463,0.06,16325,3,3.0799930772474964,0.250203988653947,0.0008436434839851278
1168,cortex,-0.2536945427735229,0.02512526265899673,0.06,16339,3,2.956793833348152,0.25020616125782796,0.0008436434839851261
1169,cortex,-0.24868696629251666,0.056110998119138694,0.06,16353,3,2.8335943678583955,0.2502106742682017,0.00084975969686638
1170,cortex,-0.23991178556374088,0.08624761672932596,0.06,16367,3,2.7103946244364083,0.250217632055725,0.0008525910498465966
1171,cortex,-0.22750170342104176,0.1150791534365961,0.06,16381,3,2.587194574452039,0.25022705626303215,0.0008548307850626098
1172,cortex,-0.21164262380460108,0.1421691539600995,0.06,16395,3,2.463994241724772,0.2502291664032529,0.0008557781799130517
1173,cortex,-0.19256587736336137,0.1671006774169218,0.06,16409,3,2.3407940489853214,0.25021907057237425,0.0008542055993212458
1174,cortex,-0.17056294180291376,0.18949049593686082,0.06,16423,3,2.2175940798129257,0.25021144124877165,0.0008505913950164123
1175,cortex,-0.1459800901630331,0.2090087747712543,0.06,16437,3,2.094394309209679,0.25020627950305985,0.0008477056004233636
1176,cortex,-0.1191870011351661,0.22535984652051663,0.06,16451,3,1.9711947125645592,0.2502035859606832,0.0008418444626482242
1177,cortex,-0.09058914305491189,0.2382964818246304,0.06,16465,3,1.847995264913046,0.25020335722438,0.0008466310394563291
1178,cortex,-0.060619229491310704,0.24762304497410728,0.06,16479,3,1.7247959341775614,0.2502055577930903,0.0008516276416435348
1179,cortex,-0.02973068197376201,0.25319840478296807,0.06,16493,3,1.601596649114176,0.250210056629859,0.0008540887497129431
1180,cortex,0.001609185848968549,0.254938007742249,0.06,16507,3,1.4783972589276926,0.25021670389214357,0.0008549056098316543
1181,cortex,0.03292615969996313,0.2528152777600362,0.06,16521,3,1.3551975857334195,0.2502255588077626,0.0008559046192589653
1182,cortex,0.06374653045496233,0.24686142873309722,0.06,16535,3,1.2319975330134116,0.25023190011242813,0.0008525229924004846
1183,cortex,0.09360229672395337,0.2371592888135924,0.06,16549,3,1.1087974548416055,0.25022113220478204,0.00084885096149552
1184,cortex,0.12203218775802632,0.22384695248124922,0.06,16563,3,0.9855975173068408,0.2502128315645952,0.0008446120252960562
1185,cortex,0.14861099098988648,0.20714785499015548,0.06,16577,3,0.8623976958520699,0.2502069988313974,0.0008434053382830229
1186,cortex,0.17293708163864993,0.1873115888631777,0.06,16591,3,0.7391979656985702,0.2502036332879348,0.0008489777478311724
1187,cortex,0.19464253585270683,0.1646384246941206,0.06,16605,3,0.6159983016770882,0.2502027348284744,0.0008534102971688301
1188,cortex,0.2133990445104066,0.1394714833229522,0.06,16619,3,0.49279867887249673,0.2502043044169324,0.00085490965883403
1189,cortex,0.22892286566968698,0.11219155593642578,0.06,16633,3,0.36959907271190134,0.25020834215824783,0.0008549884760071815
1190,cortex,0.24097910252605592,0.08321135538704921,0.06,16647,3,0.2463994577186472,0.25021484145637674,0.0008551002394097014
1191,cortex,0.24938523626653425,0.05296928376689888,0.06,16661,3,0.12319979659561732,0.25022374940068665,0.0008505967777671132
1192,cortex,0.2540138307907231,0.021922813200871485,0.06,16675,3,3.0775774000109596e-17,0.2502349097526448,0.0008470211128735404
1193,cortex,0.22355916294412476,-0.009758314813144917,0.06,16689,4,-0.13962579707778375,0.21965606023883252,0.0009334742217749081
1194,cortex,0.22071084003636002,-0.04057301263948958,0.06,16703,4,-0.27925261834168014,0.21966809512436913,0.0009352897191290283
1195,cortex,0.21293105004854138,-0.07089802759072006,0.06,16717,4,-0.4188779982101189,0.21966079272566505,0.0009360246476973523
1196,cortex,0.2009827007653413,-0.09983923728704591,0.06,16731,4,-0.5585053834903052,0.2196585480178736,0.000937058884170184
1197,cortex,0.18513315384606618,-0.12683837010081558,0.06,16745,4,-0.6981311297749002,0.21967110134865464,0.0009370868034296722
1198,cortex,0.16568631156334976,-0.15137691377928475,0.06,16759,4,-0.8377582287001432,0.2196546519763278,0.0009365972677374166
1199,cortex,0.14299673319763362,-0.1729513425354955,0.06,16773,4,-0.9773849322297519,0.2196773318596079,0.0009357666783621726
1200,cortex,0.1175468818977826,-0.19118795329411323,0.06,16787,4,-1.1170109383792497,0.219656411066459,0.0009339178577789284
1201,cortex,0.08978369714311062,-0.2056663527222901,0.06,16801,4,-1.2566381186875029,0.21966488433449022,0.0009340575540013849
1202,cortex,0.06029148112016475,-0.2161708543375987,0.06,16815,4,-1.396263306102644,0.2196637786663235,0.0009360275718452582
1203,cortex,0.029618180082304713,-0.22245491420428848,0.06,16829,4,-1.5358901822024957,0.21965781175446453,0.0009367068578635459
1204,cortex,-0.0016285955601563508,-0.22440901009725805,0.06,16843,4,-1.6755155329033724,0.2196760167819791,0.0009370103229943109
1205,cortex,-0.032846984196931224,-0.22201416727481169,0.06,16857,4,-1.8151418878461152,0.2196551931074732,0.0009368760350271741
1206,cortex,-0.06342068442436383,-0.21526192170027372,0.06,16871,4,-1.954768556034718,0.21967339931403077,0.0009358641179773769
1207,cortex,-0.09276897790510338,-0.20435828421621804,0.06,16885,4,-2.0943942671951854,0.21965772216905602,0.0009351214460610749
1208,cortex,-0.12029919304781371,-0.18944261064893117,0.06,16899,4,-2.2340217071368857,0.21966170958561074,0.0009329823550137226
1209,cortex,-0.14549713073618523,-0.17086285703510373,0.06,16913,4,-2.373647322955688,0.21966589435082973,0.0009353710800075304
1210,cortex,-0.16786273464514115,-0.14895148950922216,0.06,16927,4,-2.51327466726544,0.21965567534532593,0.0009363173951031936
1211,cortex,-0.18695261148344158,-0.1241367197686733,0.06,16941,4,-2.6529008406665704,0.21967972049367374,0.0009374916704085777
1212,cortex,-0.2024294746050562,-0.09691922422631037,0.06,16955,4,-2.792527220515901,0.2196552968998693,0.000937362691805253
1213,cortex,-0.21392393304824206,-0.0677937726853529,0.06,16969,4,-2.9321540506290744,0.21966997804523417,0.0009366847613309112
1214,cortex,-0.2212934915048321,-0.037366044108727944,0.06,16983,4,-3.0717792113583564,0.21966037995322746,0.0009355834851969236
1215,cortex,-0.2243284607586997,-0.006202647637410728,0.06,16997,4,3.071779211358356,0.21966037995322754,0.0009335294636402618
1216,cortex,-0.22301158928344017,0.02507711056559761,0.06,17011,4,2.9321540506290744,0.21966997804523447,0.0009335294636402603
1217,cortex,-0.2173582080551084,0.055872611739711836,0.06,17025,4,2.7925272205159013,0.2196552968998696,0.0009355834851969218
1218,cortex,-0.2074556102593167,0.08557410737309473,0.06,17039,4,2.6529008406665713,0.21967972049367412,0.0009366847613309102
1219,cortex,-0.1935470205255237,0.11362495709963381,0.06,17053,4,2.5132746672654407,0.21965567534532623,0.0009373626918052535
1220,cortex,-0.1758280831528109,0.13944111033905662,0.06,17067,4,2.3736473229556894,0.21966589435082978,0.0009374916704085765
1221,cortex,-0.15472089349735618,0.16256293735859603,0.06,17081,4,2.2340217071368875,0.21966170958561063,0.0009363173951031903
1222,cortex,-0.13058614526146345,0.18250940216584846,0.06,17095,4,2.0943942671951863,0.21965772216905577,0.000935371080007532
1223,cortex,-0.10391548417366249,0.19890588623600475,0.06,17109,4,1.9547685560347192,0.21967339931403063,0.000932982355013724
1224,cortex,-0.075226043196471,0.21144524005906773,0.06,17123,4,1.8151418878461156,0.21965519310747306,0.0009351214460610748
1225,cortex,-0.04506254566109065,0.2198399390067344,0.06,17137,4,1.6755155329033733,0.21967601678197904,0.000935864117977377
1226,cortex,-0.01403036941280302,0.22399267918419502,0.06,17151,4,1.5358901822024964,0.2196578117544646,0.0009368760350271738
1227,cortex,0.017280093440548726,0.22374494565425676,0.06,17165,4,1.3962633061026446,0.2196637786663237,0.0009370103229943122
1228,cortex,0.048251462421830656,0.21917157892360892,0.06,17179,4,1.2566381186875015,0.21966488433449038,0.0009367068578635517
1229,cortex,0.0782851022396571,0.21032199972169136,0.06,17193,4,1.1170109383792481,0.2196564110664592,0.0009360275718452666
1230,cortex,0.1067908700509004,0.19737566089383551,0.06,17207,4,0.9773849322297514,0.21967733185960803,0.0009340575540013859
1231,cortex,0.13323226049798903,0.18060738622622685,0.06,17221,4,0.8377582287001423,0.21965465197632786,0.0009339178577789245
1232,cortex,0.15705601292539478,0.16028974094460569,0.06,17235,4,0.6981311297748994,0.21967110134865458,0.0009357666783621736
1233,cortex,0.17784899178684122,0.13688385643823525,0.06,17249,4,0.5585053834903043,0.2196585480178735,0.0009365972677374162
1234,cortex,0.19515671798756115,0.11079132478988078,0.06,17263,4,0.4188779982101187,0.2196607927256649,0.0009370868034296703
1235,cortex,0.20868097108707437,0.08255583092824684,0.06,17277,4,0.27925261834168,0.21966809512436902,0.0009370588841701843
1236,cortex,0.21814479594606812,0.052710219723198615,0.06,17291,4,0.139625797077783,0.21965606023883244,0.0009360246476973525
1237,cortex,0.22334853968628313,0.021837430399627045,0.06,17305,4,3.636441530201981e-18,0.21968291552751998,0.0009349255998423798
1238,cortex,0.19298392567571132,-0.009797176959791543,0.06,17319,5,-0.16110650835057203,0.18919813517016248,0.0008536549589848103
1239,cortex,0.18972476658552548,-0.04041859575105969,0.06,17333,5,-0.3222135057580509,0.18919111497695312,0.0008501680265453593
1240,cortex,0.18077829870557363,-0.07032681475860676,0.06,17347,5,-0.4833209630764142,0.1891861273101118,0.0008450853935907871
1241,cortex,0.16715232797287632,-0.09841270967625311,0.06,17361,5,-0.6444287355376735,0.18918323710523113,0.0008417569727097034
1242,cortex,0.14919957757891622,-0.1239498814667617,0.06,17375,5,-0.8055366547940707,0.18918244952846056,0.0008429849321091274
1243,cortex,0.12738456246074575,-0.14627781822072672,0.06,17389,5,-0.9666445531422048,0.18918376249480479,0.0008476802022111174
1244,cortex,0.10227162790534304,-0.16481897554738428,0.06,17403,5,-1.127752262356075,0.18918717847069164,0.000852278520974204
1245,cortex,0.0745103660507162,-0.17909370149925463,0.06,17417,5,-1.2888596160101455,0.1891926846614441,0.000851822340447592
1246,cortex,0.044818816960018576,-0.18873259847295473,0.06,17431,5,-1.4499664870584152,0.18920018442842426,0.0008477241225845879
1247,cortex,0.013964477450065826,-0.1934852878949836,0.06,17445,5,-1.6110729149337244,0.18920460934596395,0.0008431162680188653
1248,cortex,-0.017254669119825133,-0.19322170432366226,0.06,17459,5,-1.7721795384468348,0.18919619773909524,0.000841941821298985
1249,cortex,-0.04802481213111991,-0.18794166773573123,0.06,17473,5,-1.9332866606054453,0.18918967313534205,0.0008448646986810503
1250,cortex,-0.07754846106361714,-0.17779873685251124,0.06,17487,5,-2.0943942118463705,0.18918520789781024,0.0008500982482095591
1251,cortex,-0.10506301103055107,-0.16305345929737514,0.06,17501,5,-2.2555020365703125,0.18918284359438256,0.0008533180211401168
1252,cortex,-0.1298568329437787,-0.14408746870052896,0.06,17515,5,-2.416609965938795,0.18918258111593908,0.0008497659957875236
1253,cortex,-0.15128863235470014,-0.1213914686203643,0.06,17529,5,-2.577717832578426,0.18918441967802985,0.0008449343262669449
1254,cortex,-0.16880403242730382,-0.09555257691754489,0.06,17543,5,-2.7388254677823753,0.1891883608637203,0.0008420266640888328
1255,cortex,-0.18194989389862265,-0.0672391494649184,0.06,17557,5,-2.899932708978318,0.18919438035621894,0.0008430313487577317
1256,cortex,-0.190385980359873,-0.03718349720587501,0.06,17571,5,-3.0610394536748453,0.1892023447549944,0.000847621832415616
1257,cortex,-0.19389223163195937,-0.0061621536332429625,0.06,17585,5,3.061039453674844,0.18920234475499453,0.0008521324920175705
1258,cortex,-0.19236733921069366,0.025020950106332793,0.06,17599,5,2.8999327089783167,0.18919438035621927,0.0008521324920175716
1259,cortex,-0.18585388210167397,0.055553025961068786,0.06,17613,5,2.7388254677823753,0.18918836086372068,0.0008476218324156145
1260,cortex,-0.1745309462912892,0.08464428427363199,0.06,17627,5,2.5777178325784256,0.18918441967803018,0.0008430313487577285
1261,cortex,-0.15869026160846975,0.11154292216503571,0.06,17641,5,2.416609965938795,0.18918258111593922,0.0008420266640888336
1262,cortex,-0.138741761930987,0.13555323206565612,0.06,17655,5,2.255502036570314,0.18918284359438248,0.0008449343262669424
1263,cortex,-0.11520154612247001,0.1560541754110245,0.06,17669,5,2.094394211846372,0.18918520789781,0.0008497659957875211
1264,cortex,-0.08867855420844697,0.17251543984874218,0.06,17683,5,1.9332866606054466,0.1891896731353419,0.0008533180211401154
1265,cortex,-0.05985882324481398,0.1845111295071025,0.06,17697,5,1.7721795384468362,0.18919619773909516,0.0008500982482095601
1266,cortex,-0.029487750935857867,0.19173071293907085,0.06,17711,5,1.6110729149337253,0.18920460934596395,0.0008448646986810491
1267,cortex,0.0016502833501011612,0.19398477274763942,0.06,17725,5,1.4499664870584155,0.1892001844284244,0.0008419418212989873
1268,cortex,0.032746431432798796,0.19120105806846657,0.06,17739,5,1.288859616010147,0.18919268466144426,0.0008431162680188645
1269,cortex,0.06299104292991937,0.18346479963390427,0.06,17753,5,1.1277522623560767,0.1891871784706918,0.0008477241225845864
1270,cortex,0.09160279113511698,0.17098022468324137,0.06,17767,5,0.9666445531422074,0.1891837624948049,0.0008518223404475898
1271,cortex,0.11784194704913827,0.15406980520404173,0.06,17781,5,0.8055366547940724,0.18918244952846064,0.0008522785209742067
1272,cortex,0.14102985134938548,0.1331711179321185,0.06,17795,5,0.6444287355376751,0.18918323710523108,0.0008476802022111206
1273,cortex,0.1605667270038536,0.10882482228469617,0.06,17809,5,0.4833209630764156,0.18918612731011167,0.0008429849321091275
1274,cortex,0.17594718365909692,0.0816606944312626,0.06,17823,5,0.32221350575805136,0.189191114976953,0.0008417569727097049
1275,cortex,0.18677325505700812,0.052381341801500184,0.06,17837,5,0.16110650835057333,0.18919813517016243,0.0008450853935907877
1276,cortex,0.19276461066050113,0.021744044904796304,0.06,17851,5,6.039725991067272e-17,0.18920697907908376,0.0008498754012517313
1277,endodermis,0.170204334057482,-0.0031985232259326883,0.02,17865,6,-0.05984006622682396,0.16877534796528712,0.00011828171393985865
1278,endodermis,0.1697983036873686,-0.013332986102987119,0.02,17879,6,-0.11967987436694803,0.16876924137540303,0.0001399407026048077
1279,endodermis,0.16869155027685684,-0.02346282562365529,0.02,17893,6,-0.1795195097551361,0.16876495104661282,0.00012776642930223205
1280,endodermis,0.1669828340537841,-0.033508314517303274,0.02,17907,6,-0.23935905358370652,0.1687624895910951,0.00012035986652879124
1281,endodermis,0.16467826366319707,-0.043433838567289086,0.02,17921,6,-0.29919858250635245,0.16876186892194736,0.00014494642690154844
1282,endodermis,0.1617860430816704,-0.0532042101716986,0.02,17935,6,-0.3590381692401813,0.1687630984233959,0.00012100428045440193
1283,endodermis,0.15831644138675852,-0.06278479011693203,0.02,17949,6,-0.41887788364016154,0.1687661844010828,0.00012541263336454775
1284,endodermis,0.1542817567651643,-0.07214160757450605,0.02,17963,6,-0.47871779377606083,0.16877113046934852,0.00014238306528082813
1285,endodermis,0.14969627434411517,-0.08124147818413424,0.02,17977,6,-0.5385579667479576,0.168777938338202,0.00011781438009373977
1286,endodermis,0.1445748365414344,-0.09005199632148993,0.02,17991,6,-0.5983983976057268,0.1687785971727072,0.00013718032125191318
1287,endodermis,0.13892869290741763,-0.09853708275602055,0.02,18005,6,-0.6582386364128281,0.1687715045389969,0.00013082039798461087
1288,endodermis,0.13278045375659178,-0.1066647262867146,0.02,18019,6,-0.7180786472686917,0.1687662745303117,0.00011977078922793496
1289,endodermis,0.12616046567740638,-0.11441138274331474,0.02,18033,6,-0.777918496752512,0.16876290705955022,0.00014398343482718962
1290,endodermis,0.11909059116931645,-0.12174936510390325,0.02,18047,6,-0.8377582515546783,0.16876140207811588,0.00012203747652192691
1291,endodermis,0.11159591965011163,-0.1286526759544129,0.02,18061,6,-0.897597978393715,0.16876175974041466,0.00012385082499266216
1292,endodermis,0.1037030348669229,-0.13509684942542927,0.02,18075,6,-0.957437743914497,0.1687639802901312,0.00014383526276884754
1293,endodermis,0.09543992183392527,-0.14105903646793785,0.02,18089,6,-1.0172776146681728,0.16876806382147383,0.00011804469492627872
1294,endodermis,0.0868358689391516,-0.1465180844146353,0.02,18103,6,-1.0771176571735368,0.16877401010368398,0.00013390827009018827
1295,endodermis,0.0779213656468481,-0.15145461069254515,0.02,18117,6,-1.1369579380472614,0.16878181836843076,0.0001346524153610358
1296,endodermis,0.06872585369518786,-0.1558493104787565,0.02,18131,6,-1.19679823984137,0.1687754635260864,0.00011886762260132688
1297,endodermis,0.059278251358673664,-0.15967292529928892,0.02,18145,6,-1.2566382272265704,0.1687693637429205,0.00014279546930424418
1298,endodermis,0.04962139278992985,-0.16292668575724042,0.02,18159,6,-1.3164779665383177,0.16876511558653698,0.00012356465887209742
1299,endodermis,0.03978824872720298,-0.16559900506165776,0.02,18173,6,-1.3763175296202759,0.16876271050867087,0.00012304086138200122
1300,endodermis,0.029813490849229983,-0.1676802471778263,0.02,18187,6,-1.4361569919786596,0.1687621372485197,0.00014433177714241643
1301,endodermis,0.019732491620544888,-0.16916304327808124,0.02,18201,6,-1.4959964335618237,0.1687633833957896,0.00011873061489849867
1302,endodermis,0.009580998591013657,-0.1700421306396179,0.02,18215,6,-1.5558359387023657,0.16876643818790676,0.00013085236467994543
1303,endodermis,-0.0006049900615804574,-0.17031437428154514,0.02,18229,6,-1.6156755947999648,0.16877129590063808,0.00013840377846317822
1304,endodermis,-0.010789351952375799,-0.1699787815431581,0.02,18243,6,-1.6755154898312858,0.16877795810930035,0.00011763528916302212
1305,endodermis,-0.020936343202774335,-0.16903546354670757,0.02,18257,6,-1.735355663587418,0.1687800236949995,0.0001415096241736044
1306,endodermis,-0.031008962556495667,-0.16748053661233597,0.02,18271,6,-1.795195692243145,0.1687726975199529,0.00012585171355784398
1307,endodermis,-0.04096818030278697,-0.16531787937400094,0.02,18285,6,-1.8550355142288513,0.16876720915381463,0.00012214528723801085
1308,endodermis,-0.05077989907701979,-0.16256727739075205,0.02,18299,6,-1.9148752032674676,0.16876356876634493,0.00014415847537783068
1309,endodermis,-0.06040988613467287,-0.15923667475231698,0.02,18313,6,-1.9747148299228348,0.16876178349958604,0.00011969172019921822
1310,endodermis,-0.06982400824999495,-0.15533791647474227,0.02,18327,6,-2.0345544626980376,0.16876185769029056,0.00012840547707857448
1311,endodermis,-0.07898889352541212,-0.15088484419674944,0.02,18341,6,-2.0943941689389742,0.168763793595716,0.00014080540966942464
1312,endodermis,-0.08787204765466464,-0.14589324870425285,0.02,18355,6,-2.154234015429963,0.16876759216118634,0.00011680007903661194
1313,endodermis,-0.09644196739985259,-0.14038081558651042,0.02,18369,6,-2.214074068726494,0.16877325358416742,0.00013964931176812408
1314,endodermis,-0.10466825071973694,-0.1343670640428176,0.02,18383,6,-2.2739143953253103,0.16878077763313257,0.0001287098311083464
1315,endodermis,-0.11252107645988672,-0.1278708638154486,0.02,18397,6,-2.3337548305176656,0.16877574311731552,0.00012063232518677758
1316,endodermis,-0.11996273378484354,-0.12090676855251052,0.02,18411,6,-2.3935949931404714,0.168769366010586,0.00014378490121365033
1317,endodermis,-0.12697413550118614,-0.11351179893069831,0.02,18425,6,-2.4534349384849206,0.16876485123843885,0.00012099390062094723
1318,endodermis,-0.13353213830503563,-0.1057127527133501,0.02,18439,6,-2.513274733193248,0.16876219919230911,0.00012654259734320007
1319,endodermis,-0.13961334857812008,-0.09753678198345991,0.02,18453,6,-2.573114443834562,0.16876141016406682,0.00014206045073807057
1320,endodermis,-0.1451962242951649,-0.08901289100374578,0.02,18467,6,-2.6329541369441,0.16876248415741493,0.00011688792714605163
1321,endodermis,-0.15026097823193924,-0.08017130745562707,0.02,18481,6,-2.692793879128765,0.16876542069478084,0.00013749690338770955
1322,endodermis,-0.15478964676093548,-0.0710433767993943,0.02,18495,6,-2.752633737274358,0.16877021845196621,0.00013192609502884952
1323,endodermis,-0.15876615212336934,-0.06166145273198794,0.02,18509,6,-2.8124737789478576,0.1687768746420275,0.00011903158652460112
1324,endodermis,-0.16217576562609773,-0.05205819998080653,0.02,18523,6,-2.8723140477253284,0.16878057688728698,0.0001433757076230483
1325,endodermis,-0.16500056039010483,-0.042265569882973315,0.02,18537,6,-2.932154132980725,0.1687733058506747,0.00012280351481741631
1326,endodermis,-0.16722453111873922,-0.032319684753731384,0.02,18551,6,-2.991993925560579,0.16876786918972597,0.00012473717613028173
1327,endodermis,-0.16885321776701012,-0.022260672295768672,0.02,18565,6,-3.0518335041089553,0.1687642546361016,0.00014281895251140378
1328,endodermis,-0.16987920941042894,-0.012122750771484114,0.02,18579,6,-3.1116729517928174,0.1687624508585011,0.00011780454625702502
1329,endodermis,-0.17029888994742287,-0.0019418744933340367,0.02,18593,6,3.111672951792813,0.1687624508585012,0.0001349690217255442
1330,endodermis,-0.1701107832402563,0.008245850699845859,0.02,18607,6,3.051833504108951,0.16876425463610173,0.00013496902172554346
1331,endodermis,-0.1693155605258651,0.018404295173976053,0.02,18621,6,2.991993925560575,0.1687678691897262,0.00011780454625702496
1332,endodermis,-0.16791603715153014,0.028497433686066966,0.02,18635,6,2.932154132980721,0.16877330585067496,0.00014281895251140486
1333,endodermis,-0.1659171592945146,0.03848947235613483,0.02,18649,6,2.8723140477253244,0.1687805768872873,0.00012473717613028146
1334,endodermis,-0.16332380094761212,0.04834537069529918,0.02,18663,6,2.8124737789478536,0.16877687464202792,0.00012280351481741686
1335,endodermis,-0.1601342988390976,0.05802543665309649,0.02,18677,6,2.7526337372743552,0.1687702184519666,0.00014337570762304745
1336,endodermis,-0.15637115642012273,0.06749579037451223,0.02,18691,6,2.6927938791287622,0.16876542069478123,0.00011903158652460042
1337,endodermis,-0.15205106483301353,0.07672454474002102,0.02,18705,6,2.6329541369440967,0.1687624841574153,0.0001319260950288525
1338,endodermis,-0.1471885551858685,0.08567909437702471,0.02,18719,6,2.573114443834559,0.16876141016406712,0.0001374969033877077
1339,endodermis,-0.14180089178480035,0.0943277021282926,0.02,18733,6,2.5132747331932452,0.1687621991923094,0.00011688792714605243
1340,endodermis,-0.13590718628555953,0.10263970871296992,0.02,18747,6,2.453434938484918,0.16876485123843904,0.0001420604507380723
1341,endodermis,-0.12952833121146812,0.1105856398352772,0.02,18761,6,2.393594993140469,0.16876936601058612,0.0001265425973431981
1342,endodermis,-0.12268692717342483,0.11813730916200449,0.02,18775,6,2.3337548305176634,0.16877574311731555,0.00012099390062094795
1343,endodermis,-0.11540668483799027,0.12526772236325198,0.02,18789,6,2.2739143953253085,0.1687807776331325,0.00014378490121364924
1344,endodermis,-0.10770957366744241,0.13194823319089682,0.02,18803,6,2.214074068726492,0.16877325358416728,0.00012063232518677649
1345,endodermis,-0.09961951505935238,0.13814671592852137,0.02,18817,6,2.154234015429961,0.16876759216118611,0.00012870983110834815
1346,endodermis,-0.0911768680955672,0.14385273572694512,0.02,18831,6,2.0943941689389733,0.16876379359571578,0.00013964931176812118
1347,endodermis,-0.08240931742677936,0.14904508604188452,0.02,18845,6,2.0345544626980363,0.16876185769029037,0.00011680007903661095
1348,endodermis,-0.07334796762650908,0.15370538583775148,0.02,18859,6,1.9747148299228332,0.16876178349958587,0.00014080540966942575
1349,endodermis,-0.06402495537621776,0.1578171272186441,0.02,18873,6,1.914875203267466,0.1687635687663448,0.00012840547707857332
1350,endodermis,-0.05447333712474769,0.16136573228989054,0.02,18887,6,1.85503551422885,0.1687672091538145,0.00011969172019921837
1351,endodermis,-0.04472697372803831,0.16433860312736837,0.02,18901,6,1.7951956922431436,0.16877269751995283,0.00014415847537783012
1352,endodermis,-0.034820412633417556,0.16672516499852696,0.02,18915,6,1.7353556635874168,0.16878002369499942,0.00012214528723801014
1353,endodermis,-0.024787649961727224,0.16851531665839276,0.02,18929,6,1.6755154898312845,0.16877795810930027,0.0001258517135578454
1354,endodermis,-0.01466382611719287,0.16969199195936807,0.02,18943,6,1.6156755947999635,0.16877129590063808,0.0001415096241736039
1355,endodermis,-0.004488760082772339,0.17025814195235864,0.02,18957,6,1.5558359387023646,0.16876643818790685,0.00011763528916302163
1356,endodermis,0.005701048864214562,0.17021755893204238,0.02,18971,6,1.4959964335618225,0.16876338339578972,0.00013840377846317898
1357,endodermis,0.01587004522311341,0.1695694863708323,0.02,18985,6,1.4361569919786579,0.16876213724851985,0.00013085236467994557
1358,endodermis,0.025982167929386107,0.16831625748447623,0.02,18999,6,1.3763175296202745,0.16876271050867106,0.00011873061489849933
1359,endodermis,0.03600156018369096,0.16646233993281737,0.02,19013,6,1.3164779665383166,0.16876511558653715,0.00014433177714241602
1360,endodermis,0.04589269479871716,0.1640143163523157,0.02,19027,6,1.256638227226569,0.16876936374292067,0.00012304086138200065
1361,endodermis,0.05562049748182593,0.16098085867314166,0.02,19041,6,1.1967982398413683,0.16877546352608658,0.00012356465887209897
1362,endodermis,0.06515048915608186,0.15737242026859835,0.02,19055,6,1.1369579380472599,0.16878181836843092,0.00014279546930424342
1363,endodermis,0.07444817830907349,0.15319780125590607,0.02,19069,6,1.0771176571735346,0.16877401010368415,0.00011886762260132699
1364,endodermis,0.08347305671197897,0.14846224934021995,0.02,19083,6,1.0172776146681703,0.16876806382147397,0.0001346524153610396
1365,endodermis,0.09219927798960004,0.1432000513371763,0.02,19097,6,0.9574377439144947,0.16876398029013132,0.00013390827009018507
1366,endodermis,0.10059596794826046,0.13742713770662948,0.02,19111,6,0.897597978393713,0.16876175974041477,0.00011804469492627924
1367,endodermis,0.10863337463696941,0.1311640069549709,0.02,19125,6,0.8377582515546772,0.16876140207811594,0.00014383526276884773
1368,endodermis,0.116283012372645,0.12443288188883148,0.02,19139,6,0.7779184967525109,0.16876290705955024,0.00012385082499266032
1369,endodermis,0.12351776122744784,0.1172576320951497,0.02,19153,6,0.718078647268691,0.16876627453031168,0.00012203747652192765
1370,endodermis,0.13031196186907165,0.10966369072338235,0.02,19167,6,0.6582386364128272,0.16877150453899684,0.00014398343482718894
1371,endodermis,0.13664150526735228,0.1016779656771811,0.02,19181,6,0.5983983976057259,0.16877859717270713,0.00011977078922793455
1372,endodermis,0.1424830858085569,0.09332730432984232,0.02,19195,6,0.5385579667479569,0.1687779383382019,0.00013082039798461268
1373,endodermis,0.14780757785323267,0.0846367508278365,0.02,19209,6,0.47871779377606044,0.16877113046934838,0.00013718032125191083
1374,endodermis,0.1525981864831582,0.07564197766330073,0.02,19223,6,0.41887788364016143,0.16876618440108263,0.00011781438009373902
1375,endodermis,0.15684466151744705,0.06637905437507563,0.02,19237,6,0.3590381692401811,0.16876309842339576,0.00014238306528082824
1376,endodermis,0.1605312202056758,0.05687968597485164,0.02,19251,6,0.2991985825063519,0.16876186892194725,0.00012541263336454767
1377,endodermis,0.16364481413012535,0.04717756348096203,0.02,19265,6,0.2393590535837052,0.16876248959109502,0.00012100428045440306
1378,endodermis,0.1661744093660698,0.03730708998575603,0.02,19279,6,0.1795195097551349,0.16876495104661274,0.00014494642690154877
1379,endodermis,0.1681110245913091,0.027303261233359563,0.02,19293,6,0.11967987436694727,0.16876924137540297,0.00012035986652879023
1380,endodermis,0.1694477632519163,0.017201544438315314,0.02,19307,6,0.05984006622682259,0.16877534796528704,0.0001277664293022335
1381,endodermis,0.17017984001007386,0.007037755354237836,0.02,19321,6,-4.749144684010245e-16,0.16878326054905435,0.00013971948589011849
1382,pericycle,0.16071023398383172,-0.002394133100472785,0.015,19335,7,-0.04724183939000169,0.15961387575802397,5.4381212831442825e-05
1383,pericycle,0.16046168042435588,-0.009953882786272052,0.015,19349,7,-0.09448374513370038,0.15963313780462177,5.459961952007462e-05
1384,pericycle,0.15983185671636407,-0.017522256963989864,0.015,19363,7,-0.14172554674146984,0.15961379197034659,5.620213973589675e-05
1385,pericycle,0.1588068026672349,-0.02504794478930481,0.015,19377,7,-0.18896754267042926,0.1596324238493994,5.548947743498977e-05
1386,pericycle,0.15746514560168404,-0.03252303286858585,0.015,19391,7,-0.2362093297456957,0.15961365551809878,5.482371071737227e-05
1387,pericycle,0.15573523782155224,-0.03991854589661384,0.015,19405,7,-0.2834514289455949,0.1596316781188108,5.394651346327484e-05
1388,pericycle,0.15369375625666776,-0.04723355507821558,0.015,19419,7,-0.33069321259680307,0.1596135078055773,5.519565267698644e-05
1389,pericycle,0.1512744260634403,-0.054433036349530756,0.015,19433,7,-0.37793541621320553,0.1596309394789092,5.6098530167232764e-05
1390,pericycle,0.14855137706823177,-0.061522609047782846,0.015,19447,7,-0.4251771967525953,0.15961338167998407,5.5296829933243407e-05
1391,pericycle,0.14546418724019064,-0.06846195075043707,0.015,19461,7,-0.4724194973902277,0.15963023350289338,5.4700492020034336e-05
1392,pericycle,0.1420839094613399,-0.075262744860944,0.015,19475,7,-0.5196612685187754,0.15961329554892692,5.400818102869481e-05
1393,pericycle,0.13835636242236132,-0.08188015607130059,0.015,19489,7,-0.5669036543967432,0.15962957234985048,5.602946433235994e-05
1394,pericycle,0.13434906079558492,-0.08833140879314134,0.015,19503,7,-0.614145406880015,0.15961325688216949,5.563154922895518e-05
1395,pericycle,0.13001435693017782,-0.09456796469533917,0.015,19517,7,-0.6613878646069296,0.15962896005117777,5.562030739330247e-05
1396,pericycle,0.12541583598948408,-0.10061203517828407,0.015,19531,7,-0.7086295883392799,0.15961326751854285,5.3906911808993e-05
1397,pericycle,0.12051258053454719,-0.10641220199439765,0.015,19545,7,-0.7558721042339468,0.15962839701278916,5.469830685883141e-05
1398,pericycle,0.115363926448125,-0.11199508676243052,0.015,19559,7,-0.8031137891077651,0.1596133271281571,5.587553142863724e-05
1399,pericycle,0.10993578700357838,-0.11730721674229617,0.015,19573,7,-0.8503563496401831,0.15962788267229686,5.561705229815618e-05
1400,pericycle,0.1042830015024621,-0.12237903279943128,0.015,19587,7,-0.8975979856909276,0.15961343541720163,5.528319272532215e-05
1401,pericycle,0.09837831983957232,-0.12715582477307755,0.015,19601,7,-0.9448405773443856,0.15962741721403945,5.349446460009659e-05
1402,pericycle,0.09227190949204106,-0.13167125585410192,0.015,19615,7,-0.9920821544971525,0.1596135928938606,5.539333706682594e-05
1403,pericycle,0.08594327075700257,-0.1358701764961111,0.015,19629,7,-1.0393247635998464,0.15962700107904368,5.541730329646303e-05
1404,pericycle,0.0794377950799985,-0.13978887755303088,0.015,19643,7,-1.0865662717173517,0.1596137993450171,5.6129736068332334e-05
1405,pericycle,0.0727415588158996,-0.14337253923524393,0.015,19657,7,-1.133808884833266,0.1596266328367717,5.434570682063495e-05
1406,pericycle,0.06589514223274962,-0.146659495781452,0.015,19671,7,-1.1810503144500002,0.15961405128008307,5.426767274639551e-05
1407,pericycle,0.05889094004924706,-0.1495959879122124,0.015,19685,7,-1.2282929196179322,0.15962630595614266,5.5222762096980826e-05
1408,pericycle,0.0517647522165104,-0.15222182677228946,0.015,19699,7,-1.275534263764764,0.15961433770642225,5.584423898536502e-05
1409,pericycle,0.04451495668345039,-0.15448499711704639,0.015,19713,7,-1.3227768531387434,0.15962600365480387,5.5753017069947906e-05
1410,pericycle,0.037172666391109735,-0.15642624571223945,0.015,19727,7,-1.3700181107581835,0.15961463485265204,5.406270089155696e-05
1411,pericycle,0.02974183694902026,-0.15799593036379336,0.015,19741,7,-1.4172606846666063,0.15962569483462233,5.465654991379072e-05
1412,pericycle,0.022249045602111918,-0.15923522485185176,0.015,19755,7,-1.4645018648617287,0.15961490539096418,5.521333826537606e-05
1413,pericycle,0.01470335696163943,-0.16009742888691425,0.015,19769,7,-1.5117444353446792,0.15962533846202268,5.630203889230686e-05
1414,pericycle,0.007127016060226344,-0.16062367385318188,0.015,19783,7,-1.5589855594517381,0.1596151093338442,5.496578778887716e-05
1415,pericycle,-0.00046632814635582325,-0.16077070459290668,0.015,19797,7,-1.6062281495428736,0.15962490097494503,5.433295493403595e-05
1416,pericycle,-0.008058514026097882,-0.16057918381425154,0.015,19811,7,-1.653469247312135,0.1596152256813848,5.449878218087037e-05
1417,pericycle,-0.015631881398597013,-0.1600097318723481,0.015,19825,7,-1.7007118837588424,0.15962437795606643,5.5922419486831486e-05
1418,pericycle,-0.02317206414283946,-0.1591021605207063,0.015,19839,7,-1.7479529837618268,0.15961526751631178,5.59388470703844e-05
1419,pericycle,-0.030658002477552435,-0.1578213148999494,0.015,19853,7,-1.7951956869893966,0.1596237974592793,5.487949331371159e-05
1420,pericycle,-0.03807880337967539,-0.15620582026041893,0.015,19867,7,-1.842436807919069,0.1596152722999453,5.421114867208676e-05
1421,pericycle,-0.045410645959746795,-0.15422501250445453,0.015,19881,7,-1.8896795865235942,0.15962320069390074,5.464990096355293e-05
1422,pericycle,-0.05264575942957202,-0.15191604860742672,0.015,19895,7,-1.9369207349029698,0.15961527957823965,5.6254826890325804e-05
1423,pericycle,-0.05975821740631453,-0.149252939415845,0.015,19909,7,-1.9841635865050276,0.159622622082226,5.535391811643179e-05
1424,pericycle,-0.06674300038420686,-0.1462711495149498,0.015,19923,7,-2.0314047595944746,0.15961531677664179,5.5035109057871855e-05
1425,pericycle,-0.07357274047227742,-0.14294946724164434,0.015,19937,7,-2.0786476748487583,0.15962208176889664,5.3627409726692244e-05
1426,pericycle,-0.08024478668680647,-0.1393214985614618,0.015,19951,7,-2.125888864889797,0.15961539762140575,5.550367418586064e-05
1427,pericycle,-0.08673099277178609,-0.1353708297054306,0.015,19965,7,-2.1731318312365744,0.15962158832545498,5.56945978870386e-05
1428,pericycle,-0.09303068901748217,-0.13112909836338446,0.015,19979,7,-2.2203730285077055,0.15961552699409837,5.5558641936335386e-05
1429,pericycle,-0.09911560328555305,-0.1265846272897742,0.015,19993,7,-2.267616032369073,0.15962114409777284,5.4443325493157614e-05
1430,pericycle,-0.10498666217892572,-0.12176703144639861,0.015,20007,7,-2.3148572267124354,0.1596157056498157,5.4139155966988366e-05
1431,pericycle,-0.11061609980045456,-0.11666922911393064,0.015,20021,7,-2.362100254449665,0.15962074890900602,5.593450480088732e-05
1432,pericycle,-0.1160060631818391,-0.11131881186178538,0.015,20035,7,-2.4093414358319025,0.15961593306858984,5.555252671123189e-05
1433,pericycle,-0.12112989536831287,-0.10571307649559063,0.015,20049,7,-2.456584473953211,0.1596204023784337,5.57435037928996e-05
1434,pericycle,-0.12599060367564197,-0.09987764208353213,0.015,20063,7,-2.503825632396508,0.15961620930833906,5.365725037867219e-05
1435,pericycle,-0.1305632046356232,-0.09381389528133494,0.015,20077,7,-2.5510686673248997,0.15962010496582515,5.501226786970658e-05
1436,pericycle,-0.13485122745710512,-0.08754558187369711,0.015,20091,7,-2.5983097926913192,0.15961653485478378,5.551964628557351e-05
1437,pericycle,-0.13883188036477723,-0.0810778234817775,0.015,20105,7,-2.6455528107603663,0.15961985667826717,5.601699067844104e-05
1438,pericycle,-0.14250890374582134,-0.07443263662656026,0.015,20119,7,-2.6927938930393758,0.1596169086319806,5.495348847304232e-05
1439,pericycle,-0.14586216222485957,-0.0676184632774887,0.015,20133,7,-2.740036881143139,0.1596196546448711,5.381449469300216e-05
1440,pericycle,-0.14889532958799,-0.06065577503924363,0.015,20147,7,-2.787277911534357,0.15961732496936734,5.523810794670047e-05
1441,pericycle,-0.15159133136513667,-0.05355586688470321,0.015,20161,7,-2.8345208588028137,0.15961948914559512,5.558927010299692e-05
1442,pericycle,-0.1539535344688057,-0.04633788519354182,0.015,20175,7,-2.8817618321304144,0.15961776865972674,5.620943520309222e-05
1443,pericycle,-0.15596826415489773,-0.039015465841847306,0.015,20189,7,-2.929004733156646,0.15961933823359936,5.433526036506889e-05
1444,pericycle,-0.1576383822546293,-0.03160667975037901,0.015,20203,7,-2.976245651825105,0.1596182104428472,5.445705627748119e-05
1445,pericycle,-0.15895388320131595,-0.024126955373909676,0.015,20217,7,-3.0234885108896625,0.15961916591309713,5.494788798193783e-05
1446,pericycle,-0.15991697203322094,-0.016593561951368227,0.015,20231,7,-3.0707293887683353,0.15961860991434343,5.6148627105607275e-05
1447,pericycle,-0.16052150991234393,-0.009023144238612264,0.015,20245,7,-3.117972222303767,0.15961893135935798,5.534264076942287e-05
1448,pericycle,-0.1607689428323764,-0.0014324603557741469,0.015,20259,7,3.117972222303765,0.15961893135935804,5.431935262466414e-05
1449,pericycle,-0.16065712116253844,0.006161224966750548,0.015,20273,7,3.070729388768334,0.15961860991434354,5.431935262466372e-05
1450,pericycle,-0.16018667893610358,0.013741364988981788,0.015,20287,7,3.023488510889661,0.15961916591309733,5.5342640769422934e-05
1451,pericycle,-0.1593594980463172,0.021290682514627554,0.015,20301,7,2.9762456518251037,0.1596182104428474,5.614862710560782e-05
1452,pericycle,-0.15817539424506694,0.028792539343453712,0.015,20315,7,2.9290047331566442,0.15961933823359964,5.4947887981937615e-05
1453,pericycle,-0.15664024011523187,0.03623025316294935,0.015,20329,7,2.8817618321304126,0.15961776865972702,5.445705627748126e-05
1454,pericycle,-0.15475307435803323,0.043586793065910845,0.015,20343,7,2.834520858802812,0.15961948914559546,5.433526036506935e-05
1455,pericycle,-0.15252364033337482,0.050846667911008774,0.015,20357,7,2.7872779115343542,0.15961732496936767,5.620943520309279e-05
1456,pericycle,-0.14995029135627397,0.05799216111763917,0.015,20371,7,2.740036881143137,0.15961965464487146,5.558927010299729e-05
1457,pericycle,-0.14704644695857522,0.06500954947696048,0.015,20385,7,2.6927938930393744,0.15961690863198097,5.523810794669992e-05
1458,pericycle,-0.14380991650123884,0.07188015382488276,0.015,20399,7,2.6455528107603654,0.15961985667826747,5.3814494693002325e-05
1459,pericycle,-0.14025752891553125,0.07859256814106906,0.015,20413,7,2.598309792691318,0.15961653485478403,5.49534884730421e-05
1460,pericycle,-0.1363867375068102,0.08512689686170039,0.015,20427,7,2.5510686673248983,0.1596201049658254,5.6016990678441646e-05
1461,pericycle,-0.1322174440358976,0.09147456440382369,0.015,20441,7,2.503825632396507,0.15961620930833922,5.551964628557371e-05
1462,pericycle,-0.12774697587734163,0.09761423400477731,0.015,20455,7,2.45658447395321,0.15962040237843386,5.501226786970668e-05
1463,pericycle,-0.12299790511916966,0.10354062914083328,0.015,20469,7,2.409341435831902,0.15961593306858995,5.365725037867216e-05
1464,pericycle,-0.11796770134767623,0.1092307814018777,0.015,20483,7,2.362100254449665,0.1596207489090061,5.574350379289928e-05
1465,pericycle,-0.11268114418341738,0.114683129398196,0.015,20497,7,2.314857226712435,0.15961570564981573,5.5552526711232036e-05
1466,pericycle,-0.10713614718200096,0.11987292207755626,0.015,20511,7,2.267616032369073,0.15962114409777278,5.593450480088691e-05
1467,pericycle,-0.10135918105136535,0.1248026696825953,0.015,20525,7,2.2203730285077055,0.15961552699409823,5.413915596698828e-05
1468,pericycle,-0.09534893341575705,0.12944573143395294,0.015,20539,7,2.1731318312365744,0.15962158832545484,5.444332549315719e-05
1469,pericycle,-0.08913300310289886,0.1338089795814843,0.015,20553,7,2.125888864889797,0.15961539762140559,5.555864193633564e-05
1470,pericycle,-0.08271120450903523,0.13786382412069023,0.015,20567,7,2.0786476748487583,0.1596220817688965,5.5694597887037784e-05
1471,pericycle,-0.07611166335466632,0.14162171819297192,0.015,20581,7,2.0314047595944746,0.1596153167766416,5.55036741858608e-05
1472,pericycle,-0.06933569014141606,0.14505211398458842,0.015,20595,7,1.9841635865050273,0.15962262208222583,5.362740972669161e-05
1473,pericycle,-0.06241130663533378,0.14817118848766583,0.015,20609,7,1.93692073490297,0.15961527957823948,5.5035109057871794e-05
1474,pericycle,-0.055341698769095345,0.15094648066392868,0.015,20623,7,1.8896795865235947,0.15962320069390062,5.5353918116431266e-05
1475,pericycle,-0.048154132987699605,0.15339895478737803,0.015,20637,7,1.8424368079190683,0.1596152722999452,5.625482689032569e-05
1476,pericycle,-0.04085405330266505,0.15549433602085816,0.015,20651,7,1.795195686989396,0.1596237974592792,5.46499009635531e-05
1477,pericycle,-0.03346730868128392,0.1572583578980233,0.015,20665,7,1.7479529837618266,0.1596152675163117,5.421114867208625e-05
1478,pericycle,-0.02600198038483877,0.15865508771314757,0.015,20679,7,1.7007118837588422,0.15962437795606638,5.487949331371163e-05
1479,pericycle,-0.018481836628004907,0.15971492857711497,0.015,20693,7,1.6534692473121346,0.1596152256813848,5.593884707038395e-05
1480,pericycle,-0.010917964102009322,0.1604005036123675,0.015,20707,7,1.606228149542873,0.15962490097494503,5.592241948683169e-05
1481,pericycle,-0.0033313948509962055,0.16074670436896854,0.015,20721,7,1.5589855594517377,0.15961510933384426,5.4498782180870135e-05
1482,pericycle,0.004263430162222976,0.16071498050209831,0.015,20735,7,1.5117444353446785,0.15962533846202276,5.433295493403625e-05
1483,pericycle,0.011848853834736816,0.16034444838322523,0.015,20749,7,1.464501864861728,0.15961490539096426,5.4965787788877074e-05
1484,pericycle,0.01940675939319268,0.15959570745152837,0.015,20763,7,1.4172606846666063,0.15962569483462247,5.630203889230674e-05
1485,pericycle,0.0269234764981861,0.158511750851149,0.015,20777,7,1.3700181107581828,0.15961463485265218,5.5213338265376025e-05
1486,pericycle,0.03437692390309709,0.1570526977519666,0.015,20791,7,1.322776853138743,0.15962600365480403,5.465654991379077e-05
1487,pericycle,0.0417579910809489,0.15526498935784672,0.015,20805,7,1.2755342637647638,0.15961433770642244,5.406270089155703e-05
1488,pericycle,0.04904038150696955,0.1531086799302967,0.015,20819,7,1.228292919617932,0.15962630595614288,5.575301706994785e-05
1489,pericycle,0.05622006933393574,0.15063315807962793,0.015,20833,7,1.18105031445,0.15961405128008327,5.5844238985365496e-05
1490,pericycle,0.06326633654815889,0.14779887235967382,0.015,20847,7,1.1338088848332657,0.15962663283677186,5.522276209698067e-05
1491,pericycle,0.07018071137397308,0.14465759269497172,0.015,20861,7,1.0865662717173517,0.15961379934501727,5.4267672746395796e-05
1492,pericycle,0.07692789948433451,0.14117066034673217,0.015,20875,7,1.039324763599846,0.15962700107904382,5.434570682063539e-05
1493,pericycle,0.08351538984891216,0.13739159998620756,0.015,20889,7,0.9920821544971522,0.1596135928938607,5.612973606833275e-05
1494,pericycle,0.08990321400540392,0.13328317663115044,0.015,20903,7,0.9448405773443853,0.15962741721403956,5.541730329646325e-05
1495,pericycle,0.09610515807338987,0.1288999882478514,0.015,20917,7,0.8975979856909267,0.15961343541720172,5.539333706682629e-05
1496,pericycle,0.10207654302823749,0.12420678016868675,0.015,20931,7,0.8503563496401823,0.1596278826722969,5.3494464600096974e-05
1497,pericycle,0.10783771123281427,0.11925849477453772,0.015,20945,7,0.8031137891077643,0.15961332712815715,5.5283192725322e-05
1498,pericycle,0.1133393017535779,0.11402243270397605,0.015,20959,7,0.7558721042339464,0.15962839701278922,5.561705229815608e-05
1499,pericycle,0.11860838912277627,0.10855311337719623,0.015,20973,7,0.7086295883392792,0.15961326751854285,5.5875531428637e-05
1500,pericycle,0.1235910273590846,0.10282097880718659,0.015,20987,7,0.6613878646069287,0.15962896005117774,5.4698306858831704e-05
1501,pericycle,0.12832111105088015,0.09687932896837455,0.015,21001,7,0.6141454068800142,0.15961325688216943,5.39069118089927e-05
1502,pericycle,0.132740276221776,0.0907023363055997,0.015,21015,7,0.5669036543967423,0.15962957234985042,5.562030739330232e-05
1503,pericycle,0.1368892333707037,0.08434126567284082,0.015,21029,7,0.5196612685187744,0.15961329554892684,5.563154922895515e-05
1504,pericycle,0.14070543900290994,0.07777460397071957,0.015,21043,7,0.4724194973902264,0.1596302335028933,5.602946433235987e-05
1505,pericycle,0.14423632092678862,0.07105075676560557,0.015,21057,7,0.4251771967525933,0.15961338167998396,5.4008181028695285e-05
1506,pericycle,0.14741546644801637,0.06415309611318419,0.015,21071,7,0.3779354162132035,0.1596309394789091,5.470049202003423e-05
1507,pericycle,0.15029682604802783,0.05712634623821404,0.015,21085,7,0.330693212596801,0.15961350780557718,5.5296829933243176e-05
1508,pericycle,0.1528104991678436,0.04995931326357675,0.015,21099,7,0.28345142894559305,0.15963167811881065,5.6098530167232575e-05
1509,pericycle,0.15501666807496278,0.04269223113547774,0.015,21113,7,0.2362093297456938,0.15961365551809864,5.519565267698649e-05
1510,pericycle,0.156842395422716,0.035319859032078064,0.015,21127,7,0.1889675426704274,0.15963242384939932,5.394651346327452e-05
1511,pericycle,0.15835370983797808,0.027877155940615444,0.015,21141,7,0.14172554674146784,0.15961379197034653,5.4823710717372216e-05
1512,pericycle,0.15947515676750448,0.020365315012296856,0.015,21155,7,0.09448374513369842,0.15963313780462174,5.548947743498942e-05
1513,pericycle,0.16027813425345636,0.012813270322284931,0.015,21169,7,0.04724183938999946,0.1596138757580239,5.620213973589685e-05
1514,pericycle,0.16068525661828081,0.005229083053227366,0.015,21183,7,-1.5490751246302554e-15,0.1596337804269239,5.4573680451147055e-05
1515,vascular_parenchyma,0.15490412285813038,-0.0015891844706748604,0.01,21197,8,-0.032555118331012926,0.1541690046620676,2.4976867969071375e-05
1516,vascular_parenchyma,0.15479417130213152,-0.006618995466051013,0.01,21211,8,-0.06511026736125813,0.1541668226982333,2.6384329641294005e-05
1517,vascular_parenchyma,0.1544945732716324,-0.011653785444679333,0.01,21225,8,-0.09766544734996697,0.1541647794900658,2.657440792444563e-05
1518,vascular_parenchyma,0.15403139879266287,-0.016676104760072308,0.01,21239,8,-0.1302206583849497,0.15416287604499823,2.517182806121187e-05
1519,vascular_parenchyma,0.15340514247478254,-0.021680645013004315,0.01,21253,8,-0.16277590031408948,0.154161113639078,2.6157149408465547e-05
1520,vascular_parenchyma,0.15261647123444308,-0.02666211684032535,0.01,21267,8,-0.19533117269613262,0.1541594937220959,2.6773359621279298e-05
1521,vascular_parenchyma,0.15166622348236924,-0.03161525549920973,0.01,21281,8,-0.22788647477209684,0.15415801782339145,2.550974610405215e-05
1522,vascular_parenchyma,0.15055540813557805,-0.03653482640883157,0.01,21295,8,-0.26044180545635137,0.15415668746673164,2.5760641322239452e-05
1523,vascular_parenchyma,0.14928520346364094,-0.041415630646954825,0.01,21309,8,-0.29299716334484177,0.15415550409982812,2.6857677713664807e-05
1524,vascular_parenchyma,0.14785695577574806,-0.04625251039983511,0.01,21323,8,-0.32555254673691963,0.15415446904171998,2.5994994929322084e-05
1525,vascular_parenchyma,0.1462721779525388,-0.051040354364160954,0.01,21337,8,-0.35810795366672893,0.1541535834490498,2.5347519187194288e-05
1526,vascular_parenchyma,0.14453254782421104,-0.055774103099536405,0.01,21351,8,-0.390663381940076,0.15415284830017936,2.676420842542771e-05
1527,vascular_parenchyma,0.1426399063942748,-0.06044875432924959,0.01,21365,8,-0.4232188291731191,0.15415226439443885,2.635272132798487e-05
1528,vascular_parenchyma,0.14059625590686906,-0.06505936818597607,0.01,21379,8,-0.455774292829929,0.15415183236282878,2.509882342776015e-05
1529,vascular_parenchyma,0.13840375775500802,-0.06960107239791413,0.01,21393,8,-0.4883297702568275,0.15415155268622419,2.6597563606824866e-05
1530,vascular_parenchyma,0.1360647302273834,-0.07406906740987267,0.01,21407,8,-0.5208852587122688,0.1541514257174337,2.6570546098027175e-05
1531,vascular_parenchyma,0.13358164609219067,-0.07845863143316475,0.01,21421,8,-0.5534407553917644,0.15415145170414482,2.5078897263280263e-05
1532,vascular_parenchyma,0.13095713001760437,-0.08276512541783632,0.01,21435,8,-0.5859962574479214,0.15415163081064343,2.6414228155592812e-05
1533,vascular_parenchyma,0.12819395582976523,-0.08698399794075136,0.01,21449,8,-0.6185517620060261,0.15415196313708068,2.6707211465282758e-05
1534,vascular_parenchyma,0.12529504361030264,-0.09111079000329696,0.01,21463,8,-0.6511072661757865,0.15415244873588652,2.5243498283239646e-05
1535,vascular_parenchyma,0.12226345663640936,-0.09514113973289703,0.01,21477,8,-0.6836627670598413,0.15415308762563956,2.6038921596186162e-05
1536,vascular_parenchyma,0.1191023981672382,-0.09907078698305802,0.01,21491,8,-0.71621826175952,0.15415387980313677,2.6788411870202337e-05
1537,vascular_parenchyma,0.11581520808074329,-0.10289557782714225,0.01,21505,8,-0.748773747378152,0.15415482525429283,2.5585284937379535e-05
1538,vascular_parenchyma,0.11240535936489425,-0.1066114689412007,0.01,21519,8,-0.7813292210221587,0.15415592396373973,2.5529522678429166e-05
1539,vascular_parenchyma,0.10887645446659402,-0.11021453187081523,0.01,21533,8,-0.8138846798003034,0.15415717592199096,2.67133452980816e-05
1540,vascular_parenchyma,0.10523222150119962,-0.11370095717623863,0.01,21547,8,-0.8464401208218169,0.15415858112860617,2.600550421128025e-05
1541,vascular_parenchyma,0.1014765103259055,-0.11706705844982389,0.01,21561,8,-0.8789955411944159,0.1541601395904594,2.518046801929313e-05
1542,vascular_parenchyma,0.09761328848141676,-0.120309276200318,0.01,21575,8,-0.9115509380232705,0.15416185131558305,2.66028127606727e-05
1543,vascular_parenchyma,0.0936466370075703,-0.12342418159983878,0.01,21589,8,-0.9441063084117189,0.15416371630406886,2.6363395443118607e-05
1544,vascular_parenchyma,0.08958074613901636,-0.12640848009042083,0.01,21603,8,-0.9766616494641795,0.1541657345374323,2.5054219296446756e-05
1545,vascular_parenchyma,0.08541991088662255,-0.1292590148472326,0.01,21617,8,-1.009216958291496,0.1541679059669203,2.6504525981453297e-05
1546,vascular_parenchyma,0.08116852650952827,-0.13197277009505065,0.01,21631,8,-1.0417722320189895,0.15417023050030354,2.6610573137901014e-05
1547,vascular_parenchyma,0.07683050840923494,-0.13454648671385844,0.01,21645,8,-1.074327489127295,0.15416872693964173,2.518077264721938e-05
1548,vascular_parenchyma,0.07240902809924579,-0.1369742105025311,0.01,21659,8,-1.1068827655444828,0.1541665796443588,2.6300859749743243e-05
1549,vascular_parenchyma,0.06791118609353196,-0.1392565379259,0.01,21673,8,-1.1394380593219473,0.15416458474525827,2.679404633608162e-05
1550,vascular_parenchyma,0.06334167158829009,-0.1413914488536976,0.01,21687,8,-1.1719933677844445,0.1541627417955388,2.5440196170253917e-05
1551,vascular_parenchyma,0.05870520305723274,-0.14337660882193112,0.01,21701,8,-1.2045486883655543,0.15416105020250798,2.5885199757892587e-05
1552,vascular_parenchyma,0.054006681978885786,-0.14520992258509716,0.01,21715,8,-1.2371040186406532,0.1541595092086718,2.6856486267038586e-05
1553,vascular_parenchyma,0.049251075197833595,-0.14688945498039316,0.01,21729,8,-1.2696593563634637,0.15415811787969716,2.5871909888653246e-05
1554,vascular_parenchyma,0.044443409710702576,-0.1484134329486745,0.01,21743,8,-1.3022146995043575,0.15415687510313658,2.5415976457210343e-05
1555,vascular_parenchyma,0.039588767394713606,-0.1497802473973424,0.01,21757,8,-1.3347700462877283,0.1541557796016158,2.6770625888097886e-05
1556,vascular_parenchyma,0.034692279682857645,-0.15098845490755436,0.01,21771,8,-1.36732539522499,0.15415482996332283,2.6244483387096238e-05
1557,vascular_parenchyma,0.02975912218861481,-0.15203677928721876,0.01,21785,8,-1.3998807451392632,0.1541540246910977,2.5110203906236238e-05
1558,vascular_parenchyma,0.02479450928216828,-0.15292411296948344,0.01,21799,8,-1.432436095177694,0.15415336226941742,2.6589047926424255e-05
1559,vascular_parenchyma,0.01980368861952321,-0.15364951825411366,0.01,21813,8,-1.4649914448077146,0.15415284124637516,2.6482940253062433e-05
1560,vascular_parenchyma,0.014791935625978586,-0.15421222838659077,0.01,21827,8,-1.497546793794403,0.15415246032542304,2.5018875519313857e-05
1561,vascular_parenchyma,0.009764547936032436,-0.15461164846700612,0.01,21841,8,-1.5301021421574905,0.15415221845895388,2.640721597056246e-05
1562,vascular_parenchyma,0.00472683979307392,-0.15484735617774156,0.01,21855,8,-1.5626574901086054,0.15415211493285863,2.6605317862224955e-05
1563,vascular_parenchyma,-0.0003158635856496853,-0.1549191023159495,0.01,21869,8,-1.5952128379720052,0.15415214942927952,2.5123186880995125e-05
1564,vascular_parenchyma,-0.0053582316701931915,-0.15482681111569815,0.01,21883,8,-1.6277681860948974,0.15415232205600313,2.6070972694461614e-05
1565,vascular_parenchyma,-0.01039493429311436,-0.15457058034759535,0.01,21897,8,-1.660323534755564,0.15415263333641221,2.674365860047577e-05
1566,vascular_parenchyma,-0.015420647324185008,-0.15415068119130396,0.01,21911,8,-1.6928788840779934,0.15415308416207796,2.5484928038549385e-05
1567,vascular_parenchyma,-0.020430058330020394,-0.15356755788607046,0.01,21925,8,-1.7254342339603412,0.154153675717318,2.565742641879746e-05
1568,vascular_parenchyma,-0.02541787220644971,-0.1528218271719727,0.01,21939,8,-1.7579895840219293,0.1541544093884698,2.6779667549744488e-05
1569,vascular_parenchyma,-0.030378816775063915,-0.15191427753738707,0.01,21953,8,-1.790544933570616,0.15415528667002484,2.5963371708412228e-05
1570,vascular_parenchyma,-0.035307648338645796,-0.15084586828672614,0.01,21967,8,-1.8231002815899995,0.15415630907704336,2.5276464417684976e-05
1571,vascular_parenchyma,-0.04019915719236711,-0.14961772843921445,0.01,21981,8,-1.8556556267442073,0.15415747807032554,2.6699281805297427e-05
1572,vascular_parenchyma,-0.045048173088833354,-0.14823115546624588,0.01,21995,8,-1.8882109673969385,0.15415879499832222,2.6371965487930512e-05
1573,vascular_parenchyma,-0.04984957065558212,-0.1466876138721337,0.01,22009,8,-1.9207663016408232,0.15416026105754127,2.5125155699247285e-05
1574,vascular_parenchyma,-0.05459827476360846,-0.14498873362058445,0.01,22023,8,-1.9533216273330576,0.15416187727109412,2.6586364938170574e-05
1575,vascular_parenchyma,-0.059289265844919364,-0.14313630840698036,0.01,22037,8,-1.9858769421335885,0.15416364448323266,2.659836363308679e-05
1576,vascular_parenchyma,-0.06391758515613725,-0.14113229377487074,0.01,22051,8,-2.018432243542775,0.15416556336651868,2.5144711658923308e-05
1577,vascular_parenchyma,-0.06847833998403471,-0.13897880507421198,0.01,22065,8,-2.0509875289362767,0.15416763443775958,2.638017158721184e-05
1578,vascular_parenchyma,-0.0729667087878405,-0.13667811525888393,0.01,22079,8,-2.083542795595765,0.15416985807895686,2.6756238730486435e-05
1579,vascular_parenchyma,-0.07737791096469394,-0.13423209853736134,0.01,22093,8,-2.1160980541095693,0.15416904935948986,2.5347998324100328e-05
1580,vascular_parenchyma,-0.0817056044737024,-0.13164089212904262,0.01,22107,8,-2.1486533456892687,0.15416680137952504,2.5978917303990183e-05
1581,vascular_parenchyma,-0.08594590438590585,-0.12890955347627844,0.01,22121,8,-2.181208670930585,0.15416470655442355,2.6815471499583026e-05
1582,vascular_parenchyma,-0.09009512257608976,-0.12604208066816328,0.01,22135,8,-2.2137640269507064,0.15416276495313216,2.569720839288611e-05
1583,vascular_parenchyma,-0.09414884929937505,-0.12304123141738289,0.01,22149,8,-2.2463194108566724,0.1541609766080323,2.5446432580209537e-05
1584,vascular_parenchyma,-0.09810280249321711,-0.11991018026955529,0.01,22163,8,-2.278874819752019,0.15415934152729885,2.6720499842646872e-05
1585,vascular_parenchyma,-0.10195280544774932,-0.11665223907055909,0.01,22177,8,-2.311430250740865,0.15415785970600812,2.6095172324787124e-05
1586,vascular_parenchyma,-0.1056947912097614,-0.11327085348419144,0.01,22191,8,-2.34398570092969,0.1541565311360206,2.5109749177873966e-05
1587,vascular_parenchyma,-0.10932480687158906,-0.10976959936697095,0.01,22205,8,-2.3765411674271357,0.15415535581368114,2.6559436339945493e-05
1588,vascular_parenchyma,-0.1128390177393313,-0.10615217900304688,0.01,22219,8,-2.4090966473424333,0.15415433374382628,2.6385118876898443e-05
1589,vascular_parenchyma,-0.11623371137442567,-0.10242241720238476,0.01,22233,8,-2.441652137783406,0.1541534649390526,2.500359241748459e-05
1590,vascular_parenchyma,-0.1195053015030267,-0.09858425726642915,0.01,22247,8,-2.474207635855098,0.15415274941444873,2.6458799750600047e-05
1591,vascular_parenchyma,-0.12265033178875995,-0.09464175682667854,0.01,22261,8,-2.5067631386599194,0.1541521871790808,2.660449387959146e-05
1592,vascular_parenchyma,-0.12566547946553605,-0.09059908356221083,0.01,22275,8,-2.53931864329984,0.1541517782256527,2.5143796688690326e-05
1593,vascular_parenchyma,-0.12854755882749253,-0.08646051080191547,0.01,22289,8,-2.5718741468809387,0.154151522519003,2.621527082683932e-05
1594,vascular_parenchyma,-0.13129352457275947,-0.08223041301650712,0.01,22303,8,-2.6044296465205448,0.15415141998316373,2.67753281625324e-05
1595,vascular_parenchyma,-0.13390047499717941,-0.07791326120498553,0.01,22317,8,-2.6369851393573622,0.15415147048625416,2.544413163281655e-05
1596,vascular_parenchyma,-0.13636565503393172,-0.07351361818034025,0.01,22331,8,-2.6695406225651257,0.15415167382265801,2.580134816976002e-05
1597,vascular_parenchyma,-0.13868645913538177,-0.0690361337597886,0.01,22345,8,-2.7020960933704057,0.15415202969252342,2.6821233648906896e-05
1598,vascular_parenchyma,-0.14086043399425446,-0.06448553986538318,0.01,22359,8,-2.7346515490750822,0.1541525376794023,2.5895336449647902e-05
1599,vascular_parenchyma,-0.1428852811022452,-0.05986664554123925,0.01,22373,8,-2.7672069870837586,0.15415319722770085,2.5362590445306307e-05
1600,vascular_parenchyma,-0.14475885914533781,-0.05518433189384656,0.01,22387,8,-2.799762404935887,0.15415400762248463,2.6754923885208217e-05
1601,vascular_parenchyma,-0.14647918623630587,-0.05044354696189118,0.01,22401,8,-2.832317800341758,0.15415496797495226,2.632050409063901e-05
1602,vascular_parenchyma,-0.1480444419859736,-0.04564930052166743,0.01,22415,8,-2.864873171220677,0.15415607721738708,2.5156508212217e-05
1603,vascular_parenchyma,-0.14945296941557482,-0.0408066588334789,0.01,22429,8,-2.897428515738815,0.15415733411141533,2.6622307869669818e-05
1604,vascular_parenchyma,-0.15070327671271247,-0.03592073933345539,0.01,22443,8,-2.929983832343418,0.15415873727277893,2.6558093144432013e-05
1605,vascular_parenchyma,-0.1517940388327931,-0.030996705274086336,0.01,22457,8,-2.9625391197895,0.15416028521451408,2.5089405190724783e-05
1606,vascular_parenchyma,-0.1527240989463254,-0.026039760315714106,0.01,22471,8,-2.9950943771549396,0.1541619764085555,2.6401686747839528e-05
1607,vascular_parenchyma,-0.1534924697303212,-0.021055143070516417,0.01,22485,8,-3.027649603840189,0.1541638093636394,2.6663501155491636e-05
1608,vascular_parenchyma,-0.1540983344995379,-0.016048121600331623,0.01,22499,8,-3.060204799549542,0.1541657827151038,2.5214120751515764e-05
1609,vascular_parenchyma,-0.1545410481706089,-0.011023987870097582,0.01,22513,8,-3.09275996425221,0.15416789531959585,2.601293393596979e-05
1610,vascular_parenchyma,-0.15482013804907824,-0.005988052159695773,0.01,22527,8,-3.1253150981234015,0.1541701463446848,2.672535324408969e-05
1611,vascular_parenchyma,-0.1549349323657863,-0.0009454505837757438,0.01,22541,8,3.1253150981233966,0.15417014634468484,2.549296381957015e-05
1612,vascular_parenchyma,-0.15488289829327867,0.004098412285364894,0.01,22555,8,3.0927599642522043,0.1541678953195959,2.5492963819570286e-05
1613,vascular_parenchyma,-0.15466484193728744,0.009137616915983962,0.01,22569,8,3.0602047995495365,0.15416578271510392,2.6725353244089638e-05
1614,vascular_parenchyma,-0.1542834047488196,0.014166836085267809,0.01,22583,8,3.0276496038401834,0.15416380936363958,2.601293393597028e-05
1615,vascular_parenchyma,-0.1537386168635088,0.019180928370421325,0.01,22597,8,2.995094377154933,0.15416197640855567,2.5214120751515838e-05
1616,vascular_parenchyma,-0.15303105912401357,0.024174594190309408,0.01,22611,8,2.962539119789494,0.1541602852145143,2.6663501155491474e-05
1617,vascular_parenchyma,-0.15216148429628987,0.029142555795915164,0.01,22625,8,2.929983832343412,0.1541587372727792,2.640168674783971e-05
1618,vascular_parenchyma,-0.1511308161688875,0.0340795628339604,0.01,22639,8,2.8974285157388087,0.15415733411141558,2.50894051907245e-05
1619,vascular_parenchyma,-0.1499401484817312,0.03898039786660413,0.01,22653,8,2.8648731712206708,0.15415607721738736,2.6558093144431664e-05
1620,vascular_parenchyma,-0.1485907436924823,0.04383988184519896,0.01,22667,8,2.8323178003417526,0.15415496797495254,2.6622307869669954e-05
1621,vascular_parenchyma,-0.14708403158574682,0.048652879536697016,0.01,22681,8,2.799762404935881,0.15415400762248493,2.515650821221714e-05
1622,vascular_parenchyma,-0.14542160772786328,0.053414304901352176,0.01,22695,8,2.767206987083753,0.15415319722770118,2.6320504090638977e-05
1623,vascular_parenchyma,-0.14360523176769163,0.05811912641986289,0.01,22709,8,2.734651549075076,0.15415253767940262,2.675492388520865e-05
1624,vascular_parenchyma,-0.14163682558202123,0.06276237236716964,0.01,22723,8,2.7020960933704004,0.15415202969252378,2.536259044530676e-05
1625,vascular_parenchyma,-0.13951847126321631,0.06733913602897999,0.01,22737,8,2.66954062256512,0.15415167382265835,2.5895336449647163e-05
1626,vascular_parenchyma,-0.1372524089465733,0.0718445808560268,0.01,22751,8,2.6369851393573565,0.1541514704862545,2.6821233648906998e-05
1627,vascular_parenchyma,-0.13484103447542506,0.07627394555023119,0.01,22765,8,2.604429646520539,0.154151419983164,2.5801348169760843e-05
1628,vascular_parenchyma,-0.1322868969030295,0.08062254907645101,0.01,22779,8,2.5718741468809334,0.15415152251900324,2.5444131632815798e-05
1629,vascular_parenchyma,-0.1295926958314881,0.08488579559332261,0.01,22793,8,2.539318643299834,0.1541517782256529,2.677532816253234e-05
1630,vascular_parenchyma,-0.12676127858913663,0.08905917929682777,0.01,22807,8,2.506763138659914,0.154152187179081,2.6215270826840065e-05
1631,vascular_parenchyma,-0.12379563724893426,0.09313828917054659,0.01,22821,8,2.4742076358550924,0.1541527494144489,2.514379668868999e-05
1632,vascular_parenchyma,-0.12069890549125935,0.09711881363705119,0.01,22835,8,2.4416521377834,0.15415346493905271,2.6604493879591352e-05
1633,vascular_parenchyma,-0.11747435531509023,0.10099654510541034,0.01,22849,8,2.409096647342427,0.1541543337438264,2.6458799750600464e-05
1634,vascular_parenchyma,-0.11412539360162445,0.1047673844101045,0.01,22863,8,2.3765411674271304,0.1541553558136812,2.5003592417484515e-05
1635,vascular_parenchyma,-0.11065555853396374,0.10842734513651615,0.01,22877,8,2.3439857009296845,0.1541565311360206,2.638511887689798e-05
1636,vascular_parenchyma,-0.10706851587592665,0.1119725578276058,0.01,22891,8,2.31143025074086,0.1541578597060081,2.655943633994589e-05
1637,vascular_parenchyma,-0.10336805511300685,0.11539927406585498,0.01,22905,8,2.2788748197520143,0.15415934152729877,2.5109749177874285e-05
1638,vascular_parenchyma,-0.09955808545930103,0.11870387042470533,0.01,22919,8,2.2463194108566675,0.1541609766080322,2.6095172324786497e-05
1639,vascular_parenchyma,-0.09564263173550036,0.12188285228468222,0.01,22933,8,2.2137640269507006,0.15416276495313203,2.6720499842647106e-05
1640,vascular_parenchyma,-0.09162583012389831,0.12493285751060715,0.01,22947,8,2.1812086709305802,0.15416470655442338,2.544643258021005e-05
1641,vascular_parenchyma,-0.08751192380633632,0.1278506599869475,0.01,22961,8,2.148653345689263,0.15416680137952488,2.5697208392885225e-05
1642,vascular_parenchyma,-0.08330525849035751,0.13063317300816876,0.01,22975,8,2.1160980541095635,0.15416904935948972,2.681547149958309e-05
1643,vascular_parenchyma,-0.07901004515225485,0.13327730130188037,0.01,22989,8,2.0835427955957595,0.1541698580789567,2.5978917303990936e-05
1644,vascular_parenchyma,-0.07462982662491506,0.13577867782658384,0.01,23003,8,2.050987528936271,0.15416763443775944,2.5347998324099983e-05
1645,vascular_parenchyma,-0.0701693226362797,0.1381336240206048,0.01,23017,8,2.0184322435427693,0.15416556336651852,2.67562387304862e-05
1646,vascular_parenchyma,-0.0656351013519228,0.14034257525912464,0.01,23031,8,1.9858769421335827,0.15416364448323253,2.6380171587212387e-05
1647,vascular_parenchyma,-0.06103150142722468,0.14240288251482422,0.01,23045,8,1.9533216273330523,0.154161877271094,2.5144711658922884e-05
1648,vascular_parenchyma,-0.05636338972199338,0.1443123713090742,0.01,23059,8,1.9207663016408179,0.15416026105754121,2.6598363633086243e-05
1649,vascular_parenchyma,-0.05163570104605999,0.14606902617562728,0.01,23073,8,1.8882109673969336,0.15415879499832216,2.6586364938170767e-05
1650,vascular_parenchyma,-0.046853432975803994,0.14767099276157727,0.01,23087,8,1.8556556267442024,0.15415747807032545,2.512515569924734e-05
1651,vascular_parenchyma,-0.042021640610798106,0.14911657976893214,0.01,23101,8,1.823100281589995,0.1541563090770433,2.637196548793029e-05
1652,vascular_parenchyma,-0.03714543127518491,0.15040426073932614,0.01,23115,8,1.7905449335706114,0.15415528667002476,2.669928180529739e-05
1653,vascular_parenchyma,-0.03222995916727625,0.15153267568390819,0.01,23129,8,1.757989584021925,0.15415440938846972,2.5276464417685207e-05
1654,vascular_parenchyma,-0.027280419959787746,0.1525006325590892,0.01,23143,8,1.725434233960337,0.154153675717318,2.5963371708411442e-05
1655,vascular_parenchyma,-0.022302045352332704,0.15330710858677465,0.01,23157,8,1.6928788840779896,0.15415308416207796,2.6779667549744322e-05
1656,vascular_parenchyma,-0.017300097577542944,0.1539512514152564,0.01,23171,8,1.6603235347555603,0.15415263333641221,2.56574264187977e-05
1657,vascular_parenchyma,-0.012279863862504759,0.15443238011431262,0.01,23185,8,1.6277681860948945,0.15415232205600313,2.5484928038548717e-05
1658,vascular_parenchyma,-0.007246650848120566,0.15474998599512566,0.01,23199,8,1.595212837972002,0.15415214942927954,2.674365860047559e-05
1659,vascular_parenchyma,-0.002205778970657429,0.15490373324240836,0.01,23213,8,1.5626574901086028,0.15415211493285866,2.6070972694461793e-05
1660,vascular_parenchyma,0.002837423187601752,0.15489345934371765,0.01,23227,8,1.5301021421574872,0.154152218458954,2.5123186880994952e-05
1661,vascular_parenchyma,0.007877624568234569,0.15471917530161794,0.01,23241,8,1.4975467937943996,0.15415246032542315,2.6605317862225006e-05
1662,vascular_parenchyma,0.012909497313522296,0.15438106561982512,0.01,23255,8,1.4649914448077106,0.15415284124637527,2.6407215970562922e-05
1663,vascular_parenchyma,0.01792772243535815,0.15387948806365156,0.01,23269,8,1.4324360951776902,0.15415336226941753,2.5018875519313942e-05
1664,vascular_parenchyma,0.022926995462593348,0.15321497320418265,0.01,23283,8,1.3998807451392592,0.15415402469109787,2.6482940253062236e-05
1665,vascular_parenchyma,0.02790203205641676,0.1523882237608631,0.01,23297,8,1.3673253952249864,0.15415482996332297,2.658904792642449e-05
1666,vascular_parenchyma,0.032847573586930925,0.15140011375758214,0.01,23311,8,1.3347700462877243,0.15415577960161592,2.511020390623648e-05
1667,vascular_parenchyma,0.03775839266683372,0.1502516875047181,0.01,23325,8,1.302214699504354,0.1541568751031367,2.6244483387095855e-05
1668,vascular_parenchyma,0.042629298639764335,0.14894415841627723,0.01,23339,8,1.2696593563634597,0.15415811787969733,2.6770625888098012e-05
1669,vascular_parenchyma,0.04745514302173154,0.14747890766831706,0.01,23353,8,1.2371040186406494,0.15415950920867194,2.5415976457210946e-05
1670,vascular_parenchyma,0.05223082489429076,0.14585748270225193,0.01,23367,8,1.2045486883655503,0.15416105020250812,2.5871909888653053e-05
1671,vascular_parenchyma,0.05695129624783848,0.14408159557422265,0.01,23381,8,1.171993367784441,0.15416274179553893,2.6856486267038563e-05
1672,vascular_parenchyma,0.06161156727258108,0.14215312114968803,0.01,23395,8,1.1394380593219438,0.15416458474525835,2.588519975789304e-05
1673,vascular_parenchyma,0.066206711593644,0.14007409514109423,0.01,23409,8,1.1068827655444797,0.1541665796443589,2.544019617025351e-05
1674,vascular_parenchyma,0.07073187144566154,0.13784671198605167,0.01,23423,8,1.0743274891272916,0.15416872693964184,2.6794046336081485e-05
1675,vascular_parenchyma,0.07518225622301956,0.13547318391719096,0.01,23437,8,1.041772232018987,0.15417023050030368,2.6300859749743467e-05
1676,vascular_parenchyma,0.07955270079169889,0.1329547757887083,0.01,23451,8,1.0092169582914936,0.15416790596692037,2.5180772647219127e-05
1677,vascular_parenchyma,0.0838368521876319,0.13029231982445058,0.01,23465,8,0.9766616494641771,0.1541657345374324,2.6610573137901035e-05
1678,vascular_parenchyma,0.08803217863842512,0.12749268185787882,0.01,23479,8,0.9441063084117163,0.15416371630406897,2.650452598145371e-05
1679,vascular_parenchyma,0.09213419275460172,0.12455813271283382,0.01,23493,8,0.911550938023268,0.15416185131558313,2.505421929644704e-05
1680,vascular_parenchyma,0.09613856148325241,0.12149177702421711,0.01,23507,8,0.878995541194413,0.15416013959045946,2.636339544311868e-05
1681,vascular_parenchyma,0.1000410548804942,0.11829685841369961,0.01,23521,8,0.8464401208218143,0.15415858112860623,2.660281276067284e-05
1682,vascular_parenchyma,0.10383755057111281,0.11497675608009393,0.01,23535,8,0.8138846798003007,0.15415717592199102,2.5180468019293293e-05
1683,vascular_parenchyma,0.1075240380957139,0.11153498124527901,0.01,23549,8,0.7813292210221565,0.15415592396373973,2.6005504211279966e-05
1684,vascular_parenchyma,0.11109662314011728,0.1079751734587934,0.01,23563,8,0.7487737473781492,0.15415482525429286,2.671334529808172e-05
1685,vascular_parenchyma,0.11455153164109586,0.10430109676398526,0.01,23577,8,0.7162182617595173,0.15415387980313677,2.552952267842968e-05
1686,vascular_parenchyma,0.1178851137625265,0.10051663572929519,0.01,23591,8,0.6836627670598382,0.15415308762563956,2.5585284937379135e-05
1687,vascular_parenchyma,0.12109384773690501,0.09662579134955236,0.01,23605,8,0.6511072661757836,0.1541524487358865,2.6788411870202394e-05
1688,vascular_parenchyma,0.12417434356845572,0.09263267682320074,0.01,23619,8,0.6185517620060229,0.15415196313708066,2.6038921596186494e-05
1689,vascular_parenchyma,0.12712334659488322,0.08854151321148146,0.01,23633,8,0.5859962574479186,0.15415163081064334,2.5243498283239416e-05
1690,vascular_parenchyma,0.1299377409047282,0.084356624984979,0.01,23647,8,0.5534407553917612,0.15415145170414474,2.6707211465282724e-05
1691,vascular_parenchyma,0.1326145526066957,0.08008243546229583,0.01,23661,8,0.5208852587122658,0.15415142571743365,2.641422815559309e-05
1692,vascular_parenchyma,0.13515095294688337,0.07572346214549677,0.01,23675,8,0.48832977025682395,0.1541515526862241,2.507889726328029e-05
1693,vascular_parenchyma,0.1375442612699525,0.07128431195733062,0.01,23689,8,0.4557742928299259,0.1541518323628287,2.657054609802719e-05
1694,vascular_parenchyma,0.13979194782088858,0.06676967638580661,0.01,23703,8,0.42321882917311593,0.15415226439443877,2.6597563606824903e-05
1695,vascular_parenchyma,0.14189163638492044,0.062184326542195724,0.01,23717,8,0.3906633819400731,0.15415284830017925,2.509882342776017e-05
1696,vascular_parenchyma,0.14384110676426004,0.05753310813885972,0.01,23731,8,0.35810795366672543,0.1541535834490497,2.635272132798499e-05
1697,vascular_parenchyma,0.1456382970915368,0.05282093639340605,0.01,23745,8,0.3255525467369161,0.15415446904171987,2.6764208425428033e-05
1698,vascular_parenchyma,0.14728130598099876,0.048052790865494396,0.01,23759,8,0.29299716334483755,0.15415550409982806,2.5347519187194603e-05
1699,vascular_parenchyma,0.1487683945195405,0.043233710232102415,0.01,23773,8,0.26044180545634765,0.15415668746673158,2.5994994929321606e-05
1700,vascular_parenchyma,0.15009798810013616,0.03836878700622336,0.01,23787,8,0.22788647477209287,0.1541580178233914,2.6857677713664637e-05
1701,vascular_parenchyma,0.15126867810006103,0.033463162202874944,0.01,23801,8,0.19533117269612926,0.15415949372209584,2.5760641322239472e-05
1702,vascular_parenchyma,0.15227922340521316,0.028522019955158573,0.01,23815,8,0.1627759003140859,0.15416111363907797,2.5509746104051682e-05
1703,vascular_parenchyma,0.15312855177996318,0.023550582082157264,0.01,23829,8,0.1302206583849462,0.15416287604499818,2.6773359621279254e-05
1704,vascular_parenchyma,0.15381576107955805,0.01855410260999737,0.01,23843,8,0.09766544734996316,0.1541647794900658,2.6157149408465648e-05
1705,vascular_parenchyma,0.1543401202995317,0.013537862247520875,0.01,23857,8,0.06511026736125475,0.15416682269823329,2.5171828061211495e-05
1706,vascular_parenchyma,0.1547010704537858,0.008507162818727694,0.01,23871,8,0.03255511833100972,0.15416900466206762,2.657440792444527e-05
1707,vascular_parenchyma,0.15489822526975197,0.003467321655484577,0.01,23885,8,-1.7184765535277977e-15,0.15417132472671805,2.6374407882089827e-05
1708,vascular_parenchyma,0.14945596611938974,-0.001590113221644076,0.01,23899,9,-0.03396275275264199,0.14871999482433118,2.7459582755099872e-05
1709,vascular_parenchyma,0.149338038706248,-0.006652203920484807,0.01,23913,9,-0.06792566073667936,0.1487156428786775,2.7464956072504314e-05
1710,vascular_parenchyma,0.14902196101999649,-0.011718943579217482,0.01,23927,9,-0.10188869900404085,0.1487121303571385,2.7466139973923644e-05
1711,vascular_parenchyma,0.1485348666851478,-0.01677199501425211,0.01,23941,9,-0.13585184241673742,0.14870945828030477,2.7465675739289505e-05
1712,vascular_parenchyma,0.1478773173900165,-0.02180561249070526,0.01,23955,9,-0.16981506557405823,0.14870762791303493,2.7463489790369308e-05
1713,vascular_parenchyma,0.14705006729644743,-0.02681407254415653,0.01,23969,9,-0.20377834275973508,0.1487066406800879,2.745411762164046e-05
1714,vascular_parenchyma,0.14605406209340335,-0.031791680403100486,0.01,23983,9,-0.23774164791054275,0.14870649808128056,2.743477929260603e-05
1715,vascular_parenchyma,0.14489043784043826,-0.03673277636398504,0.01,23997,9,-0.27170495460565774,0.14870720161283085,2.741801722712643e-05
1716,vascular_parenchyma,0.14356051960944902,-0.04163174211427821,0.01,24011,9,-0.3056682360745406,0.14870875269982256,2.740425779620288e-05
1717,vascular_parenchyma,0.14206581993132975,-0.04648300699993873,0.01,24025,9,-0.339631465219965,0.14871115264329107,2.7390518591748636e-05
1718,vascular_parenchyma,0.14040803705245497,-0.051281054234263095,0.01,24039,9,-0.37359461465210325,0.14871440258370908,2.740104997753309e-05
1719,vascular_parenchyma,0.13858905300387778,-0.056020427045172336,0.01,24053,9,-0.4075576567293805,0.1487185034807365,2.7420185228993597e-05
1720,vascular_parenchyma,0.1366109314840879,-0.060695734757514705,0.01,24067,9,-0.441520563602121,0.14872345610744547,2.743153191535001e-05
1721,vascular_parenchyma,0.13447438907730175,-0.06530167087586065,0.01,24081,9,-0.475483417982383,0.14872044604684845,2.7433001410817406e-05
1722,vascular_parenchyma,0.13217511209731905,-0.06982884635111498,0.01,24095,9,-0.5094464330972751,0.1487158851449645,2.7433052047521634e-05
1723,vascular_parenchyma,0.12972364378194493,-0.07427454752833389,0.01,24109,9,-0.5434095891284249,0.14871217763800104,2.743160295037326e-05
1724,vascular_parenchyma,0.1271238408550057,-0.07863480247771339,0.01,24123,9,-0.5773728577408428,0.1487093238559135,2.743364370720594e-05
1725,vascular_parenchyma,0.1243782495847733,-0.08290464563661028,0.01,24137,9,-0.6113362105379001,0.14870732402829812,2.7437901791127468e-05
1726,vascular_parenchyma,0.12148999658691426,-0.08707922503149136,0.01,24151,9,-0.6452996190821317,0.1487061783035558,2.7442508013654983e-05
1727,vascular_parenchyma,0.11846236924421066,-0.09115379624373728,0.01,24165,9,-0.6792630549114629,0.14870588676582674,2.7453832311458442e-05
1728,vascular_parenchyma,0.1152988120380393,-0.0951237277244099,0.01,24179,9,-0.7132264895514325,0.14870644944991224,2.747687187030349e-05
1729,vascular_parenchyma,0.1120029227023174,-0.09898450598440055,0.01,24193,9,-0.7471898945238729,0.14870786635461614,2.7498360456467446e-05
1730,vascular_parenchyma,0.10857844820450452,-0.10273174065407194,0.01,24207,9,-0.7811532413524417,0.14871013745436099,2.751811976955379e-05
1731,vascular_parenchyma,0.1050292805577886,-0.10636116940625084,0.01,24221,9,-0.8151165015655758,0.14871326270786617,2.7533127577708606e-05
1732,vascular_parenchyma,0.10135945246810565,-0.10986866273573442,0.01,24235,9,-0.8490796466978816,0.14871724206210024,2.751261261351039e-05
1733,vascular_parenchyma,0.09757313281998004,-0.1132502285880824,0.01,24249,9,-0.8830426482913917,0.1487220754504083,2.7486382644958437e-05
1734,vascular_parenchyma,0.09367361457265411,-0.11650155050204503,0.01,24263,9,-0.9170055369078484,0.14872135216926763,2.7461311828117805e-05
1735,vascular_parenchyma,0.08966171622001834,-0.1196138633547066,0.01,24277,9,-0.9509685526502318,0.14871667470500707,2.7434859993703073e-05
1736,vascular_parenchyma,0.08554515529545437,-0.12258541428083553,0.01,24291,9,-0.9849317000847816,0.14871285119746178,2.7410741599698738e-05
1737,vascular_parenchyma,0.08133137597648403,-0.12541650979809327,0.01,24305,9,-1.0188949507810698,0.14870988160626747,2.7404813715179954e-05
1738,vascular_parenchyma,0.07702443090384918,-0.1281035605811029,0.01,24319,9,-1.0528582763318453,0.14870776581200879,2.7397288226602706e-05
1739,vascular_parenchyma,0.07262922030638384,-0.13064351615003908,0.01,24333,9,-1.0868216483723498,0.1487065035973712,2.7391435551358905e-05
1740,vascular_parenchyma,0.06815074379157343,-0.13303349193864214,0.01,24347,9,-1.12078503860457,0.14870609462652287,2.7396991637174847e-05
1741,vascular_parenchyma,0.06359409474476756,-0.13527077249610142,0.01,24361,9,-1.1547484188267776,0.14870653842393705,2.740102467521714e-05
1742,vascular_parenchyma,0.05896445462788259,-0.1373528144995882,0.01,24375,9,-1.1887117609683024,0.14870783435459212,2.7403497053345625e-05
1743,vascular_parenchyma,0.05426708718495794,-0.13927724957639215,0.01,24389,9,-1.2226750371288793,0.14870998160812143,2.7399656899900435e-05
1744,vascular_parenchyma,0.04950733256174967,-0.14104188693561745,0.01,24403,9,-1.2566382196211514,0.14871297918997956,2.7384872010545e-05
1745,vascular_parenchyma,0.04469060134611311,-0.14264471581022792,0.01,24417,9,-1.2906012810140544,0.14871682592290414,2.737459199899671e-05
1746,vascular_parenchyma,0.03982236853523224,-0.14408390771071,0.01,24431,9,-1.3245641941739303,0.14872152046172163,2.7394006482930365e-05
1747,vascular_parenchyma,0.03490772267373239,-0.14535728597843467,0.01,24445,9,-1.3585269555530566,0.14872305469146896,2.7420911561192572e-05
1748,vascular_parenchyma,0.029951116185854578,-0.14645899357631442,0.01,24459,9,-1.3924898017982903,0.14871822091722123,2.7446569652484435e-05
1749,vascular_parenchyma,0.024959217541127215,-0.14738603071194684,0.01,24473,9,-1.4264527807281409,0.14871423037607862,2.747040388088774e-05
1750,vascular_parenchyma,0.01993970642055157,-0.14814485463591665,0.01,24487,9,-1.4604158665334424,0.14871108172934114,2.7486909634557887e-05
1751,vascular_parenchyma,0.01489752579260929,-0.1487336223374862,0.01,24501,9,-1.4943790337187641,0.14870877378608113,2.749342302884933e-05
1752,vascular_parenchyma,0.009838410309668411,-0.14915166925376117,0.01,24515,9,-1.528342257056639,0.14870730558696818,2.7497985648814456e-05
1753,vascular_parenchyma,0.004768113687495475,-0.14939852367602122,0.01,24529,9,-1.562305511521319,0.14870667647937838,2.750079990028739e-05
1754,vascular_parenchyma,-0.00030759777530884827,-0.1494739073519862,0.01,24543,9,-1.596268772205408,0.14870688617307373,2.750559684812242e-05
1755,vascular_parenchyma,-0.005382951704924957,-0.14937773584745745,0.01,24557,9,-1.6302320142256477,0.14870793476632846,2.7501540115951218e-05
1756,vascular_parenchyma,-0.01045217617424106,-0.14911011865640098,0.01,24571,9,-1.6641952126264,0.14870982273701994,2.749960135859481e-05
1757,vascular_parenchyma,-0.015509506224090244,-0.14867135905524867,0.01,24585,9,-1.6981583422899205,0.14871255090055643,2.7495927545250615e-05
1758,vascular_parenchyma,-0.020549190368727127,-0.1480619537060607,0.01,24599,9,-1.7321213778610014,0.1487161203429448,2.749047002159091e-05
1759,vascular_parenchyma,-0.025565497072702014,-0.147282592019949,0.01,24613,9,-1.7660842936908143,0.14872053233995114,2.748068431439336e-05
1760,vascular_parenchyma,-0.030552791045292675,-0.14633388664064526,0.01,24627,9,-1.8000470673693696,0.14872418524261694,2.745872609861215e-05
1761,vascular_parenchyma,-0.035505311251968215,-0.14521398744178,0.01,24641,9,-1.834009896328366,0.14871906736988583,2.7433876804381267e-05
1762,vascular_parenchyma,-0.04041468662699291,-0.14391832581223693,0.01,24655,9,-1.8679728869595453,0.14871479657882808,2.740771335070323e-05
1763,vascular_parenchyma,-0.04527704244230091,-0.14245919691785577,0.01,24669,9,-1.9019360122911366,0.14871137428730932,2.7382941583383623e-05
1764,vascular_parenchyma,-0.050087214015615694,-0.14083664336622218,0.01,24683,9,-1.9358992450356434,0.14870880175844686,2.73767486636715e-05
1765,vascular_parenchyma,-0.054839734147023485,-0.13905251739711202,0.01,24697,9,-1.9698625576284137,0.14870708007830277,2.7392572337561836e-05
1766,vascular_parenchyma,-0.059529200884484906,-0.13710885323565059,0.01,24711,9,-2.0038259222703023,0.14870621014815208,2.7403458337852313e-05
1767,vascular_parenchyma,-0.06415028354579255,-0.13500786481009705,0.01,24725,9,-2.037789310970915,0.14870619268860322,2.7402449292740297e-05
1768,vascular_parenchyma,-0.06869772866641627,-0.13275194328129136,0.01,24739,9,-2.0717526955897165,0.14870702825234616,2.7399212063602823e-05
1769,vascular_parenchyma,-0.07316636586712465,-0.13034365438250653,0.01,24753,9,-2.1057160478731785,0.14870871724231532,2.7394346058141133e-05
1770,vascular_parenchyma,-0.07755111363458993,-0.12778573556898154,0.01,24767,9,-2.1396793394869404,0.14871125993243026,2.7392092145018264e-05
1771,vascular_parenchyma,-0.08184698500776826,-0.1250810929772819,0.01,24781,9,-2.173642542042656,0.14871465648865725,2.740123467515977e-05
1772,vascular_parenchyma,-0.08604909316269765,-0.12223279819566317,0.01,24795,9,-2.207605627119699,0.14871890698882206,2.7408100511985578e-05
1773,vascular_parenchyma,-0.0901526568884533,-0.11924408484767922,0.01,24809,9,-2.241568566282196,0.1487240114403681,2.7422070969304126e-05
1774,vascular_parenchyma,-0.0941526097966793,-0.11611658497639284,0.01,24823,9,-2.275531486303007,0.14871955233001266,2.744794165276293e-05
1775,vascular_parenchyma,-0.09803790724650689,-0.11284754931004927,0.01,24837,9,-2.309494563147464,0.1487151459618678,2.7474122164930368e-05
1776,vascular_parenchyma,-0.10181036107891807,-0.10945033497749367,0.01,24851,9,-2.343457769299924,0.1487115936629494,2.7498615238633338e-05
1777,vascular_parenchyma,-0.10546583198833875,-0.105927810759204,0.01,24865,9,-2.3774210762985364,0.1487088954925074,2.752726206753839e-05
1778,vascular_parenchyma,-0.10900013303674065,-0.1022838526804994,0.01,24879,9,-2.4113844556747654,0.1487070514975028,2.7527374437657874e-05
1779,vascular_parenchyma,-0.11240924934738096,-0.09852260779113502,0.01,24893,9,-2.445347878954602,0.1487060617115373,2.7508452159322508e-05
1780,vascular_parenchyma,-0.11568930734878952,-0.09464835531840053,0.01,24907,9,-2.479311317660651,0.1487059261484059,2.7487835916201933e-05
1781,vascular_parenchyma,-0.1188365791038475,-0.09066550186568284,0.01,24921,9,-2.5132747433163267,0.14870664479179532,2.7465575331017567e-05
1782,vascular_parenchyma,-0.12184748647288332,-0.0865785764685079,0.01,24935,9,-2.5472381274529527,0.14870821758271444,2.744926196661913e-05
1783,vascular_parenchyma,-0.1247186051071441,-0.0823922255149688,0.01,24949,9,-2.581201441620212,0.148710644405353,2.7439567572534523e-05
1784,vascular_parenchyma,-0.12744666826859552,-0.07811120753672174,0.01,24963,9,-2.615164657400374,0.14871392507118303,2.743595507537933e-05
1785,vascular_parenchyma,-0.1300285704715676,-0.07374038787643032,0.01,24977,9,-2.6491277464267955,0.14871805930092888,2.743172282798076e-05
1786,vascular_parenchyma,-0.13246137094190674,-0.0692847332378437,0.01,24991,9,-2.683090680407267,0.14872304670451494,2.7432524657309034e-05
1787,vascular_parenchyma,-0.13474144300033192,-0.06474821228406766,0.01,25005,9,-2.717053523625945,0.14872087355597863,2.7433193010723946e-05
1788,vascular_parenchyma,-0.13685931192049758,-0.06013339247649762,0.01,25019,9,-2.751016501538759,0.14871634681288834,2.7432470147286944e-05
1789,vascular_parenchyma,-0.13881794373910927,-0.05544954119637838,0.01,25033,9,-2.7849796007249332,0.1487126714188207,2.742787978386943e-05
1790,vascular_parenchyma,-0.1406175251485842,-0.050702711986379455,0.01,25047,9,-2.8189427934374347,0.14870984650731883,2.7410819333951075e-05
1791,vascular_parenchyma,-0.1422556588557719,-0.04589787942951596,0.01,25061,9,-2.8529060521592013,0.14870787102788838,2.7396019085152773e-05
1792,vascular_parenchyma,-0.14373048642595337,-0.04104050855758766,0.01,25075,9,-2.886869349645509,0.14870674375895743,2.7396867834012196e-05
1793,vascular_parenchyma,-0.1450403334935835,-0.036136123575068894,0.01,25089,9,-2.9208326589615683,0.14870646333624166,2.7411322843548613e-05
1794,vascular_parenchyma,-0.14618371166448232,-0.03119030170182925,0.01,25103,9,-2.954795953511208,0.1487070282974863,2.7425493538278048e-05
1795,vascular_parenchyma,-0.1471593202301349,-0.02620866695509478,0.01,25117,9,-2.988759207052446,0.14870843714276616,2.7444616212649304e-05
1796,vascular_parenchyma,-0.14796604769106242,-0.021196883873630355,0.01,25131,9,-3.0227223936961876,0.14871068840769966,2.7460611962938435e-05
1797,vascular_parenchyma,-0.14860297308419043,-0.016160651187247587,0.01,25145,9,-3.0566854878852445,0.1487137807453509,2.746479779091395e-05
1798,vascular_parenchyma,-0.14906936710734242,-0.011105695435399236,0.01,25159,9,-3.090648464352188,0.1487177130110205,2.7466122100188065e-05
1799,vascular_parenchyma,-0.14936469303214472,-0.0060377645396644105,0.01,25173,9,-3.124611298056439,0.14872248434204183,2.7465731031901234e-05
1800,vascular_parenchyma,-0.14948773975074928,-0.0009621843839011305,0.01,25187,9,3.124611298056437,0.14872248434204183,2.746341646322364e-05
1801,vascular_parenchyma,-0.14943270465906655,0.004115095130349554,0.01,25201,9,3.0906484643521863,0.1487177130110206,2.7463416463223246e-05
1802,vascular_parenchyma,-0.14920140303931806,0.009186924969783699,0.01,25215,9,3.0566854878852427,0.14871378074535105,2.74657310319013e-05
1803,vascular_parenchyma,-0.14879975896344555,0.014247539875394774,0.01,25229,9,3.0227223936961862,0.14871068840769985,2.7466122100187912e-05
1804,vascular_parenchyma,-0.14822735499886328,0.019291591316084475,0.01,25243,9,2.988759207052444,0.1487084371427664,2.7464797790913972e-05
1805,vascular_parenchyma,-0.1474848491666785,0.024313343887254313,0.01,25257,9,2.9547959535112063,0.14870702829748655,2.74606119629386e-05
1806,vascular_parenchyma,-0.1465730915151638,0.02930708767057702,0.01,25271,9,2.9208326589615665,0.14870646333624193,2.7444616212649416e-05
1807,vascular_parenchyma,-0.14549312306785087,0.034267144633567684,0.01,25285,9,2.8868693496455076,0.14870674375895773,2.7425493538278045e-05
1808,vascular_parenchyma,-0.14424617456573754,0.039187874979378985,0.01,25299,9,2.8529060521592,0.14870787102788866,2.7411322843548684e-05
1809,vascular_parenchyma,-0.14283366501112482,0.04406368344275243,0.01,25313,9,2.818942793437434,0.14870984650731917,2.7396867834011982e-05
1810,vascular_parenchyma,-0.14125720001887213,0.0488890255288234,0.01,25327,9,2.784979600724933,0.148712671418821,2.7396019085152607e-05
1811,vascular_parenchyma,-0.13951856997897877,0.05365841369182654,0.01,25341,9,2.7510165015387584,0.14871634681288864,2.7410819333951068e-05
1812,vascular_parenchyma,-0.1376197480323457,0.058366423450546094,0.01,25355,9,2.717053523625944,0.14872087355597896,2.7427879783869753e-05
1813,vascular_parenchyma,-0.13556233292834047,0.06300771335807795,0.01,25369,9,2.6830906804072665,0.14872304670451528,2.7432470147287283e-05
1814,vascular_parenchyma,-0.13334494788686138,0.06757552132880228,0.01,25383,9,2.649127746426795,0.1487180593009292,2.743319301072401e-05
1815,vascular_parenchyma,-0.13096794209763274,0.07206206024838378,0.01,25397,9,2.6151646574003737,0.14871392507118336,2.7432524657309067e-05
1816,vascular_parenchyma,-0.1284421546372864,0.07646566948337064,0.01,25411,9,2.5812014416202116,0.14871064440535328,2.7431722827980968e-05
1817,vascular_parenchyma,-0.12576907690266462,0.08078133154982291,0.01,25425,9,2.5472381274529527,0.1487082175827147,2.7435955075378956e-05
1818,vascular_parenchyma,-0.1229517538088518,0.08500414272768966,0.01,25439,9,2.513274743316327,0.14870664479179554,2.7439567572533934e-05
1819,vascular_parenchyma,-0.11999339280400725,0.08912930414966443,0.01,25453,9,2.4793113176606507,0.14870592614840608,2.7449261966619063e-05
1820,vascular_parenchyma,-0.1168973602913196,0.09315212717592217,0.01,25467,9,2.445347878954602,0.14870606171153747,2.746557533101776e-05
1821,vascular_parenchyma,-0.11366717787118702,0.09706803864730869,0.01,25481,9,2.411384455674765,0.14870705149750288,2.7487835916201722e-05
1822,vascular_parenchyma,-0.11030651840818172,0.10087258601097437,0.01,25495,9,2.377421076298536,0.14870889549250746,2.7508452159322413e-05
1823,vascular_parenchyma,-0.10681920192716911,0.10456144231247622,0.01,25509,9,2.3434577692999237,0.14871159366294937,2.7527374437657847e-05
1824,vascular_parenchyma,-0.10320919134241834,0.10813041104785495,0.01,25523,9,2.309494563147464,0.14871514596186777,2.752726206753814e-05
1825,vascular_parenchyma,-0.09948058802344134,0.11157543086859116,0.01,25537,9,2.275531486303007,0.14871955233001258,2.7498615238633006e-05
1826,vascular_parenchyma,-0.09563750030792892,0.11489252402031133,0.01,25551,9,2.2415685662821963,0.148724011440368,2.7474122164930192e-05
1827,vascular_parenchyma,-0.09168230134114912,0.11807654700942317,0.01,25565,9,2.207605627119699,0.14871890698882195,2.7447941652762943e-05
1828,vascular_parenchyma,-0.08761560466096369,0.1211168477881965,0.01,25579,9,2.1736425420426557,0.14871465648865712,2.7422070969304353e-05
1829,vascular_parenchyma,-0.08345021323510703,0.12401877080417424,0.01,25593,9,2.1396793394869396,0.1487112599324301,2.7408100511985646e-05
1830,vascular_parenchyma,-0.07918924492889946,0.12677823549031958,0.01,25607,9,2.1057160478731776,0.14870871724231516,2.7401234675159822e-05
1831,vascular_parenchyma,-0.07483754821496859,0.12939210966919007,0.01,25621,9,2.0717526955897156,0.14870702825234597,2.739209214501829e-05
1832,vascular_parenchyma,-0.07040007370505597,0.13185742540563486,0.01,25635,9,2.037789310970915,0.14870619268860302,2.7394346058141014e-05
1833,vascular_parenchyma,-0.06588186860224396,0.13417138230266004,0.01,25649,9,2.0038259222703023,0.1487062101481519,2.7399212063602725e-05
1834,vascular_parenchyma,-0.06128807104899523,0.13633135060887316,0.01,25663,9,1.969862557628413,0.14870708007830263,2.740244929274059e-05
1835,vascular_parenchyma,-0.05662390437836216,0.13833487413591952,0.01,25677,9,1.9358992450356427,0.14870880175844672,2.7403458337852557e-05
1836,vascular_parenchyma,-0.051894671275666264,0.14017967298536882,0.01,25691,9,1.9019360122911362,0.14871137428730918,2.7392572337561917e-05
1837,vascular_parenchyma,-0.04710574785765081,0.14186364608544708,0.01,25705,9,1.867972886959545,0.14871479657882794,2.737674866367141e-05
1838,vascular_parenchyma,-0.04226257767554407,0.14338487353869403,0.01,25719,9,1.8340098963283649,0.14871906736988572,2.738294158338384e-05
1839,vascular_parenchyma,-0.03737066564766707,0.14474161878184724,0.01,25733,9,1.8000470673693696,0.14872418524261688,2.7407713350703256e-05
1840,vascular_parenchyma,-0.03243452651920427,0.14593103427526338,0.01,25747,9,1.7660842936908139,0.14872053233995114,2.7433876804381026e-05
1841,vascular_parenchyma,-0.02745885280633781,0.14694333000135892,0.01,25761,9,1.7321213778610007,0.14871612034294474,2.7458726098612358e-05
1842,vascular_parenchyma,-0.022452652725302624,0.1477866506526983,0.01,25775,9,1.6981583422899191,0.1487125509005564,2.7480684314393706e-05
1843,vascular_parenchyma,-0.017421091463132556,0.148460541554852,0.01,25789,9,1.6641952126263986,0.14870982273701996,2.7490470021591116e-05
1844,vascular_parenchyma,-0.012369725233590076,0.14896401989663288,0.01,25803,9,1.6302320142256463,0.1487079347663285,2.7495927545250595e-05
1845,vascular_parenchyma,-0.0073042990283657665,0.1492965174516276,0.01,25817,9,1.596268772205407,0.14870688617307373,2.7499601358594623e-05
1846,vascular_parenchyma,-0.0022305736664173974,0.14945765917772427,0.01,25831,9,1.5623055115213176,0.14870667647937844,2.7501540115951116e-05
1847,vascular_parenchyma,0.0028456807014893776,0.14944726370082947,0.01,25845,9,1.5283422570566383,0.14870730558696826,2.7505596848122234e-05
1848,vascular_parenchyma,0.007918691109320725,0.14926534355186488,0.01,25859,9,1.4943790337187635,0.14870877378608116,2.7500799900287342e-05
1849,vascular_parenchyma,0.012982688299301163,0.14891210514898667,0.01,25873,9,1.4604158665334415,0.14871108172934122,2.7497985648814623e-05
1850,vascular_parenchyma,0.01803191323706457,0.14838794852530698,0.01,25887,9,1.42645278072814,0.14871423037607875,2.749342302884939e-05
1851,vascular_parenchyma,0.023060623604265272,0.1476934668106642,0.01,25901,9,1.3924898017982896,0.14871822091722137,2.7486909634557904e-05
1852,vascular_parenchyma,0.02806310025741016,0.14682944548042753,0.01,25915,9,1.3585269555530557,0.14872305469146907,2.7470403880887694e-05
1853,vascular_parenchyma,0.03303394715833632,0.14579564733829634,0.01,25929,9,1.3245641941739295,0.14872152046172182,2.744656965248462e-05
1854,vascular_parenchyma,0.037965525872409964,0.14458675717654418,0.01,25943,9,1.2906012810140537,0.14871682592290428,2.742091156119249e-05
1855,vascular_parenchyma,0.042852043909032335,0.14320929798873422,0.01,25957,9,1.256638219621151,0.1487129791899797,2.739400648293023e-05
1856,vascular_parenchyma,0.04768899483794417,0.1416682366734665,0.01,25971,9,1.2226750371288784,0.14870998160812157,2.7374591998997017e-05
1857,vascular_parenchyma,0.05247102014690126,0.1399646539366781,0.01,25985,9,1.1887117609683018,0.14870783435459226,2.7384872010545224e-05
1858,vascular_parenchyma,0.05719268450301998,0.13810049328516882,0.01,25999,9,1.154748418826777,0.1487065384239372,2.7399656899900415e-05
1859,vascular_parenchyma,0.061848620841211524,0.13607787909327254,0.01,26013,9,1.1207850386045688,0.14870609462652298,2.7403497053345692e-05
1860,vascular_parenchyma,0.06643353634975711,0.13389911422661882,0.01,26027,9,1.0868216483723483,0.14870650359737134,2.740102467521725e-05
1861,vascular_parenchyma,0.07094221837882489,0.13156667747692063,0.01,26041,9,1.0528582763318437,0.1487077658120089,2.7396991637174965e-05
1862,vascular_parenchyma,0.0753695402654476,0.12908322080673287,0.01,26055,9,1.018894950781069,0.14870988160626755,2.7391435551358776e-05
1863,vascular_parenchyma,0.0797104670679257,0.1264515664038557,0.01,26069,9,0.9849317000847806,0.14871285119746183,2.7397288226602598e-05
1864,vascular_parenchyma,0.0839600612023399,0.12367470354602253,0.01,26083,9,0.9509685526502312,0.14871667470500713,2.740481371517992e-05
1865,vascular_parenchyma,0.08811348797382579,0.1207557852775688,0.01,26097,9,0.9170055369078476,0.1487213521692677,2.74107415996987e-05
1866,vascular_parenchyma,0.09216585213903306,0.11769730958935436,0.01,26111,9,0.8830426482913907,0.1487220754504084,2.743485999370332e-05
1867,vascular_parenchyma,0.09610934317776922,0.11449877712529723,0.01,26125,9,0.8490796466978802,0.1487172420621003,2.7461311828118167e-05
1868,vascular_parenchyma,0.09993847942771399,0.11116480046377132,0.01,26139,9,0.8151165015655746,0.1487132627078662,2.7486382644958536e-05
1869,vascular_parenchyma,0.10365298674563171,0.10770450572798317,0.01,26153,9,0.7811532413524406,0.148710137454361,2.7512612613510325e-05
1870,vascular_parenchyma,0.10724838323264942,0.10412075463331007,0.01,26167,9,0.7471898945238714,0.14870786635461614,2.7533127577708816e-05
1871,vascular_parenchyma,0.1107205850337381,0.10041762638696516,0.01,26181,9,0.7132264895514308,0.1487064494499122,2.7518119769554165e-05
1872,vascular_parenchyma,0.11406564737385647,0.0965993347188914,0.01,26195,9,0.6792630549114609,0.14870588676582674,2.749836045646774e-05
1873,vascular_parenchyma,0.1172797689685483,0.09267022315423788,0.01,26209,9,0.6452996190821293,0.14870617830355576,2.7476871870303638e-05
1874,vascular_parenchyma,0.12035929627044348,0.0886347601396819,0.01,26223,9,0.6113362105378977,0.14870732402829806,2.7453832311458686e-05
1875,vascular_parenchyma,0.1233007275480106,0.08449753403082645,0.01,26237,9,0.5773728577408402,0.14870932385591346,2.7442508013654888e-05
1876,vascular_parenchyma,0.12610071679277932,0.08026324794717936,0.01,26251,9,0.5434095891284221,0.14871217763800096,2.7437901791127424e-05
1877,vascular_parenchyma,0.12875607745067744,0.07593671450061973,0.01,26265,9,0.5094464330972731,0.14871588514496442,2.7433643707205696e-05
1878,vascular_parenchyma,0.13126378597293947,0.07152285040330265,0.01,26279,9,0.4754834179823807,0.1487204460468483,2.7431602950373144e-05
1879,vascular_parenchyma,0.1336207347179054,0.06702633849648977,0.01,26293,9,0.44152056360211855,0.14872345610744542,2.743305204752178e-05
1880,vascular_parenchyma,0.1358213313100151,0.062450421735901075,0.01,26307,9,0.4075576567293778,0.14871850348073642,2.7433001410817643e-05
1881,vascular_parenchyma,0.13785824111558193,0.057799514165161714,0.01,26321,9,0.3735946146521004,0.14871440258370902,2.7431531915350167e-05
1882,vascular_parenchyma,0.13973779257586022,0.05308371588604396,0.01,26335,9,0.3396314652199619,0.148711152643291,2.742018522899385e-05
1883,vascular_parenchyma,0.14145689394907313,0.04830720584424651,0.01,26349,9,0.3056682360745375,0.14870875269982248,2.7401049977533157e-05
1884,vascular_parenchyma,0.14301359553727636,0.043475417194602864,0.01,26363,9,0.27170495460565514,0.1487072016128308,2.739051859174862e-05
1885,vascular_parenchyma,0.14440613068899197,0.03859384531903623,0.01,26377,9,0.23774164791053987,0.1487064980812805,2.7404257796202748e-05
1886,vascular_parenchyma,0.14563291779463905,0.033668041701082306,0.01,26391,9,0.20377834275973197,0.14870664068008782,2.7418017227126576e-05
1887,vascular_parenchyma,0.14669256209501141,0.028703607738098217,0.01,26405,9,0.16981506557405524,0.1487076279130349,2.7434779292606003e-05
1888,vascular_parenchyma,0.14758385730082427,0.02370618849425779,0.01,26419,9,0.13585184241673431,0.14870945828030474,2.7454117621640436e-05
1889,vascular_parenchyma,0.14830578701922353,0.0186814663972527,0.01,26433,9,0.10188869900403738,0.14871213035713854,2.7463489790369457e-05
1890,vascular_parenchyma,0.14885752598123486,0.013635154882043166,0.01,26447,9,0.06792566073667598,0.1487156428786775,2.7465675739289586e-05
1891,vascular_parenchyma,0.149238441062458,0.00857299198588299,0.01,26461,9,0.03396275275263822,0.1487199948243312,2.746613997392372e-05
1892,vascular_parenchyma,0.14944809208729684,0.0035007339000486227,0.01,26475,9,-1.5709700302074057e-15,0.14872518549257135,2.7464191595181154e-05
1893,vascular_parenchyma,0.1440245800384957,-0.0015908081190915153,0.01,26489,10,-0.035101088592679124,0.1432882194195159,2.7266585663431996e-05
1894,vascular_parenchyma,0.1439014759326299,-0.006631777460539124,0.01,26503,10,-0.07020248467393031,0.1432828986623089,2.7274667325771848e-05
1895,vascular_parenchyma,0.1435753628788207,-0.011677197224740981,0.01,26517,10,-0.1053041029275577,0.14327935186664764,2.7277772497000886e-05
1896,vascular_parenchyma,0.14307417048386858,-0.016708116529777457,0.01,26531,10,-0.14040585781407472,0.1432775800716373,2.7276010582290494e-05
1897,vascular_parenchyma,0.14239850675502083,-0.021718512243051807,0.01,26545,10,-0.17550766350455904,0.14327758449651365,2.726942184538211e-05
1898,vascular_parenchyma,0.14154918561470872,-0.026702385780377785,0.01,26559,10,-0.21060943383489497,0.14327936646634776,2.7258007318266865e-05
1899,vascular_parenchyma,0.14052722586122107,-0.03165377010159542,0.01,26573,10,-0.24571108228183944,0.1432829273367302,2.724080953586556e-05
1900,vascular_parenchyma,0.1393338498952111,-0.036566736655853034,0.01,26587,10,-0.2808125219604061,0.14328826842250122,2.7232020715243705e-05
1901,vascular_parenchyma,0.13797034538949518,-0.04143542564347174,0.01,26601,10,-0.3159136665622091,0.14329459266780933,2.7248306113750204e-05
1902,vascular_parenchyma,0.13643510050084215,-0.04625407643158833,0.01,26615,10,-0.35101485762547435,0.14328753815360928,2.726665754060576e-05
1903,vascular_parenchyma,0.13471918755785178,-0.051011405705235366,0.01,26629,10,-0.38611636300933216,0.14328226777425393,2.7280162227357686e-05
1904,vascular_parenchyma,0.13284172902373156,-0.055705835185466096,0.01,26643,10,-0.4212180945556425,0.143278782732447,2.7288858264674757e-05
1905,vascular_parenchyma,0.13080236896876374,-0.06033209580635452,0.01,26657,10,-0.4563199638253282,0.14327708400346215,2.7292576885087767e-05
1906,vascular_parenchyma,0.12860355585273678,-0.06488465196219559,0.01,26671,10,-0.4914218821556955,0.14327717233878226,2.728175800802751e-05
1907,vascular_parenchyma,0.1262479258876149,-0.06935805512397869,0.01,26685,10,-0.5265237607156716,0.14327904827745017,2.7267959799094337e-05
1908,vascular_parenchyma,0.12373829998232862,-0.0737469501645547,0.01,26699,10,-0.5616255105569811,0.14328271216242414,2.7268633175686216e-05
1909,vascular_parenchyma,0.12107768047864594,-0.0780460815812742,0.01,26713,10,-0.596727042660122,0.14328816415946916,2.727235021896338e-05
1910,vascular_parenchyma,0.11826897312183016,-0.08225025902636211,0.01,26727,10,-0.6318282718510029,0.14329380822981233,2.727111479662307e-05
1911,vascular_parenchyma,0.11531206540355238,-0.08635307054403284,0.01,26741,10,-0.6669295723265697,0.1432868772239575,2.726512632968471e-05
1912,vascular_parenchyma,0.11220327482545389,-0.09034195591807404,0.01,26755,10,-0.7020311737679774,0.14328173461211657,2.7254391102649856e-05
1913,vascular_parenchyma,0.10896033719868937,-0.09422084686516545,0.01,26769,10,-0.7371329870362133,0.1432783806251284,2.7239492782794928e-05
1914,vascular_parenchyma,0.10558468670019824,-0.09798464921344031,0.01,26783,10,-0.7722349229534919,0.1432768154046757,2.723432665873347e-05
1915,vascular_parenchyma,0.10208036957331414,-0.10162886139645332,0.01,26797,10,-0.8073368923212395,0.14327703901400907,2.7257184131183825e-05
1916,vascular_parenchyma,0.09845158362964167,-0.10514912298618347,0.01,26811,10,-0.8424388059355264,0.14327905144367287,2.7275497389355044e-05
1917,vascular_parenchyma,0.09470267336099134,-0.10854121976726697,0.01,26825,10,-0.8775405746017318,0.14328285261062515,2.729136949247343e-05
1918,vascular_parenchyma,0.09083812487751373,-0.1118010886379271,0.01,26839,10,-0.9126421091504865,0.14328844235099433,2.730111064880748e-05
1919,vascular_parenchyma,0.08686218818380914,-0.11492463653708355,0.01,26853,10,-0.9477433293775392,0.1432934266431093,2.729120163663216e-05
1920,vascular_parenchyma,0.08277653259031253,-0.11790520547930751,0.01,26867,10,-0.982844639731882,0.14328663354367419,2.726413347509161e-05
1921,vascular_parenchyma,0.07858250324124813,-0.12073100773035575,0.01,26881,10,-1.0179462346132526,0.14328162856859974,2.7248933551643115e-05
1922,vascular_parenchyma,0.07429501125141094,-0.1234105187803892,0.01,26895,10,-1.0530480249776197,0.14327841167017996,2.725743202484456e-05
1923,vascular_parenchyma,0.06991712401444658,-0.12593940811910814,0.01,26909,10,-1.0881499218219437,0.14327698263797392,2.7261703439004676e-05
1924,vascular_parenchyma,0.06545408581140513,-0.12831465349070734,0.01,26923,10,-1.123251836225968,0.14327734107955245,2.726254581957887e-05
1925,vascular_parenchyma,0.06091124112856925,-0.13053341376181027,0.01,26937,10,-1.1583536793995215,0.14327948640225976,2.725862075266527e-05
1926,vascular_parenchyma,0.056294028441817454,-0.13259303220053725,0.01,26951,10,-1.193455362734734,0.14328341779815,2.724987418756753e-05
1927,vascular_parenchyma,0.0516079738980206,-0.1344910395464492,0.01,26965,10,-1.22855679786181,0.1432891342346242,2.723632962900531e-05
1928,vascular_parenchyma,0.046858289788848435,-0.13622476709241227,0.01,26979,10,-1.2636579126613583,0.1432934427843902,2.724873898942381e-05
1929,vascular_parenchyma,0.042048589961177885,-0.13778783470893888,0.01,26993,10,-1.298759138662126,0.14328676560402256,2.7270888156685063e-05
1930,vascular_parenchyma,0.03718431001620112,-0.13917097850337007,0.01,27007,10,-1.3338606388564678,0.14328186955014524,2.7290875118247912e-05
1931,vascular_parenchyma,0.03227654013827165,-0.1403859274200609,0.01,27021,10,-1.3689623261001234,0.14327875338623203,2.7303988456341875e-05
1932,vascular_parenchyma,0.02732963658650813,-0.1414296176922486,0.01,27035,10,-1.4040641135980079,0.14327741578798686,2.729872861086229e-05
1933,vascular_parenchyma,0.02234952339924336,-0.14230080449936222,0.01,27049,10,-1.4391659149160618,0.1432778554084877,2.727544113563812e-05
1934,vascular_parenchyma,0.017342163751430825,-0.1429984464945514,0.01,27063,10,-1.4742676439732418,0.14328007095037681,2.725000279708139e-05
1935,vascular_parenchyma,0.012313553013890824,-0.14352170709317155,0.01,27077,10,-1.5093692150120852,0.14328406124079632,2.7248394436445664e-05
1936,vascular_parenchyma,0.007269711762357634,-0.1438699555276538,0.01,27091,10,-1.5444705425478231,0.1432898253035149,2.7258778042051964e-05
1937,vascular_parenchyma,0.0022163606392316144,-0.1440421510019028,0.01,27105,10,-1.5795715658399399,0.14329337226420877,2.7264459108384057e-05
1938,vascular_parenchyma,-0.002840944816783098,-0.14403279829364907,0.01,27119,10,-1.6146727396334262,0.14328672160500414,2.7265511530218066e-05
1939,vascular_parenchyma,-0.007894161480357792,-0.14383638522844674,0.01,27133,10,-1.6497741995907675,0.1432818443248478,2.726224429902589e-05
1940,vascular_parenchyma,-0.012936521877284174,-0.14346645671022165,0.01,27147,10,-1.6848758603378606,0.14327874127840506,2.7254184404225034e-05
1941,vascular_parenchyma,-0.017962874121603214,-0.14292158152980713,0.01,27161,10,-1.7199776362606214,0.14327741354950854,2.7249486315148744e-05
1942,vascular_parenchyma,-0.022967200560663138,-0.1422024192499018,0.01,27175,10,-1.7550794414440596,0.143277862383044,2.7262118832254134e-05
1943,vascular_parenchyma,-0.027943509842479074,-0.14130983511030806,0.01,27189,10,-1.7901811896320952,0.14328008911053464,2.728768976463757e-05
1944,vascular_parenchyma,-0.03288584389946024,-0.14024489893004113,0.01,27203,10,-1.8252827942090455,0.14328409507600587,2.730570230212495e-05
1945,vascular_parenchyma,-0.037788284880279785,-0.13900888377704695,0.01,27217,10,-1.8603841682019047,0.14328988156690955,2.729950398553169e-05
1946,vascular_parenchyma,-0.04264509492746126,-0.13760244243606193,0.01,27231,10,-1.895485259295231,0.14329266156690185,2.7281052549991334e-05
1947,vascular_parenchyma,-0.04744898474116172,-0.13602159557865975,0.01,27245,10,-1.9305865372404,0.14328605309173564,2.7259659104032953e-05
1948,vascular_parenchyma,-0.05219109810088326,-0.13426512745791364,0.01,27259,10,-1.965688107465548,0.14328122905619992,2.7237671933559635e-05
1949,vascular_parenchyma,-0.05686900888952583,-0.13234697446471877,0.01,27273,10,-2.0007898817413596,0.14327819060558952,2.724371497722621e-05
1950,vascular_parenchyma,-0.061477359099138006,-0.13026751428690714,0.01,27287,10,-2.035891771572028,0.1432769386589719,2.7254850025509314e-05
1951,vascular_parenchyma,-0.06601063429396431,-0.12802924259855733,0.01,27301,10,-2.0709936882519986,0.1432774739147068,2.726118614519505e-05
1952,vascular_parenchyma,-0.07046340870593727,-0.12563484208240402,0.01,27315,10,-2.106095542920148,0.14327979686298753,2.7262699373622482e-05
1953,vascular_parenchyma,-0.07483035153485984,-0.12308717932201885,0.01,27329,10,-2.141197246609623,0.14328390780276812,2.7259946777781392e-05
1954,vascular_parenchyma,-0.07910623314409879,-0.12038930148531375,0.01,27343,10,-2.1762987102923934,0.14328980686071957,2.72537628091249e-05
1955,vascular_parenchyma,-0.08328578057845179,-0.11754347317087867,0.01,27357,10,-2.2113998928679264,0.143291908155964,2.7248262634404507e-05
1956,vascular_parenchyma,-0.08736039134316258,-0.11454780954150243,0.01,27371,10,-2.2465012768582446,0.14328542423321458,2.7278384057218396e-05
1957,vascular_parenchyma,-0.09132221705574226,-0.11140519750718764,0.01,27385,10,-2.2816029395320014,0.14328072876710485,2.7302111927902728e-05
1958,vascular_parenchyma,-0.09517276539581065,-0.1081287107915406,0.01,27399,10,-2.3167047917395203,0.14327782196639113,2.7297110203488618e-05
1959,vascular_parenchyma,-0.09890708679595615,-0.10472050829363307,0.01,27413,10,-2.351806744296818,0.14327670395343123,2.7283840143492898e-05
1960,vascular_parenchyma,-0.10252071449011474,-0.10118467459820771,0.01,27427,10,-2.3869087080029017,0.14327737477377991,2.7266939169850534e-05
1961,vascular_parenchyma,-0.1060093241348569,-0.097525444652554,0.01,27441,10,-2.4220105936549254,0.1432798344003267,2.7246328184286465e-05
1962,vascular_parenchyma,-0.10936873884092095,-0.09374719883443045,0.01,27455,10,-2.457112312063088,0.14328408273081486,2.7237275315801485e-05
1963,vascular_parenchyma,-0.11259493402984122,-0.08985445784798844,0.01,27469,10,-2.492213774067232,0.1432901195794421,2.7247271806949647e-05
1964,vascular_parenchyma,-0.11568353782007165,-0.08585088851110464,0.01,27483,10,-2.5273149536402437,0.143291561091826,2.7260340548911333e-05
1965,vascular_parenchyma,-0.11862525846853457,-0.08173715955071241,0.01,27497,10,-2.5624163433874716,0.14328521502028077,2.726869841161242e-05
1966,vascular_parenchyma,-0.12141483442762808,-0.07751938742678004,0.01,27511,10,-2.5975179953988334,0.1432806570754066,2.7272344846084257e-05
1967,vascular_parenchyma,-0.12405698315728997,-0.073208810681443,0.01,27525,10,-2.6326198206369,0.14327788717088807,2.727109410055044e-05
1968,vascular_parenchyma,-0.1265477378192292,-0.06880914002980318,0.01,27539,10,-2.6677217301150784,0.14327690505290658,2.7265174620708095e-05
1969,vascular_parenchyma,-0.12888412111976572,-0.06432564538112347,0.01,27553,10,-2.7028236349407906,0.1432777102809519,2.7273317612656422e-05
1970,vascular_parenchyma,-0.1310633377270069,-0.05976369530604401,0.01,27567,10,-2.737925446364081,0.14328030221013366,2.7289226133741096e-05
1971,vascular_parenchyma,-0.1330827774976851,-0.05512875079446064,0.01,27581,10,-2.7730270758308886,0.14328467997725636,2.7291324610376136e-05
1972,vascular_parenchyma,-0.13494001849468817,-0.05042635891235298,0.01,27595,10,-2.8081284350394133,0.14329084249325305,2.728511467013271e-05
1973,vascular_parenchyma,-0.1366319448565136,-0.045661265117273545,0.01,27609,10,-2.843229516090607,0.14329160683488287,2.7273988281601115e-05
1974,vascular_parenchyma,-0.13814936216185902,-0.04083695407531021,0.01,27623,10,-2.8783308187311776,0.14328537505643027,2.7258076623449416e-05
1975,vascular_parenchyma,-0.13949069569251774,-0.03596135840624002,0.01,27637,10,-2.913432373744868,0.14328092410823343,2.7239002307521034e-05
1976,vascular_parenchyma,-0.14066295773326468,-0.031043252133739773,0.01,27651,10,-2.9485340940722913,0.14327825272562741,2.722976583174062e-05
1977,vascular_parenchyma,-0.14166363092898956,-0.026087489150174423,0.01,27665,10,-2.9836358930081115,0.1432773595713619,2.7250489057854528e-05
1978,vascular_parenchyma,-0.14249152119336567,-0.02110000392548563,0.01,27679,10,-3.0187376842082103,0.14327824330292907,2.72643176532407e-05
1979,vascular_parenchyma,-0.14314563825723986,-0.016086768336188616,0.01,27693,10,-3.05383938167645,0.14328090264599483,2.727331923710897e-05
1980,vascular_parenchyma,-0.1436251968995511,-0.011053784711498522,0.01,27707,10,-3.0889408997297974,0.14328533646937047,2.7277494702937374e-05
1981,vascular_parenchyma,-0.1439296179426984,-0.006007078830909253,0.01,27721,10,-3.124042152942262,0.14329154385542772,2.72768447803948e-05
1982,vascular_parenchyma,-0.14405729004348664,-0.0009520676361435551,0.01,27735,10,3.124042152942256,0.14329154385542775,2.7271059468678297e-05
1983,vascular_parenchyma,-0.14400000408846111,0.004104938289333568,0.01,27749,10,3.088940899729791,0.14328533646937053,2.7271059468678415e-05
1984,vascular_parenchyma,-0.14376033286663054,0.009155922682136405,0.01,27763,10,3.053839381676444,0.14328090264599497,2.727684478039487e-05
1985,vascular_parenchyma,-0.14334661712095778,0.014194846370133843,0.01,27777,10,3.018737684208204,0.1432782433029292,2.727749470293726e-05
1986,vascular_parenchyma,-0.1427581002657285,0.019216255409420485,0.01,27791,10,2.9836358930081053,0.14327735957136212,2.7273319237109347e-05
1987,vascular_parenchyma,-0.14199549337332895,0.024214138064879754,0.01,27805,10,2.9485340940722855,0.14327825272562764,2.7264317653240976e-05
1988,vascular_parenchyma,-0.14105971294138034,0.029182510652625098,0.01,27819,10,2.9134323737448624,0.14328092410823368,2.725048905785457e-05
1989,vascular_parenchyma,-0.13995187973590215,0.03411542451139972,0.01,27833,10,2.8783308187311714,0.14328537505643058,2.7229765831740793e-05
1990,vascular_parenchyma,-0.13867331740386044,0.03900697292052475,0.01,27847,10,2.843229516090602,0.14329160683488315,2.723900230752104e-05
1991,vascular_parenchyma,-0.13722404179529274,0.0438515282169772,0.01,27861,10,2.808128435039408,0.14329084249325333,2.7258076623449212e-05
1992,vascular_parenchyma,-0.13559773085790952,0.04864023749738734,0.01,27875,10,2.773027075830883,0.14328467997725666,2.727398828160118e-05
1993,vascular_parenchyma,-0.13380084114130633,0.05336679255281005,0.01,27889,10,2.7379254463640756,0.1432803022101339,2.728511467013289e-05
1994,vascular_parenchyma,-0.1318421377002146,0.05802783477553499,0.01,27903,10,2.7028236349407853,0.1432777102809522,2.7291324610376255e-05
1995,vascular_parenchyma,-0.12972273330142053,0.06261792984624696,0.01,27917,10,2.667721730115073,0.14327690505290688,2.728922613374118e-05
1996,vascular_parenchyma,-0.12744517065107028,0.06713158490025618,0.01,27931,10,2.632619820636895,0.1432778871708884,2.7273317612656513e-05
1997,vascular_parenchyma,-0.12501217870645948,0.07156339732489732,0.01,27945,10,2.597517995398828,0.1432806570754069,2.7265174620708417e-05
1998,vascular_parenchyma,-0.1224266695160245,0.07590806103431755,0.01,27959,10,2.562416343387466,0.14328521502028105,2.727109410055075e-05
1999,vascular_parenchyma,-0.11969173485089249,0.08016037263784118,0.01,27973,10,2.5273149536402384,0.14329156109182625,2.7272344846084206e-05
2000,vascular_parenchyma,-0.11680899987270874,0.08431496477017299,0.01,27987,10,2.4922137740672268,0.1432901195794423,2.72686984116123e-05
2001,vascular_parenchyma,-0.11377484180187014,0.08836101889546545,0.01,28001,10,2.4571123120630824,0.14328408273081505,2.726034054891155e-05
2002,vascular_parenchyma,-0.11059864167991743,0.09229550104507155,0.01,28015,10,2.4220105936549197,0.14327983440032685,2.724727180694976e-05
2003,vascular_parenchyma,-0.10728885148721655,0.09611741899979276,0.01,28029,10,2.3869087080028963,0.14327737477378,2.7237275315801407e-05
2004,vascular_parenchyma,-0.10384835229921242,0.09982198025252645,0.01,28043,10,2.3518067442968125,0.14327670395343128,2.7246328184286573e-05
2005,vascular_parenchyma,-0.10028126674387829,0.10340475316174243,0.01,28057,10,2.316704791739515,0.14327782196639113,2.726693916985053e-05
2006,vascular_parenchyma,-0.09659186659523701,0.10686144978245789,0.01,28071,10,2.2816029395319966,0.14328072876710482,2.7283840143492576e-05
2007,vascular_parenchyma,-0.09278456779759924,0.11018793085464376,0.01,28085,10,2.2465012768582393,0.1432854242332145,2.7297110203488533e-05
2008,vascular_parenchyma,-0.08886392531964041,0.11338021061514485,0.01,28099,10,2.211399892867922,0.14329190815596388,2.730211192790249e-05
2009,vascular_parenchyma,-0.08483302809542641,0.11643362767970701,0.01,28113,10,2.1762987102923885,0.14328980686071946,2.727838405721817e-05
2010,vascular_parenchyma,-0.0806915848765011,0.11933624301008548,0.01,28127,10,2.1411972466096176,0.14328390780276795,2.7248262634404707e-05
2011,vascular_parenchyma,-0.07645037997486874,0.12208939530033701,0.01,28141,10,2.106095542920143,0.1432797968629874,2.7253762809124766e-05
2012,vascular_parenchyma,-0.07211704131953982,0.12469398444767321,0.01,28155,10,2.0709936882519937,0.14327747391470663,2.7259946777781128e-05
2013,vascular_parenchyma,-0.06769591664768457,0.12714641832722176,0.01,28169,10,2.035891771572023,0.14327693865897173,2.726269937362233e-05
2014,vascular_parenchyma,-0.06319230111332602,0.12944376482153663,0.01,28183,10,2.000789881741355,0.14327819060558938,2.7261186145194692e-05
2015,vascular_parenchyma,-0.05861158698130674,0.13158327460134503,0.01,28197,10,1.9656881074655435,0.14328122905619975,2.725485002550918e-05
2016,vascular_parenchyma,-0.05395925735919267,0.13356238430017048,0.01,28211,10,1.9305865372403952,0.1432860530917355,2.724371497722647e-05
2017,vascular_parenchyma,-0.04924087983001036,0.1353787194795252,0.01,28225,10,1.895485259295227,0.14329266156690174,2.723767193355944e-05
2018,vascular_parenchyma,-0.044460741386252195,0.137028708625059,0.01,28239,10,1.8603841682019,0.14328988156690944,2.725965910403275e-05
2019,vascular_parenchyma,-0.03962224031668292,0.13850034278603685,0.01,28253,10,1.8252827942090402,0.14328409507600576,2.728105254999173e-05
2020,vascular_parenchyma,-0.03473568488864789,0.13979977462127174,0.01,28267,10,1.7901811896320896,0.14328008911053455,2.7299503985531755e-05
2021,vascular_parenchyma,-0.029807610381870426,0.140929262464704,0.01,28281,10,1.755079441444054,0.1432778623830439,2.730570230212511e-05
2022,vascular_parenchyma,-0.024843358897841894,0.14188684391167505,0.01,28295,10,1.7199776362606158,0.14327741354950851,2.7287689764637698e-05
2023,vascular_parenchyma,-0.019848874907176437,0.14267137570331365,0.01,28309,10,1.6848758603378555,0.14327874127840504,2.726211883225395e-05
2024,vascular_parenchyma,-0.014830138553342805,0.14328191872708979,0.01,28323,10,1.6497741995907627,0.14328184432484783,2.7249486315148466e-05
2025,vascular_parenchyma,-0.009793158686046376,0.14371773918943673,0.01,28337,10,1.614672739633421,0.1432867216050042,2.7254184404225004e-05
2026,vascular_parenchyma,-0.004743965847845258,0.1439783095508455,0.01,28351,10,1.5795715658399347,0.14329337226420882,2.7262244299025885e-05
2027,vascular_parenchyma,0.0003123161220126699,0.1440614424597959,0.01,28365,10,1.5444705425478182,0.14328982530351497,2.7265511530218005e-05
2028,vascular_parenchyma,0.005368580853144724,0.1439562280166968,0.01,28379,10,1.50936921501208,0.1432840612407964,2.7264459108384067e-05
2029,vascular_parenchyma,0.010416966196852928,0.14367332246599043,0.01,28393,10,1.474267643973237,0.14328007095037693,2.725877804205206e-05
2030,vascular_parenchyma,0.015452076093871302,0.14321585106034054,0.01,28407,10,1.4391659149160572,0.14327785540848784,2.724839443644559e-05
2031,vascular_parenchyma,0.020468166162390344,0.14258373700217827,0.01,28421,10,1.4040641135980025,0.14327741578798703,2.725000279708141e-05
2032,vascular_parenchyma,0.025459231023829305,0.14177774281468095,0.01,28435,10,1.3689623261001183,0.1432787533862322,2.7275441135638278e-05
2033,vascular_parenchyma,0.03041929509822629,0.14079883617907868,0.01,28449,10,1.3338606388564629,0.14328186955014538,2.72987286108621e-05
2034,vascular_parenchyma,0.03534241956288659,0.13964818871963108,0.01,28463,10,1.298759138662121,0.14328676560402273,2.7303988456341967e-05
2035,vascular_parenchyma,0.040222709256099026,0.13832717455968568,0.01,28477,10,1.2636579126613532,0.1432934427843903,2.729087511824832e-05
2036,vascular_parenchyma,0.04505463493150404,0.13683517072160317,0.01,28491,10,1.228556797861805,0.14328913423462428,2.727088815668523e-05
2037,vascular_parenchyma,0.04982774544611479,0.1351635375527188,0.01,28505,10,1.1934553627347282,0.14328341779815007,2.724873898942411e-05
2038,vascular_parenchyma,0.05453840103386178,0.13332636283683594,0.01,28519,10,1.1583536793995164,0.14327948640225985,2.723632962900564e-05
2039,vascular_parenchyma,0.05918222612182158,0.13132725607593695,0.01,28533,10,1.1232518362259634,0.1432773410795526,2.7249874187567356e-05
2040,vascular_parenchyma,0.06375372272652748,0.12916806640613193,0.01,28547,10,1.0881499218219384,0.14327698263797406,2.725862075266548e-05
2041,vascular_parenchyma,0.06824741995254188,0.12685138338155133,0.01,28561,10,1.0530480249776148,0.14327841167018004,2.7262545819579127e-05
2042,vascular_parenchyma,0.07265793873474705,0.1243799820370595,0.01,28575,10,1.0179462346132482,0.14328162856859983,2.726170343900433e-05
2043,vascular_parenchyma,0.07697999808723992,0.12175681967601323,0.01,28589,10,0.9828446397318772,0.14328663354367427,2.7257432024844346e-05
2044,vascular_parenchyma,0.0812084212438474,0.11898503244988519,0.01,28603,10,0.947743329377535,0.14329342664310935,2.7248933551643014e-05
2045,vascular_parenchyma,0.08533773465208687,0.11606560795942675,0.01,28617,10,0.9126421091504827,0.1432884423509944,2.7264133475091282e-05
2046,vascular_parenchyma,0.08935487863684861,0.11299322012892239,0.01,28631,10,0.8775405746017276,0.1432828526106252,2.7291201636632084e-05
2047,vascular_parenchyma,0.09326173532347201,0.1097836676499748,0.01,28645,10,0.8424388059355223,0.1432790514436729,2.730111064880767e-05
2048,vascular_parenchyma,0.0970547372305556,0.10644082204543455,0.01,28659,10,0.807336892321236,0.14327703901400907,2.7291369492473168e-05
2049,vascular_parenchyma,0.1007292613327507,0.10296828385475996,0.01,28673,10,0.772234922953488,0.14327681540467574,2.727549738935491e-05
2050,vascular_parenchyma,0.10428091143574289,0.09937021344954194,0.01,28687,10,0.7371329870362098,0.14327838062512843,2.7257184131183818e-05
2051,vascular_parenchyma,0.10770543630533606,0.09565091912007137,0.01,28701,10,0.7020311737679743,0.14328173461211657,2.7234326658733138e-05
2052,vascular_parenchyma,0.11099873461238813,0.09181485205631532,0.01,28715,10,0.6669295723265667,0.14328687722395747,2.7239492782794735e-05
2053,vascular_parenchyma,0.11415685969971583,0.0878666011605812,0.01,28729,10,0.6318282718509995,0.14329380822981228,2.725439110264987e-05
2054,vascular_parenchyma,0.11717485007426731,0.08380868293461928,0.01,28743,10,0.596727042660119,0.14328816415946913,2.7265126329684693e-05
2055,vascular_parenchyma,0.12003810633075448,0.07963988688326286,0.01,28757,10,0.5616255105569785,0.14328271216242405,2.7271114796622776e-05
2056,vascular_parenchyma,0.1227546402307185,0.07537556084061035,0.01,28771,10,0.5265237607156686,0.1432790482774501,2.72723502189634e-05
2057,vascular_parenchyma,0.1253214753433483,0.07101978482071365,0.01,28785,10,0.49142188215569255,0.14327717233878218,2.7268633175686284e-05
2058,vascular_parenchyma,0.12773540521583057,0.06657753713545235,0.01,28799,10,0.45631996382532525,0.14327708400346204,2.7267959799094333e-05
2059,vascular_parenchyma,0.12999354312099276,0.06205413779857201,0.01,28813,10,0.4212180945556388,0.1432787827324469,2.728175800802774e-05
2060,vascular_parenchyma,0.13209318593279326,0.05745500237690843,0.01,28827,10,0.3861163630093287,0.1432822677742538,2.7292576885087984e-05
2061,vascular_parenchyma,0.1340318172483144,0.05278563569671584,0.01,28841,10,0.35101485762547135,0.14328753815360915,2.72888582646746e-05
2062,vascular_parenchyma,0.13580711030020984,0.04805162545274236,0.01,28855,10,0.3159136665622057,0.14329459266780925,2.7280162227357656e-05
2063,vascular_parenchyma,0.13741502953841192,0.04325680865614427,0.01,28869,10,0.28081252196040285,0.14328826842250114,2.726665754060576e-05
2064,vascular_parenchyma,0.13884075172014562,0.0384045399880978,0.01,28883,10,0.2457110822818362,0.14328292733673015,2.724830611375013e-05
2065,vascular_parenchyma,0.1400981936345104,0.03350738154658871,0.01,28897,10,0.21060943383489128,0.1432793664663477,2.723202071524389e-05
2066,vascular_parenchyma,0.14118482332122861,0.028569707745387328,0.01,28911,10,0.1755076635045556,0.14327758449651357,2.7240809535865477e-05
2067,vascular_parenchyma,0.14209924172671215,0.023597339353988063,0.01,28925,10,0.14040585781407164,0.14327758007163727,2.7258007318266512e-05
2068,vascular_parenchyma,0.14284035649788862,0.01859623041062296,0.01,28939,10,0.10530410292755443,0.14327935186664767,2.7269421845381915e-05
2069,vascular_parenchyma,0.1434072797428558,0.013572368890383508,0.01,28953,10,0.07020248467392759,0.1432828986623089,2.7276010582290372e-05
2070,vascular_parenchyma,0.1437993291455978,0.008531769726334255,0.01,28967,10,0.03510108859267668,0.1432882194195159,2.727777249700058e-05
2071,vascular_parenchyma,0.14401602884115036,0.0034804677855727775,0.01,28981,10,-1.6134317539811835e-15,0.14329531334542578,2.7274035165479307e-05
2072,vascular_parenchyma,0.1386094113078028,-0.0015915015971133726,0.01,28995,11,-0.036318418861404016,0.13787287760281328,2.7064787069989584e-05
2073,vascular_parenchyma,0.13848118778516563,-0.00661046196081828,0.01,29009,11,-0.0726373374834098,0.13786719051345808,2.708189210590452e-05
2074,vascular_parenchyma,0.1381451670852111,-0.011633675162474431,0.01,29023,11,-0.10895654486244125,0.13786459894557315,2.709132082267294e-05
2075,vascular_parenchyma,0.13763007539330077,-0.01664158122272207,0.01,29037,11,-0.14527582971064287,0.13786510394413626,2.7090109966301262e-05
2076,vascular_parenchyma,0.13693656697002757,-0.021627883157614117,0.01,29051,11,-0.1815949804275453,0.13786870658258502,2.707844594204034e-05
2077,vascular_parenchyma,0.1360655152850067,-0.026586310820865305,0.01,29065,11,-0.2179137850933851,0.1378754078957242,2.70701082941218e-05
2078,vascular_parenchyma,0.13501679643279535,-0.03151091584637086,0.01,29079,11,-0.2542321161267615,0.1378780582468608,2.710388136847687e-05
2079,vascular_parenchyma,0.13378367617554046,-0.036393798537532676,0.01,29093,11,-0.29055079295031155,0.1378703037644625,2.7131681444340427e-05
2080,vascular_parenchyma,0.13236527923998562,-0.04122555500214445,0.01,29107,11,-0.32686990741807753,0.13786565230148515,2.7147063796335662e-05
2081,vascular_parenchyma,0.13077771358291718,-0.0460030766406261,0.01,29121,11,-0.3631892460731399,0.1378641054614377,2.7138498549794533e-05
2082,vascular_parenchyma,0.12902067007104173,-0.050720812709640614,0.01,29135,11,-0.39950859503409375,0.13786566451798288,2.710195791649725e-05
2083,vascular_parenchyma,0.12709636254268075,-0.055372832800817944,0.01,29149,11,-0.43582774009427155,0.137870330393184,2.7089309556567748e-05
2084,vascular_parenchyma,0.12500720993561223,-0.059953287332829334,0.01,29163,11,-0.4721464668263103,0.13787810364746017,2.7100449137784793e-05
2085,vascular_parenchyma,0.1227533360673875,-0.06445635911984422,0.01,29177,11,-0.5084649004794747,0.13787468424799768,2.7101560251414726e-05
2086,vascular_parenchyma,0.12032644288975211,-0.06886926691722901,0.01,29191,11,-0.5447838406153577,0.13786801793499323,2.7092399132210766e-05
2087,vascular_parenchyma,0.11774065835255264,-0.07318956153625612,0.01,29205,11,-0.5811031400437972,0.1378644609651792,2.7075534993313337e-05
2088,vascular_parenchyma,0.11500350605673752,-0.07741480463196926,0.01,29219,11,-0.6174225836629808,0.1378640138894775,2.7071496962498655e-05
2089,vascular_parenchyma,0.11211732587895322,-0.08153961998924303,0.01,29233,11,-0.6537419562548075,0.13786667695827926,2.7082706169861924e-05
2090,vascular_parenchyma,0.10908574842366821,-0.08555882248061004,0.01,29247,11,-0.6900610425686513,0.13787245013841312,2.7071859340448595e-05
2091,vascular_parenchyma,0.10591244787645646,-0.08946732368220316,0.01,29261,11,-0.7263796284401726,0.13788053863830474,2.703726792043611e-05
2092,vascular_parenchyma,0.10259761274134557,-0.09325875206998706,0.01,29275,11,-0.7626982619798125,0.13787187559668995,2.6991489214435973e-05
2093,vascular_parenchyma,0.0991351397004101,-0.09691591606957121,0.01,29289,11,-0.7990173856062641,0.13786632247332886,2.697558375614155e-05
2094,vascular_parenchyma,0.09554778342025393,-0.10044810729473039,0.01,29303,11,-0.8353367840781661,0.13786387964412058,2.699697861417771e-05
2095,vascular_parenchyma,0.09183672645379075,-0.103849937989669,0.01,29317,11,-0.8716562420813352,0.13786454725876238,2.7041549345759628e-05
2096,vascular_parenchyma,0.08800663853983341,-0.1071171348391338,0.01,29331,11,-0.9079755442925356,0.13786832523351106,2.7069193939963354e-05
2097,vascular_parenchyma,0.08406233538650175,-0.11024558988449872,0.01,29345,11,-0.944294475446623,0.13787521323877744,2.7085117635614593e-05
2098,vascular_parenchyma,0.08000755128726757,-0.11323070726244118,0.01,29359,11,-0.9806129258922566,0.13787726637669862,2.712517946379e-05
2099,vascular_parenchyma,0.07584229944121262,-0.11606157675790744,0.01,29373,11,-1.0169317282347532,0.13786971737217418,2.7155686241744945e-05
2100,vascular_parenchyma,0.07157306795582201,-0.11873190382527711,0.01,29387,11,-1.0532509361713283,0.13786527764290812,2.7176700835605602e-05
2101,vascular_parenchyma,0.06721326367890351,-0.12124926925384717,0.01,29401,11,-1.0895703346948022,0.13786394708174077,2.7180591126307477e-05
2102,vascular_parenchyma,0.06276646039417016,-0.12360938699010227,0.01,29415,11,-1.1258897088801467,0.13786572524794818,2.7153136968028132e-05
2103,vascular_parenchyma,0.058238250759488776,-0.1258092921827325,0.01,29429,11,-1.1622088439835883,0.13787061135262604,2.7146111147588404e-05
2104,vascular_parenchyma,0.05363432724419968,-0.12784621654169007,0.01,29443,11,-1.1985275255459338,0.1378786042485881,2.7154147813067116e-05
2105,vascular_parenchyma,0.04895854350683988,-0.12971579714049217,0.01,29457,11,-1.2348459202290143,0.1378746079185497,2.716644982775843e-05
2106,vascular_parenchyma,0.044213123894636275,-0.1314024027432125,0.01,29471,11,-1.2711648040332257,0.13786815428944674,2.717227189443985e-05
2107,vascular_parenchyma,0.039410799580126214,-0.13291508342010808,0.01,29485,11,-1.3074840145338629,0.13786480401598325,2.7151094502557406e-05
2108,vascular_parenchyma,0.03455833548365217,-0.13425607067344153,0.01,29499,11,-1.3438033385095434,0.1378645559615217,2.7108779432277813e-05
2109,vascular_parenchyma,0.029661149353984343,-0.13542299556016746,0.01,29513,11,-1.3801225631162342,0.13786740873689446,2.7095664777464353e-05
2110,vascular_parenchyma,0.02472539928946498,-0.1364143910281933,0.01,29527,11,-1.4164414759501394,0.13787336075590498,2.7072304383389232e-05
2111,vascular_parenchyma,0.01975713308056537,-0.13722877719526733,0.01,29541,11,-1.452759869365443,0.13788082144493155,2.704399844099513e-05
2112,vascular_parenchyma,0.014760791761207299,-0.13786095057627745,0.01,29555,11,-1.4890783441852697,0.13787230983627818,2.7015921278497796e-05
2113,vascular_parenchyma,0.009743427507888818,-0.1382955863379228,0.01,29569,11,-1.5253972938450573,0.13786689354004722,2.6995497662864045e-05
2114,vascular_parenchyma,0.004715621902773668,-0.138553720940767,0.01,29583,11,-1.5617165072657047,0.13786457231775345,2.7010248664770677e-05
2115,vascular_parenchyma,-0.0003180873344819367,-0.13863222801338249,0.01,29597,11,-1.5980357734345372,0.13786534605852804,2.7010965923919548e-05
2116,vascular_parenchyma,-0.005351369918756537,-0.1385310138699539,0.01,29611,11,-1.6343548813527313,0.13786921480041894,2.701364666014069e-05
2117,vascular_parenchyma,-0.010377896253888437,-0.13825020581807498,0.01,29625,11,-1.6706736199801444,0.13787617872315402,2.7004177078204392e-05
2118,vascular_parenchyma,-0.01539186881669761,-0.13778871808883322,0.01,29639,11,-1.7069919049916453,0.13787749847168804,2.700240663209094e-05
2119,vascular_parenchyma,-0.020385825419889578,-0.13713787460050275,0.01,29653,11,-1.7433105824299484,0.13786999748160014,2.7030355066828858e-05
2120,vascular_parenchyma,-0.02535093748908991,-0.1362988639561773,0.01,29667,11,-1.779629677660271,0.13786559489047462,2.7057656238689707e-05
2121,vascular_parenchyma,-0.03028221344024769,-0.13528520387853374,0.01,29681,11,-1.815948978515511,0.13786429235965472,2.708534380684902e-05
2122,vascular_parenchyma,-0.03517409203438621,-0.13409619735715753,0.01,29695,11,-1.852268272364364,0.13786609138396394,2.710352557564427e-05
2123,vascular_parenchyma,-0.04002042302059433,-0.1327333441017511,0.01,29709,11,-1.8885873461645113,0.13787099323215246,2.713139238740305e-05
2124,vascular_parenchyma,-0.04481511230249053,-0.1311983571301451,0.01,29723,11,-1.9249059865344949,0.13787899889629993,2.716705771472723e-05
2125,vascular_parenchyma,-0.049552394751649506,-0.12949039784242417,0.01,29737,11,-1.9612243992037839,0.13787421969100228,2.7171965153715986e-05
2126,vascular_parenchyma,-0.054219897103726655,-0.12759879876772937,0.01,29751,11,-1.9975433342788977,0.13786778004794503,2.715911074578799e-05
2127,vascular_parenchyma,-0.05881470423594724,-0.1255402671059449,0.01,29765,11,-2.033862615701461,0.1378644478144127,2.7149788449686152e-05
2128,vascular_parenchyma,-0.06333297522790805,-0.12331994297358154,0.01,29779,11,-2.070182028857081,0.13786422395717565,2.714942796117183e-05
2129,vascular_parenchyma,-0.06776907966841902,-0.12093979369899069,0.01,29793,11,-2.106501358898964,0.13786710908917887,2.716890473001928e-05
2130,vascular_parenchyma,-0.07211744074068195,-0.1184028137289368,0.01,29807,11,-2.1428203908492995,0.1378731034821743,2.718293606431097e-05
2131,vascular_parenchyma,-0.07637253876657338,-0.11571177665041892,0.01,29821,11,-2.1791389190632473,0.1378798236081907,2.7167413373294066e-05
2132,vascular_parenchyma,-0.08052717414598878,-0.11286536668455979,0.01,29835,11,-2.215457583926493,0.13787138080839517,2.713953545594735e-05
2133,vascular_parenchyma,-0.08456680393873002,-0.10985812770884772,0.01,29849,11,-2.2517767274311815,0.13786604777615247,2.710203129017186e-05
2134,vascular_parenchyma,-0.08849700456439578,-0.10671187473669907,0.01,29863,11,-2.2880961343682036,0.13786382496965544,2.707849717447287e-05
2135,vascular_parenchyma,-0.0923123303925935,-0.10342742115626605,0.01,29877,11,-2.324415589435008,0.13786471259399496,2.7057272505602148e-05
2136,vascular_parenchyma,-0.09600798750543461,-0.10000890047539707,0.01,29891,11,-2.360734877305016,0.13786871061491876,2.7020949255508442e-05
2137,vascular_parenchyma,-0.09957932898058793,-0.09646061064741865,0.01,29905,11,-2.3970537826929266,0.13787581876882213,2.6980281143863414e-05
2138,vascular_parenchyma,-0.10302124871355868,-0.09278546018123808,0.01,29919,11,-2.4333722419823975,0.1378765033033967,2.697175761330424e-05
2139,vascular_parenchyma,-0.10632190220569895,-0.08898165873426693,0.01,29933,11,-2.4696911043522403,0.13786917516882521,2.701516504269505e-05
2140,vascular_parenchyma,-0.10947668110078096,-0.08505700515856775,0.01,29947,11,-2.5060103606121737,0.1378649570230711,2.7055882205724042e-05
2141,vascular_parenchyma,-0.11249012669158417,-0.08102413098210365,0.01,29961,11,-2.54232979552644,0.13786384903350785,2.70786680726214e-05
2142,vascular_parenchyma,-0.11535767344664502,-0.07688633414282474,0.01,29975,11,-2.5786491938524776,0.13786585109205834,2.7078470187929018e-05
2143,vascular_parenchyma,-0.11807571829843835,-0.07264881897363945,0.01,29989,11,-2.6149683404218926,0.13787096279858066,2.7064735360416735e-05
2144,vascular_parenchyma,-0.12064084166869075,-0.0683169120923758,0.01,30003,11,-2.6512870202271257,0.1378791834436935,2.7082379865782255e-05
2145,vascular_parenchyma,-0.12304809331558997,-0.063893702204607,0.01,30017,11,-2.6876054833083933,0.13787382882297186,2.709820607928662e-05
2146,vascular_parenchyma,-0.1252805852879725,-0.05937930452085423,0.01,30031,11,-2.7239244459599,0.13786760924331484,2.710232530391844e-05
2147,vascular_parenchyma,-0.12734865734129205,-0.05478886094206759,0.01,30045,11,-2.7602437197232796,0.1378644967935285,2.7095858864190505e-05
2148,vascular_parenchyma,-0.12925197270394442,-0.05012817751938393,0.01,30059,11,-2.796563090272297,0.13786449073214307,2.7090923297417562e-05
2149,vascular_parenchyma,-0.1309877129140103,-0.04540257261534527,0.01,30073,11,-2.8328823435538615,0.13786758996071383,2.7116461912438738e-05
2150,vascular_parenchyma,-0.13255369562915467,-0.04061798826090418,0.01,30087,11,-2.8692012658901094,0.137873793039686,2.7145077866349174e-05
2151,vascular_parenchyma,-0.13394753043037003,-0.03578007186706804,0.01,30101,11,-2.905519661122413,0.13787992052982198,2.714085149393067e-05
2152,vascular_parenchyma,-0.13516239170014704,-0.030892621804263415,0.01,30115,11,-2.9418382132961156,0.1378716694008067,2.7119747763755415e-05
2153,vascular_parenchyma,-0.13618532975295233,-0.02596160028053105,0.01,30129,11,-2.978157217628432,0.13786651743320288,2.708840182674889e-05
2154,vascular_parenchyma,-0.13703401611944635,-0.020999234283512042,0.01,30143,11,-3.0144764620424924,0.137864463643423,2.7069449929794537e-05
2155,vascular_parenchyma,-0.13770502553876157,-0.016009836754647407,0.01,30157,11,-3.050795734773571,0.13786550697515074,2.7085594728406587e-05
2156,vascular_parenchyma,-0.13819751783646173,-0.010999682478354676,0.01,30171,11,-3.087114824373877,0.13786964636714183,2.7092019298630528e-05
2157,vascular_parenchyma,-0.1385108722161787,-0.005975071709155248,0.01,30185,11,-3.123433519694925,0.13787688081706048,2.70880284992433e-05
2158,vascular_parenchyma,-0.1386430781147063,-0.0009415084047272558,0.01,30199,11,3.123433519694918,0.1378768808170605,2.707299848966236e-05
2159,vascular_parenchyma,-0.13858354117284657,0.004094337354883762,0.01,30213,11,3.0871148243738697,0.13786964636714188,2.707299848966284e-05
2160,vascular_parenchyma,-0.1383355922895179,0.009123587547403608,0.01,30227,11,3.0507957347735633,0.13786550697515085,2.7088028499243203e-05
2161,vascular_parenchyma,-0.13790996811793146,0.014139935684031598,0.01,30241,11,3.014476462042485,0.13786446364342314,2.709201929863056e-05
2162,vascular_parenchyma,-0.13730557264369042,0.019137825312972125,0.01,30255,11,2.9781572176284246,0.13786651743320302,2.7085594728406526e-05
2163,vascular_parenchyma,-0.1365231698511075,0.024110971921314325,0.01,30269,11,2.9418382132961085,0.1378716694008069,2.7069449929794347e-05
2164,vascular_parenchyma,-0.13556374239788585,0.029053121620650258,0.01,30283,11,2.905519661122406,0.13787992052982226,2.7088401826748784e-05
2165,vascular_parenchyma,-0.13442550668544664,0.03395870652447271,0.01,30297,11,2.869201265890102,0.13787379303968625,2.7119747763755398e-05
2166,vascular_parenchyma,-0.13309541860935983,0.03881615165536177,0.01,30311,11,2.8328823435538544,0.1378675899607141,2.714085149393069e-05
2167,vascular_parenchyma,-0.13159281079935256,0.04362141553324612,0.01,30325,11,2.79656309027229,0.13786449073214338,2.714507786634904e-05
2168,vascular_parenchyma,-0.12992024249980208,0.048369790495983785,0.01,30339,11,2.7602437197232725,0.13786449679352875,2.7116461912438748e-05
2169,vascular_parenchyma,-0.12807927744000774,0.05305540502238598,0.01,30353,11,2.7239244459598924,0.13786760924331515,2.709092329741771e-05
2170,vascular_parenchyma,-0.12607223235797338,0.05767236823325845,0.01,30367,11,2.6876054833083862,0.13787382882297217,2.709585886419039e-05
2171,vascular_parenchyma,-0.12390093383154561,0.062214870936082405,0.01,30381,11,2.6512870202271186,0.1378791834436938,2.7102325303918415e-05
2172,vascular_parenchyma,-0.12156237953176294,0.06667516397657819,0.01,30395,11,2.614968340421885,0.13787096279858094,2.709820607928686e-05
2173,vascular_parenchyma,-0.1190522640334131,0.07104093414314687,0.01,30409,11,2.5786491938524705,0.1378658510920586,2.7082379865782573e-05
2174,vascular_parenchyma,-0.1163909302289246,0.0753144078761552,0.01,30423,11,2.542329795526433,0.13786384903350807,2.706473536041664e-05
2175,vascular_parenchyma,-0.11357882149292939,0.07949009311076953,0.01,30437,11,2.506010360612167,0.13786495702307133,2.7078470187928974e-05
2176,vascular_parenchyma,-0.11061947759779053,0.08356274221746045,0.01,30451,11,2.469691104352234,0.13786917516882535,2.707866807262116e-05
2177,vascular_parenchyma,-0.10751661889354365,0.0875272341317907,0.01,30465,11,2.4333722419823918,0.13787650330339682,2.7055882205723924e-05
2178,vascular_parenchyma,-0.10427226350180165,0.09137808445184638,0.01,30479,11,2.3970537826929204,0.1378758187688222,2.701516504269513e-05
2179,vascular_parenchyma,-0.10088260406428559,0.09510280221480277,0.01,30493,11,2.3607348773050094,0.13786871061491882,2.6971757613304523e-05
2180,vascular_parenchyma,-0.0973572098386005,0.09869803361932258,0.01,30507,11,2.3244155894350014,0.137864712593995,2.698028114386355e-05
2181,vascular_parenchyma,-0.09370742883400668,0.10216558887099533,0.01,30521,11,2.2880961343681974,0.1378638249696554,2.7020949255508225e-05
2182,vascular_parenchyma,-0.08993626341002339,0.10550062658041735,0.01,30535,11,2.2517767274311757,0.1378660477761524,2.705727250560184e-05
2183,vascular_parenchyma,-0.08604845700547312,0.10869895548193416,0.01,30549,11,2.2154575839264874,0.1378713808083951,2.707849717447266e-05
2184,vascular_parenchyma,-0.08204889614534072,0.11175655215569287,0.01,30563,11,2.179138919063242,0.13787982360819062,2.7102031290171614e-05
2185,vascular_parenchyma,-0.07793982294726567,0.11466800053835698,0.01,30577,11,2.142820390849295,0.1378731034821742,2.713953545594692e-05
2186,vascular_parenchyma,-0.07371898094945287,0.11741545089967773,0.01,30591,11,2.1065013588989596,0.13786710908917874,2.7167413373293846e-05
2187,vascular_parenchyma,-0.06940438577577265,0.12001004980175554,0.01,30605,11,2.0701820288570767,0.13786422395717549,2.7182936064310718e-05
2188,vascular_parenchyma,-0.06500038940541729,0.12244917412285607,0.01,30619,11,2.033862615701456,0.13786444781441254,2.7168904730019195e-05
2189,vascular_parenchyma,-0.06051217745686985,0.12472954397077707,0.01,30633,11,1.9975433342788933,0.13786778004794484,2.714942796117183e-05
2190,vascular_parenchyma,-0.05594539334197266,0.12684829234656814,0.01,30647,11,1.9612243992037788,0.1378742196910021,2.714978844968641e-05
2191,vascular_parenchyma,-0.05130515661491118,0.1288021951775832,0.01,30661,11,1.9249059865344895,0.13787899889629976,2.715911074578838e-05
2192,vascular_parenchyma,-0.04659430189925292,0.1305829003426454,0.01,30675,11,1.8885873461645057,0.13787099323215232,2.7171965153716233e-05
2193,vascular_parenchyma,-0.041818350826572204,0.13217983341250822,0.01,30689,11,1.8522682723643586,0.13786609138396383,2.7167057714727514e-05
2194,vascular_parenchyma,-0.036990540182133366,0.13360723483953765,0.01,30703,11,1.8159489785155063,0.13786429235965464,2.7131392387402947e-05
2195,vascular_parenchyma,-0.03211494855723869,0.13486138767506184,0.01,30717,11,1.779629677660266,0.13786559489047456,2.7103525575644174e-05
2196,vascular_parenchyma,-0.02719770755688154,0.13594071779285477,0.01,30731,11,1.7433105824299437,0.13786999748160012,2.7085343806849088e-05
2197,vascular_parenchyma,-0.02224499992261519,0.13684386567135795,0.01,30745,11,1.7069919049916409,0.13787749847168804,2.7057656238689632e-05
2198,vascular_parenchyma,-0.01726190052377873,0.13756795398834584,0.01,30759,11,1.6706736199801397,0.13787617872315405,2.7030355066828716e-05
2199,vascular_parenchyma,-0.012253934029554353,0.13810055187152032,0.01,30773,11,1.6343548813527267,0.137869214800419,2.7002406632090775e-05
2200,vascular_parenchyma,-0.007230657681284048,0.13844709259645235,0.01,30787,11,1.5980357734345325,0.1378653460585281,2.7004177078204345e-05
2201,vascular_parenchyma,-0.002199109231316717,0.13861543895396425,0.01,30801,11,1.5617165072657,0.13786457231775348,2.7013646660140705e-05
2202,vascular_parenchyma,0.0028351781019086714,0.13860408331489074,0.01,30815,11,1.5253972938450526,0.13786689354004725,2.7010965923919514e-05
2203,vascular_parenchyma,0.00786587341825297,0.1384130424932024,0.01,30829,11,1.489078344185265,0.13787230983627827,2.701024866477054e-05
2204,vascular_parenchyma,0.01288665034375086,0.1380425542441006,0.01,30843,11,1.4527598693654384,0.1378808214449317,2.699549766286408e-05
2205,vascular_parenchyma,0.017892279765749988,0.13748992778210678,0.01,30857,11,1.4164414759501345,0.1378733607559051,2.7015921278497935e-05
2206,vascular_parenchyma,0.022872381276334793,0.13673979486926324,0.01,30871,11,1.3801225631162295,0.1378674087368946,2.704399844099546e-05
2207,vascular_parenchyma,0.027821114186726788,0.13581403753960497,0.01,30885,11,1.3438033385095387,0.13786455596152183,2.707230438338921e-05
2208,vascular_parenchyma,0.03273346346016909,0.13471253017091406,0.01,30899,11,1.3074840145338584,0.13786480401598336,2.709566477746426e-05
2209,vascular_parenchyma,0.03760333369053562,0.13343639942442448,0.01,30913,11,1.2711648040332206,0.13786815428944682,2.7108779432278118e-05
2210,vascular_parenchyma,0.042424601785481686,0.13198725191418484,0.01,30927,11,1.2348459202290092,0.13787460791854977,2.715109450255761e-05
2211,vascular_parenchyma,0.047191315134564905,0.13036594146810304,0.01,30941,11,1.1985275255459285,0.1378786042485882,2.7172271894440065e-05
2212,vascular_parenchyma,0.05189548356543998,0.1285676429136657,0.01,30955,11,1.162208843983583,0.13787061135262613,2.7166449827758647e-05
2213,vascular_parenchyma,0.056526527252376606,0.12658961232830748,0.01,30969,11,1.1258897088801414,0.13786572524794827,2.715414781306716e-05
2214,vascular_parenchyma,0.061083758366848664,0.12445026256832142,0.01,30983,11,1.0895703346947971,0.13786394708174088,2.7146111147588496e-05
2215,vascular_parenchyma,0.06556164964879668,0.12214966370563715,0.01,30997,11,1.0532509361713234,0.13786527764290823,2.71531369680281e-05
2216,vascular_parenchyma,0.06995457291991541,0.11969071265188119,0.01,31011,11,1.0169317282347483,0.13786971737217427,2.718059112630752e-05
2217,vascular_parenchyma,0.07425700440026758,0.11707650049117212,0.01,31025,11,0.9806129258922515,0.1378772663766987,2.717670083560583e-05
2218,vascular_parenchyma,0.07846322107381308,0.11430811023922048,0.01,31039,11,0.9442944754466177,0.13787521323877752,2.7155686241745073e-05
2219,vascular_parenchyma,0.08256040984535108,0.11137954864719259,0.01,31053,11,0.9079755442925301,0.13786832523351114,2.712517946379016e-05
2220,vascular_parenchyma,0.08654595873147808,0.10830252783796544,0.01,31067,11,0.8716562420813294,0.13786454725876243,2.7085117635614617e-05
2221,vascular_parenchyma,0.09041933015271478,0.1050866683366961,0.01,31081,11,0.8353367840781606,0.13786387964412064,2.7069193939963265e-05
2222,vascular_parenchyma,0.09417541179980031,0.10173465411067079,0.01,31095,11,0.7990173856062589,0.1378663224733289,2.7041549345759357e-05
2223,vascular_parenchyma,0.09780948254202367,0.09825070152451514,0.01,31109,11,0.7626982619798073,0.13787187559668998,2.69969786141775e-05
2224,vascular_parenchyma,0.10131697106441026,0.09463918882735387,0.01,31123,11,0.7263796284401676,0.1378805386383047,2.6975583756141335e-05
2225,vascular_parenchyma,0.10469212770353738,0.0909014480782321,0.01,31137,11,0.6900610425686463,0.1378724501384131,2.699148921443573e-05
2226,vascular_parenchyma,0.10791647987047677,0.0870326305180997,0.01,31151,11,0.6537419562548028,0.13786667695827926,2.7037267920435887e-05
2227,vascular_parenchyma,0.1110014092882014,0.08305400342756754,0.01,31165,11,0.6174225836629754,0.13786401388947747,2.7071859340448785e-05
2228,vascular_parenchyma,0.11394236714734383,0.07896802526902358,0.01,31179,11,0.5811031400437918,0.13786446096517918,2.7082706169862104e-05
2229,vascular_parenchyma,0.11673560197086211,0.07477971093711469,0.01,31193,11,0.5447838406153522,0.13786801793499318,2.70714969624986e-05
2230,vascular_parenchyma,0.11937760191226388,0.07049432670071591,0.01,31207,11,0.5084649004794692,0.13787468424799762,2.7075534993313398e-05
2231,vascular_parenchyma,0.12186440276198261,0.06611634947062837,0.01,31221,11,0.47214646682630507,0.1378781036474601,2.7092399132210634e-05
2232,vascular_parenchyma,0.12418627408709935,0.06164734440502808,0.01,31235,11,0.4358277400942664,0.13787033039318392,2.7101560251414577e-05
2233,vascular_parenchyma,0.12633489766272654,0.05709302155223142,0.01,31249,11,0.3995085950340882,0.13786566451798274,2.7100449137784816e-05
2234,vascular_parenchyma,0.12832111792472303,0.052467002576846125,0.01,31263,11,0.36318924607313435,0.13786410546143762,2.7089309556567684e-05
2235,vascular_parenchyma,0.13014093149474856,0.047773120497257494,0.01,31277,11,0.32686990741807204,0.13786565230148504,2.7101957916497226e-05
2236,vascular_parenchyma,0.13179205288386095,0.043017278452712096,0.01,31291,11,0.29055079295030634,0.1378703037644624,2.7138498549794397e-05
2237,vascular_parenchyma,0.13327240355290326,0.03820545558038643,0.01,31305,11,0.25423211612675656,0.13787805824686072,2.7147063796335483e-05
2238,vascular_parenchyma,0.13457831647015756,0.03334217244009545,0.01,31319,11,0.2179137850933805,0.1378754078957242,2.713168144434027e-05
2239,vascular_parenchyma,0.13569566345707043,0.02843146547337559,0.01,31333,11,0.18159498042754063,0.13786870658258502,2.710388136847671e-05
2240,vascular_parenchyma,0.1366318225735095,0.02348418717868444,0.01,31347,11,0.14527582971063827,0.13786510394413629,2.7070108294121625e-05
2241,vascular_parenchyma,0.13739178926328352,0.018507522970053775,0.01,31361,11,0.10895654486243708,0.13786459894557315,2.7078445942040077e-05
2242,vascular_parenchyma,0.1379736315424635,0.013506960957241586,0.01,31375,11,0.07263733748340608,0.13786719051345808,2.709010996630101e-05
2243,vascular_parenchyma,0.13837661880097188,0.008488789609761991,0.01,31389,11,0.03631841886140066,0.13787287760281328,2.709132082267263e-05
2244,vascular_parenchyma,0.13860024024714585,0.003459319065346199,0.01,31403,11,-1.806143395269229e-15,0.13788165925731985,2.708154050607669e-05
2245,vascular_parenchyma,0.1332099058836377,-0.001592424029956767,0.01,31417,12,-0.03807930008438097,0.13247336567059648,2.717720055144645e-05
2246,vascular_parenchyma,0.13307350546413363,-0.006648840188517641,0.01,31431,12,-0.07615938873841126,0.13246815462674616,2.717688483097407e-05
2247,vascular_parenchyma,0.13272051853745268,-0.011709144795966901,0.01,31445,12,-0.11423971817292217,0.13246854257546867,2.7165721582628395e-05
2248,vascular_parenchyma,0.13218073978508502,-0.01675288210876449,0.01,31459,12,-0.15231974023119926,0.13247453034129614,2.7147813220599353e-05
2249,vascular_parenchyma,0.13145423047669835,-0.021773508728320713,0.01,31473,12,-0.1903989352097963,0.13248211606150198,2.712347238008203e-05
2250,vascular_parenchyma,0.1305347828726275,-0.026764332910409666,0.01,31487,12,-0.22847842465850454,0.1324720913203216,2.714276246471453e-05
2251,vascular_parenchyma,0.12940943139211608,-0.03171260989090896,0.01,31501,12,-0.26655863306592387,0.13246767008699495,2.7160652466276775e-05
2252,vascular_parenchyma,0.12810593010543744,-0.036614851388092534,0.01,31515,12,-0.30463901070101684,0.13246885435599282,2.7153233629636635e-05
2253,vascular_parenchyma,0.1266221406132241,-0.04146552540931981,0.01,31529,12,-0.3427190072626516,0.13247564537718506,2.711855153374076e-05
2254,vascular_parenchyma,0.12495866951214116,-0.0462582928012064,0.01,31543,12,-0.38079818713385694,0.1324800396337464,2.712822837806602e-05
2255,vascular_parenchyma,0.12310834307712688,-0.05098375539844212,0.01,31557,12,-0.41887788979657603,0.13247083338995994,2.7151874752356804e-05
2256,vascular_parenchyma,0.12106832423460123,-0.05562988695173287,0.01,31571,12,-0.4569582313919504,0.13246723745786143,2.7158047945595556e-05
2257,vascular_parenchyma,0.11886137930750801,-0.060197196662759765,0.01,31585,12,-0.49503866011569475,0.13246925316330144,2.7155145103194563e-05
2258,vascular_parenchyma,0.1164871450995035,-0.06467980057652188,0.01,31599,12,-0.533118623850361,0.13247688096936988,2.7162047866337198e-05
2259,vascular_parenchyma,0.11394672248848417,-0.0690715303066414,0.01,31613,12,-0.5711978299474854,0.13247811498673182,2.717057984503351e-05
2260,vascular_parenchyma,0.11123285184668351,-0.07335973959755547,0.01,31627,12,-0.6092777214937657,0.13246975451393514,2.7175229250526748e-05
2261,vascular_parenchyma,0.1083518203934038,-0.07753637328194982,0.01,31641,12,-0.6473581642931745,0.13246700748358467,2.7176667641807493e-05
2262,vascular_parenchyma,0.10532107970618357,-0.08160397810157285,0.01,31655,12,-0.6854386056574395,0.13246987445677347,2.719297930514443e-05
2263,vascular_parenchyma,0.10214207279719377,-0.08555679161753281,0.01,31669,12,-0.7235184928416362,0.13247835520724627,2.7234782029781414e-05
2264,vascular_parenchyma,0.09881637747327444,-0.08938877612874216,0.01,31683,12,-0.7615977355654385,0.13247644171156825,2.7270436827419107e-05
2265,vascular_parenchyma,0.09533768551654366,-0.09308374523560851,0.01,31697,12,-0.7996777653065227,0.13246893637775012,2.7251157598809607e-05
2266,vascular_parenchyma,0.09171956777286953,-0.09664046719989716,0.01,31711,12,-0.8377582561788213,0.13246704506139587,2.721699011148455e-05
2267,vascular_parenchyma,0.08797438226440675,-0.10006162096942167,0.01,31725,12,-0.8758386553625307,0.13247076797540444,2.7199310382113615e-05
2268,vascular_parenchyma,0.08410529455741504,-0.10334203380399105,0.01,31739,12,-0.9139184100991032,0.1324801045828539,2.7180879655851243e-05
2269,vascular_parenchyma,0.08011437423856159,-0.10647576325147556,0.01,31753,12,-0.9519976911420649,0.13247504499836146,2.7156213331566695e-05
2270,vascular_parenchyma,0.07599739293349356,-0.10944307709586228,0.01,31767,12,-0.9900778023900895,0.13246839491361107,2.71308553482503e-05
2271,vascular_parenchyma,0.07177264981920292,-0.11225182524611915,0.01,31781,12,-1.0281582847737687,0.13246735817787925,2.7120646850689505e-05
2272,vascular_parenchyma,0.06744813944720586,-0.11490310058578296,0.01,31795,12,-1.0662385857540007,0.13247193452089295,2.7078408493735102e-05
2273,vascular_parenchyma,0.06302855499080037,-0.11739275593640597,0.01,31809,12,-1.1043181530401047,0.13248212283723323,2.7045483210274785e-05
2274,vascular_parenchyma,0.05851650116381281,-0.11971492291949812,0.01,31823,12,-1.1423974769159464,0.13247391076027804,2.7034276533853693e-05
2275,vascular_parenchyma,0.053910976101122166,-0.12184662398684161,0.01,31837,12,-1.1804776181688819,0.13246810703534231,2.708493136125438e-05
2276,vascular_parenchyma,0.04923190289830895,-0.12380629424622017,0.01,31851,12,-1.2185580435799388,0.13246791307198422,2.7125361959238466e-05
2277,vascular_parenchyma,0.044484084179320926,-0.1255920288446788,0.01,31865,12,-1.2566382018792186,0.13247332774505732,2.712318065499868e-05
2278,vascular_parenchyma,0.03967334906858647,-0.12720098484873973,0.01,31879,12,-1.2947175435643836,0.13248354894813502,2.7096831226970358e-05
2279,vascular_parenchyma,0.03480297401192708,-0.12862690111183908,0.01,31893,12,-1.3327969330773217,0.13247296141784934,2.711497258079424e-05
2280,vascular_parenchyma,0.02987672765284246,-0.12984628173858406,0.01,31907,12,-1.3708770775264043,0.1324679774701982,2.7145514677834282e-05
2281,vascular_parenchyma,0.024911880723947965,-0.13088624838617186,0.01,31921,12,-1.40895742753616,0.13246859632904054,2.7167436484250886e-05
2282,vascular_parenchyma,0.01991204474833821,-0.131741986268787,0.01,31935,12,-1.447037434096245,0.132474816587465,2.7193745952495397e-05
2283,vascular_parenchyma,0.014883456059414785,-0.13241165151160653,0.01,31949,12,-1.485116590569683,0.13248183388400162,2.724033743020878e-05
2284,vascular_parenchyma,0.00983094537343001,-0.13288687750803782,0.01,31963,12,-1.5231960740758614,0.13247203717556982,2.7254746598288838e-05
2285,vascular_parenchyma,0.004763386793745753,-0.13315331343442272,0.01,31977,12,-1.5612762422718525,0.13246783847721105,2.724961163471286e-05
2286,vascular_parenchyma,-0.0003085240851521415,-0.13323567244958057,0.01,31991,12,-1.5993565474140121,0.132469238055351,2.7248156576754896e-05
2287,vascular_parenchyma,-0.005379976676176542,-0.13313050656598535,0.01,32005,12,-1.637436441722464,0.13247623582216786,2.724555456835553e-05
2288,vascular_parenchyma,-0.010444757828047286,-0.13283654103365367,0.01,32019,12,-1.6755155170499545,0.13248002666661754,2.7252799316469878e-05
2289,vascular_parenchyma,-0.01549559067595704,-0.13234376942410506,0.01,32033,12,-1.7135951461784282,0.13247100642612733,2.7249508893478978e-05
2290,vascular_parenchyma,-0.020521832921640316,-0.13164778335609192,0.01,32047,12,-1.7516753930463986,0.1324675866675901,2.721837807731466e-05
2291,vascular_parenchyma,-0.02551779568084066,-0.13076956544906362,0.01,32061,12,-1.7897557089157505,0.1324697690894557,2.717609395267313e-05
2292,vascular_parenchyma,-0.03047786955799128,-0.12970729305129874,0.01,32075,12,-1.8278355445615473,0.1324775547910645,2.71572647339741e-05
2293,vascular_parenchyma,-0.03539584574238389,-0.12846020802322372,0.01,32089,12,-1.8659146454152784,0.1324781378373513,2.7131313585684304e-05
2294,vascular_parenchyma,-0.040261248282570106,-0.12701738286400466,0.01,32103,12,-1.9039944635605823,0.13246991955225712,2.7104009449792047e-05
2295,vascular_parenchyma,-0.045065066328788636,-0.12538421510263334,0.01,32117,12,-1.9420748242601344,0.13246730902669482,2.710774534396827e-05
2296,vascular_parenchyma,-0.04980482103362867,-0.12357714289150235,0.01,32131,12,-1.9801551764779262,0.13247030780659824,2.7130290349058015e-05
2297,vascular_parenchyma,-0.05447455366268373,-0.12159612151716925,0.01,32145,12,-2.0182349687926036,0.132478916590609,2.7107545490000392e-05
2298,vascular_parenchyma,-0.05906802535979602,-0.11944088489592021,0.01,32159,12,-2.0563141583164444,0.13247632749641666,2.7060273757270117e-05
2299,vascular_parenchyma,-0.06357100788062611,-0.11710051858809055,0.01,32173,12,-2.094394161393805,0.1324689449973927,2.703402617248593e-05
2300,vascular_parenchyma,-0.06797935172835463,-0.11458917522652237,0.01,32187,12,-2.1324746220652178,0.1324671751284825,2.705842962608197e-05
2301,vascular_parenchyma,-0.07229189986770079,-0.11191847803674099,0.01,32201,12,-2.1705549878754056,0.13247101857547247,2.7100371290513063e-05
2302,vascular_parenchyma,-0.07650281777814168,-0.10909020137447126,0.01,32215,12,-2.208634706283159,0.1324804751967662,2.7134898012443915e-05
2303,vascular_parenchyma,-0.08060579787554085,-0.10610458017622475,0.01,32229,12,-2.24671400572456,0.13247473493656958,2.714335284575292e-05
2304,vascular_parenchyma,-0.08458255944586845,-0.10295181192956762,0.01,32243,12,-2.284794151674284,0.13246820507545887,2.716891690939177e-05
2305,vascular_parenchyma,-0.08843665694353561,-0.0996529104389432,0.01,32257,12,-2.3228746657139716,0.13246728926935358,2.7190950789890364e-05
2306,vascular_parenchyma,-0.0921664157353598,-0.0962149544513588,0.01,32271,12,-2.360954995018112,0.13247198767874593,2.7207818390380396e-05
2307,vascular_parenchyma,-0.09576659787068025,-0.09264146409280216,0.01,32285,12,-2.3990345868465903,0.13248229971900877,2.723816809430748e-05
2308,vascular_parenchyma,-0.0992307960262406,-0.08893321685226825,0.01,32299,12,-2.4371140000017437,0.132473413513732,2.7262710811465403e-05
2309,vascular_parenchyma,-0.10253667000476188,-0.08508272036351608,0.01,32313,12,-2.4751942332568664,0.1324677395767236,2.725360213094707e-05
2310,vascular_parenchyma,-0.10569773625673742,-0.0811152281507166,0.01,32327,12,-2.5132747443319765,0.1324676796216861,2.72146983319989e-05
2311,vascular_parenchyma,-0.10871014505134195,-0.07703404985874986,0.01,32341,12,-2.551354980474011,0.13247323348177975,2.7186122948039533e-05
2312,vascular_parenchyma,-0.11156955908523457,-0.0728440260477056,0.01,32355,12,-2.589434393852278,0.13248279964578036,2.7175088852369665e-05
2313,vascular_parenchyma,-0.11426851650096663,-0.06854642447825769,0.01,32369,12,-2.6275139179526397,0.13247236585094677,2.7173726957242625e-05
2314,vascular_parenchyma,-0.11678475157783098,-0.06413931593823578,0.01,32383,12,-2.6655941831243304,0.1324675440548901,2.7168814126599392e-05
2315,vascular_parenchyma,-0.11913882592869385,-0.059646041109625465,0.01,32397,12,-2.703674637223252,0.1324683342222546,2.716417399326192e-05
2316,vascular_parenchyma,-0.12132519823690413,-0.05506887876655081,0.01,32411,12,-2.741754728250713,0.13247473545865893,2.715589910322152e-05
2317,vascular_parenchyma,-0.12334030327142725,-0.050413221606723256,0.01,32425,12,-2.7798339617717174,0.13248114362883015,2.7157857021033423e-05
2318,vascular_parenchyma,-0.1251742061851731,-0.04568136310730034,0.01,32439,12,-2.8179135613401693,0.13247154890997093,2.7140852922933162e-05
2319,vascular_parenchyma,-0.12681218151583873,-0.04087850646041683,0.01,32453,12,-2.8559938172833927,0.1324675612647983,2.712440062374593e-05
2320,vascular_parenchyma,-0.12827415306335865,-0.036021176141521234,0.01,32467,12,-2.8940741791295603,0.13246917983733045,2.7135345814048367e-05
2321,vascular_parenchyma,-0.12955558654013383,-0.031113160172820772,0.01,32481,12,-2.932154096827259,0.13247640300345864,2.716404318041565e-05
2322,vascular_parenchyma,-0.1306534503221221,-0.02616000286971735,0.01,32495,12,-2.970233188057317,0.13247962377342015,2.7154030633896754e-05
2323,vascular_parenchyma,-0.13155555934424343,-0.02116601125485033,0.01,32509,12,-3.0083128509626547,0.13247083583618566,2.713630697149691e-05
2324,vascular_parenchyma,-0.13225635027380378,-0.016140508561857666,0.01,32523,12,-3.0463930954330167,0.13246764797165295,2.7136302266717206e-05
2325,vascular_parenchyma,-0.13277344402321825,-0.011094371316642542,0.01,32537,12,-3.0844733731871794,0.13247005958970504,2.7157628275836346e-05
2326,vascular_parenchyma,-0.13310366825431302,-0.006032580052694252,0.01,32551,12,-3.122553136223401,0.1324780696564831,2.717210581549244e-05
2327,vascular_parenchyma,-0.13324447469965328,-0.0009608391685413374,0.01,32565,12,3.1225531362233987,0.13247806965648312,2.7179262174320677e-05
2328,vascular_parenchyma,-0.1331819362299837,0.004113610009594934,0.01,32579,12,3.084473373187177,0.13247005958970515,2.717926217432051e-05
2329,vascular_parenchyma,-0.13292039559709376,0.009180640752474708,0.01,32593,12,3.0463930954330145,0.13246764797165309,2.7172105815492636e-05
2330,vascular_parenchyma,-0.13247393729522128,0.014233506668339078,0.01,32607,12,3.0083128509626524,0.13247083583618585,2.7157628275836485e-05
2331,vascular_parenchyma,-0.13184101938849344,0.019266428473194756,0.01,32621,12,2.9702331880573154,0.1324796237734204,2.7136302266717314e-05
2332,vascular_parenchyma,-0.13101955131630788,0.024273513536486668,0.01,32635,12,2.9321540968272566,0.1324764030034589,2.713630697149701e-05
2333,vascular_parenchyma,-0.1299946340639924,0.029243805096581196,0.01,32649,12,2.894074179129558,0.13246917983733075,2.7154030633896784e-05
2334,vascular_parenchyma,-0.12878033107447479,0.034169768423701515,0.01,32663,12,2.855993817283391,0.1324675612647986,2.7164043180415592e-05
2335,vascular_parenchyma,-0.12738645196018095,0.039047041602476726,0.01,32677,12,2.8179135613401676,0.13247154890997123,2.7135345814048353e-05
2336,vascular_parenchyma,-0.12581324888331621,0.043869494362777504,0.01,32691,12,2.7798339617717156,0.13248114362883043,2.712440062374584e-05
2337,vascular_parenchyma,-0.12405909081932741,0.048631005925887184,0.01,32705,12,2.741754728250711,0.1324747354586592,2.714085292293316e-05
2338,vascular_parenchyma,-0.12210909943413738,0.05331632548833491,0.01,32719,12,2.70367463722325,0.1324683342222549,2.7157857021033487e-05
2339,vascular_parenchyma,-0.11998595262363877,0.05792375113212789,0.01,32733,12,2.6655941831243286,0.13246754405489042,2.7155899103221664e-05
2340,vascular_parenchyma,-0.11769497955876615,0.06244946449834731,0.01,32747,12,2.6275139179526383,0.13247236585094704,2.7164173993261984e-05
2341,vascular_parenchyma,-0.11523827814538999,0.06688745984988599,0.01,32761,12,2.589434393852277,0.13248279964578064,2.716881412659941e-05
2342,vascular_parenchyma,-0.11261471190651832,0.07123134633927482,0.01,32775,12,2.55135498047401,0.13247323348178003,2.7173726957242584e-05
2343,vascular_parenchyma,-0.10981058910350111,0.07546125734045493,0.01,32789,12,2.513274744331975,0.13246767962168635,2.7175088852369445e-05
2344,vascular_parenchyma,-0.10685524128039448,0.07958418848966989,0.01,32803,12,2.4751942332568655,0.13246773957672378,2.7186122948039465e-05
2345,vascular_parenchyma,-0.10374984801348572,0.08359506815123828,0.01,32817,12,2.437114000001742,0.13247341351373218,2.7214698331998992e-05
2346,vascular_parenchyma,-0.100497887193031,0.08748838860393841,0.01,32831,12,2.399034586846588,0.13248229971900888,2.7253602130947216e-05
2347,vascular_parenchyma,-0.09709822425265205,0.09125614876407276,0.01,32845,12,2.3609549950181115,0.13247198767874602,2.7262710811465014e-05
2348,vascular_parenchyma,-0.09354412390543722,0.09487853461252259,0.01,32859,12,2.32287466571397,0.1324672892693536,2.7238168094307268e-05
2349,vascular_parenchyma,-0.08986277960013334,0.09836835538775333,0.01,32873,12,2.2847941516742822,0.13246820507545887,2.720781839038087e-05
2350,vascular_parenchyma,-0.08605500623445528,0.1017196989952119,0.01,32887,12,2.2467140057245576,0.13247473493656953,2.7190950789890662e-05
2351,vascular_parenchyma,-0.08212489525955387,0.1049276058924325,0.01,32901,12,2.2086347062831573,0.1324804751967661,2.7168916909391916e-05
2352,vascular_parenchyma,-0.078071719910918,0.10798136570089163,0.01,32915,12,2.170554987875404,0.13247101857547233,2.7143352845752688e-05
2353,vascular_parenchyma,-0.07389743867112367,0.11086667956040558,0.01,32929,12,2.132474622065215,0.13246717512848238,2.7134898012444165e-05
2354,vascular_parenchyma,-0.06962264311848616,0.11359744898442269,0.01,32943,12,2.094394161393803,0.13246894499739253,2.710037129051294e-05
2355,vascular_parenchyma,-0.06524986459186216,0.11616834431440003,0.01,32957,12,2.0563141583164417,0.1324763274964165,2.7058429626082002e-05
2356,vascular_parenchyma,-0.06078349918029481,0.11857485582290628,0.01,32971,12,2.0182349687926004,0.13247891659060881,2.7034026172486303e-05
2357,vascular_parenchyma,-0.056224246101110376,0.12080352738911372,0.01,32985,12,1.9801551764779242,0.13247030780659802,2.7060273757269968e-05
2358,vascular_parenchyma,-0.0515802660197116,0.12284790986833938,0.01,32999,12,1.9420748242601324,0.13246730902669462,2.7107545490000175e-05
2359,vascular_parenchyma,-0.04686624462129405,0.12472110255217975,0.01,33013,12,1.9039944635605799,0.13246991955225693,2.7130290349058133e-05
2360,vascular_parenchyma,-0.0420862165407338,0.12641878215052943,0.01,33027,12,1.8659146454152753,0.1324781378373511,2.7107745343968622e-05
2361,vascular_parenchyma,-0.03724488043927311,0.12793683926335764,0.01,33041,12,1.8278355445615444,0.13247755479106438,2.7104009449792223e-05
2362,vascular_parenchyma,-0.032345389492766996,0.12925932735446302,0.01,33055,12,1.7897557089157479,0.13246976908945557,2.713131358568421e-05
2363,vascular_parenchyma,-0.027399093758257907,0.1303892128496352,0.01,33069,12,1.7516753930463957,0.13246758666759004,2.7157264733974127e-05
2364,vascular_parenchyma,-0.022415918854505813,0.13133722308411655,0.01,33083,12,1.7135951461784258,0.1324710064261273,2.7176093952672992e-05
2365,vascular_parenchyma,-0.017401094057006305,0.13210040237375406,0.01,33097,12,1.6755155170499518,0.1324800266666176,2.7218378077314792e-05
2366,vascular_parenchyma,-0.012359645337215864,0.13267501233922108,0.01,33111,12,1.6374364417224607,0.13247623582216791,2.724950889347931e-05
2367,vascular_parenchyma,-0.007298143430390722,0.13304316356109905,0.01,33125,12,1.5993565474140095,0.13246923805535107,2.7252799316469976e-05
2368,vascular_parenchyma,-0.002227797799212977,0.1332179329007582,0.01,33139,12,1.5612762422718494,0.13246783847721116,2.7245554568355418e-05
2369,vascular_parenchyma,0.0028447322600672455,0.1332065269915964,0.01,33153,12,1.5231960740758577,0.13247203717556996,2.724815657675512e-05
2370,vascular_parenchyma,0.007913411113299587,0.1330076363167716,0.01,33167,12,1.4851165905696793,0.13248183388400175,2.7249611634712895e-05
2371,vascular_parenchyma,0.012972843171292646,0.13261789188728118,0.01,33181,12,1.447037434096242,0.1324748165874651,2.7254746598288618e-05
2372,vascular_parenchyma,0.018012215473857167,0.13201828201237514,0.01,33195,12,1.4089574275361567,0.1324685963290406,2.724033743020879e-05
2373,vascular_parenchyma,0.023023884229114312,0.13123176074779588,0.01,33209,12,1.3708770775264008,0.13246797747019834,2.7193745952495447e-05
2374,vascular_parenchyma,0.02800273505344487,0.13026135275471187,0.01,33223,12,1.332796933077319,0.13247296141784948,2.7167436484250754e-05
2375,vascular_parenchyma,0.032942373056707,0.12910757117675942,0.01,33237,12,1.2947175435643807,0.13248354894813513,2.714551467783418e-05
2376,vascular_parenchyma,0.037836982697515786,0.12776744411340382,0.01,33251,12,1.2566382018792157,0.13247332774505738,2.7114972580794507e-05
2377,vascular_parenchyma,0.04267088985739476,0.12622189125984343,0.01,33265,12,1.2185580435799355,0.13246791307198424,2.7096831226970575e-05
2378,vascular_parenchyma,0.047443302792825506,0.12450257933512107,0.01,33279,12,1.1804776181688796,0.13246810703534237,2.712318065499856e-05
2379,vascular_parenchyma,0.05214883316414013,0.12260821542549727,0.01,33293,12,1.142397476915944,0.1324739107602781,2.712536195923825e-05
2380,vascular_parenchyma,0.0567812183474809,0.12054064370995977,0.01,33307,12,1.104318153040102,0.13248212283723332,2.7084931361254477e-05
2381,vascular_parenchyma,0.06133269889047872,0.11829615394580695,0.01,33321,12,1.0662385857539989,0.13247193452089304,2.7034276533853568e-05
2382,vascular_parenchyma,0.06578676352511116,0.11586430550618537,0.01,33335,12,1.028158284773767,0.1324673581778793,2.704548321027453e-05
2383,vascular_parenchyma,0.07014797258506855,0.11327375223012519,0.01,33349,12,0.9900778023900876,0.13246839491361115,2.7078408493735115e-05
2384,vascular_parenchyma,0.07441041827390218,0.1105238053921303,0.01,33363,12,0.9519976911420636,0.13247504499836155,2.7120646850689333e-05
2385,vascular_parenchyma,0.07856819023318422,0.10761691273297237,0.01,33377,12,0.9139184100991016,0.13248010458285397,2.7130855348250134e-05
2386,vascular_parenchyma,0.0826107361295895,0.10454909453438646,0.01,33391,12,0.8758386553625285,0.13247076797540455,2.7156213331566895e-05
2387,vascular_parenchyma,0.08652473850923971,0.10131961792184278,0.01,33405,12,0.8377582561788189,0.13246704506139595,2.7180879655851406e-05
2388,vascular_parenchyma,0.09031742593822958,0.09795116571546686,0.01,33419,12,0.7996777653065208,0.13246893637775017,2.719931038211342e-05
2389,vascular_parenchyma,0.0939830093904186,0.09444485633265927,0.01,33433,12,0.7615977355654366,0.1324764417115683,2.7216990111484345e-05
2390,vascular_parenchyma,0.09751590290110679,0.09080356014181167,0.01,33447,12,0.723518492841634,0.1324783552072463,2.725115759880973e-05
2391,vascular_parenchyma,0.10090246485191653,0.087024010921569,0.01,33461,12,0.6854386056574379,0.13246987445677347,2.7270436827419046e-05
2392,vascular_parenchyma,0.10413546280360766,0.08311337775191051,0.01,33475,12,0.6473581642931722,0.13246700748358464,2.7234782029781448e-05
2393,vascular_parenchyma,0.10722280058262335,0.07908855910178379,0.01,33489,12,0.6092777214937629,0.13246975451393508,2.7192979305144735e-05
2394,vascular_parenchyma,0.11015927341646689,0.07495238632265472,0.01,33503,12,0.5711978299474834,0.13247811498673176,2.7176667641807425e-05
2395,vascular_parenchyma,0.11293957494130175,0.07070814171803391,0.01,33517,12,0.5331186238503585,0.13247688096936983,2.71752292505267e-05
2396,vascular_parenchyma,0.115546958160827,0.06635434042933279,0.01,33531,12,0.4950386601156924,0.13246925316330135,2.717057984503351e-05
2397,vascular_parenchyma,0.1179825606116953,0.061903542756671065,0.01,33545,12,0.45695823139194797,0.13246723745786135,2.716204786633707e-05
2398,vascular_parenchyma,0.12025316311934235,0.057367565439878816,0.01,33559,12,0.41887788979657414,0.13247083338995985,2.7155145103194444e-05
2399,vascular_parenchyma,0.12235457418426614,0.05275074886831737,0.01,33573,12,0.38079818713385477,0.13248003963374633,2.7158047945595322e-05
2400,vascular_parenchyma,0.12428173367466895,0.04805680655331577,0.01,33587,12,0.3427190072626488,0.13247564537718498,2.7151874752356933e-05
2401,vascular_parenchyma,0.12601507113935098,0.043287116159130806,0.01,33601,12,0.30463901070101473,0.1324688543559927,2.7128228378065904e-05
2402,vascular_parenchyma,0.12756561890132076,0.03845658477243832,0.01,33615,12,0.26655863306592187,0.13246767008699487,2.7118551533740533e-05
2403,vascular_parenchyma,0.12893755059465248,0.03357309492211696,0.01,33629,12,0.22847842465850196,0.13247209132032153,2.7153233629636534e-05
2404,vascular_parenchyma,0.13012805706015038,0.02864219425363293,0.01,33643,12,0.1903989352097943,0.13248211606150198,2.716065246627679e-05
2405,vascular_parenchyma,0.13113231276681112,0.023668071768008506,0.01,33657,12,0.15231974023119724,0.13247453034129617,2.714276246471449e-05
2406,vascular_parenchyma,0.13192850600509715,0.018655987636243144,0.01,33671,12,0.1142397181729201,0.13246854257546867,2.7123472380082175e-05
2407,vascular_parenchyma,0.13253821985922065,0.01361981922510216,0.01,33685,12,0.07615938873840873,0.13246815462674616,2.7147813220599635e-05
2408,vascular_parenchyma,0.13296194951544038,0.008565009601791114,0.01,33699,12,0.038079300084378695,0.13247336567059648,2.716572158262849e-05
2409,vascular_parenchyma,0.13319855737481098,0.003497929676296983,0.01,33713,12,-1.474082396893956e-15,0.1324841744675092,2.71757555545489e-05
2410,vascular_parenchyma,0.12782702558532083,-0.0015931141833179212,0.01,33727,13,-0.03951628881755713,0.12709087655876736,2.6982404713433343e-05
2411,vascular_parenchyma,0.1276855409796164,-0.006627411525168247,0.01,33741,13,-0.07903357060271529,0.12708695180673096,2.699809053026436e-05
2412,vascular_parenchyma,0.12732271700246972,-0.011665393541209431,0.01,33755,13,-0.1185508462914259,0.12709103749425732,2.700125546737147e-05
2413,vascular_parenchyma,0.12676901565577128,-0.016686045134286537,0.01,33769,13,-0.15806711774588816,0.12710233666727694,2.698892531950919e-05
2414,vascular_parenchyma,0.12601936587817963,-0.021683726270608605,0.01,33783,13,-0.19758347259899015,0.1270905685256777,2.7025625263301323e-05
2415,vascular_parenchyma,0.12505026805077848,-0.02664366818004763,0.01,33797,13,-0.23710080608559567,0.12708681372644662,2.7060746309683952e-05
2416,vascular_parenchyma,0.12389910789072298,-0.03156176776473907,0.01,33811,13,-0.2766181175165311,0.12709107437544642,2.703259119082657e-05
2417,vascular_parenchyma,0.12256204338013178,-0.036432743476744064,0.01,33825,13,-0.31613441051985414,0.1271017571534024,2.7028843909829987e-05
2418,vascular_parenchyma,0.12103446930218945,-0.04124992701306132,0.01,33839,13,-0.35565086234857185,0.12709017638615203,2.7044417304088987e-05
2419,vascular_parenchyma,0.11929702785279035,-0.04599552874614978,0.01,33853,13,-0.39516827119318015,0.12708661491890758,2.704611325162521e-05
2420,vascular_parenchyma,0.11738624334653855,-0.05067118320402746,0.01,33867,13,-0.43468563429105955,0.12709107460682012,2.7029967016638973e-05
2421,vascular_parenchyma,0.11529915112801949,-0.05527105397790767,0.01,33881,13,-0.47420195951594696,0.1271011649501898,2.7023474551730586e-05
2422,vascular_parenchyma,0.11303182025264036,-0.05978745798230112,0.01,33895,13,-0.5137185100693723,0.1270897940171887,2.7023981548599393e-05
2423,vascular_parenchyma,0.11056936091586728,-0.06420050691430104,0.01,33909,13,-0.5532359889735348,0.12708644649048573,2.7022637365406313e-05
2424,vascular_parenchyma,0.10794658768529486,-0.0685172042318512,0.01,33923,13,-0.5927533921181188,0.12709112356681834,2.702008631444394e-05
2425,vascular_parenchyma,0.10516149196213413,-0.07273130326970921,0.01,33937,13,-0.6322697350504081,0.12710063739344352,2.6996485721021286e-05
2426,vascular_parenchyma,0.10221103224434036,-0.07683416149963904,0.01,33951,13,-0.6717863632980218,0.12708948917639576,2.69499764297573e-05
2427,vascular_parenchyma,0.09908492929651085,-0.08080473589013963,0.01,33965,13,-0.7113038873950689,0.12708636600669193,2.6934255393599704e-05
2428,vascular_parenchyma,0.09581553381824104,-0.08465491070871485,0.01,33979,13,-0.7508213027293419,0.12709126859936523,2.6956929037431133e-05
2429,vascular_parenchyma,0.09240184867694487,-0.08837818490542755,0.01,33993,13,-0.7903376358583504,0.1271002119904414,2.6934117719463975e-05
2430,vascular_parenchyma,0.08884193508303226,-0.09196505612454517,0.01,34007,13,-0.8298543103429804,0.12708929055721407,2.688112425931842e-05
2431,vascular_parenchyma,0.08513008499502236,-0.09539425824293353,0.01,34021,13,-0.8693718470609341,0.1270863943840835,2.6945690591558498e-05
2432,vascular_parenchyma,0.08129554016021512,-0.09868196863497497,0.01,34035,13,-0.9088892413634829,0.12709152393915682,2.6984856923207697e-05
2433,vascular_parenchyma,0.0773383449779523,-0.10182159505243046,0.01,34049,13,-0.9484055337580181,0.12709989729387292,2.700666880260225e-05
2434,vascular_parenchyma,0.07325786544379677,-0.10480291940958417,0.01,34063,13,-0.9879222210334084,0.1270892019499246,2.7044663104066828e-05
2435,vascular_parenchyma,0.06905275098632936,-0.10760533819986115,0.01,34077,13,-1.0274397372901392,0.12708653101624645,2.7069775777531415e-05
2436,vascular_parenchyma,0.06474861007806729,-0.11024865586797927,0.01,34091,13,-1.0669570782462225,0.1270918845296963,2.7082535061500947e-05
2437,vascular_parenchyma,0.06034653226819465,-0.11272635491460903,0.01,34105,13,-1.1064733013550951,0.12709968327496787,2.7115383135207338e-05
2438,vascular_parenchyma,0.05584737030005009,-0.11502768833844246,0.01,34119,13,-1.1459899718725859,0.12708920742702942,2.714292503408224e-05
2439,vascular_parenchyma,0.051253757274557804,-0.11713352376048755,0.01,34133,13,-1.1855074405368835,0.12708675302724634,2.7093528201707422e-05
2440,vascular_parenchyma,0.04658727344431185,-0.11906657157503996,0.01,34147,13,-1.225024704217898,0.12709231946040028,2.7061772280305536e-05
2441,vascular_parenchyma,0.041850030915213186,-0.12082055375302582,0.01,34161,13,-1.2645408405680627,0.12709952990407858,2.7072554210101708e-05
2442,vascular_parenchyma,0.03704452290627495,-0.12238442126355725,0.01,34175,13,-1.3040574785870442,0.1270892570630739,2.708232396228587e-05
2443,vascular_parenchyma,0.032176852225390636,-0.12374121736767878,0.01,34189,13,-1.3435748896059585,0.12708700027449596,2.706255708059434e-05
2444,vascular_parenchyma,0.027264309266982676,-0.12491580642747072,0.01,34203,13,-1.3830920724675944,0.12709275854801252,2.701842661734111e-05
2445,vascular_parenchyma,0.022309980434127026,-0.1259023098381251,0.01,34217,13,-1.4226081279442442,0.12709935772588712,2.6986939723794553e-05
2446,vascular_parenchyma,0.01731811677665935,-0.1266896396243411,0.01,34231,13,-1.4621247435551046,0.12708926399650308,2.695563452745612e-05
2447,vascular_parenchyma,0.01229766028082637,-0.12726359294560705,0.01,34245,13,-1.5016421148002501,0.12708718090989415,2.6953978494903038e-05
2448,vascular_parenchyma,0.007261482253534197,-0.12765042878855584,0.01,34259,13,-1.541159242342347,0.12709310807602842,2.6949575721871468e-05
2449,vascular_parenchyma,0.0022135700556391046,-0.12784481943879963,0.01,34273,13,-1.5806752517263445,0.12709907505035567,2.6892853917798213e-05
2450,vascular_parenchyma,-0.0028399945378187034,-0.12783593126966794,0.01,34287,13,-1.620191882773148,0.12708914329521953,2.6856287140606206e-05
2451,vascular_parenchyma,-0.007888150953102578,-0.1276127486787623,0.01,34301,13,-1.6597092570668168,0.1270872211393905,2.6923981559209234e-05
2452,vascular_parenchyma,-0.012922448528487774,-0.12720217978926496,0.01,34315,13,-1.6992263754057793,0.12709330958765908,2.695783460837811e-05
2453,vascular_parenchyma,-0.017938096163277534,-0.12659958583994313,0.01,34329,13,-1.738742388578051,0.12709864266459683,2.694408764033561e-05
2454,vascular_parenchyma,-0.022927159710006265,-0.1257947018685443,0.01,34343,13,-1.7782590821053976,0.1270888777091748,2.6966943990424155e-05
2455,vascular_parenchyma,-0.02787724039995729,-0.12477997270683532,0.01,34357,13,-1.8177765041416194,0.12708712676701975,2.7004838503367032e-05
2456,vascular_parenchyma,-0.03278418905843755,-0.12358224341058505,0.01,34371,13,-1.8572936537933646,0.12709339157172472,2.7028100557796295e-05
2457,vascular_parenchyma,-0.0376425288559159,-0.12219768382388119,0.01,34385,13,-1.8968097082796669,0.127098109964547,2.7068945289080047e-05
2458,vascular_parenchyma,-0.042442506685619094,-0.12061692282689263,0.01,34399,13,-1.9363264934101663,0.12708853388406127,2.7080857282495655e-05
2459,vascular_parenchyma,-0.04717119208246652,-0.1188359715993203,0.01,34413,13,-1.9758439849084226,0.12708697771005345,2.706104916245608e-05
2460,vascular_parenchyma,-0.051828507605371346,-0.11688095385089145,0.01,34427,13,-2.0153611798410616,0.1270934428837955,2.7070694309808357e-05
2461,vascular_parenchyma,-0.05640842583770956,-0.11474894746315174,0.01,34441,13,-2.0548772847098697,0.12709757022551305,2.7123155081013638e-05
2462,vascular_parenchyma,-0.06089946576772115,-0.11243180294487885,0.01,34455,13,-2.0943941614146526,0.12708820501114398,2.7130362940334687e-05
2463,vascular_parenchyma,-0.06528896509011266,-0.10992903818017212,0.01,34469,13,-2.133911715478999,0.12708686364380287,2.7100586511681864e-05
2464,vascular_parenchyma,-0.069580592584902,-0.10726546880621471,0.01,34483,13,-2.173428942687643,0.12709354690897987,2.7077997714745827e-05
2465,vascular_parenchyma,-0.07376791965442443,-0.10443915840892162,0.01,34497,13,-2.212945082439232,0.12709709836856542,2.705833907661417e-05
2466,vascular_parenchyma,-0.07783788812766677,-0.10144349988713644,0.01,34511,13,-2.25246202871434,0.12708795628308792,2.703577300092976e-05
2467,vascular_parenchyma,-0.08177886623960376,-0.09828129882804144,0.01,34525,13,-2.291979619717732,0.12708683956587374,2.699769488832762e-05
2468,vascular_parenchyma,-0.08559786479363059,-0.09497556001946188,0.01,34539,13,-2.3314968507775315,0.1270937485377838,2.6968077956892735e-05
2469,vascular_parenchyma,-0.08928821446551033,-0.09152538637543962,0.01,34553,13,-2.3710129975587737,0.1270967296889451,2.6914579378757932e-05
2470,vascular_parenchyma,-0.09283549040294047,-0.087926015653183,0.01,34567,13,-2.4105299816593875,0.1270878144475042,2.690078206583138e-05
2471,vascular_parenchyma,-0.09622978664196276,-0.08418317328866927,0.01,34581,13,-2.4500475768582204,0.1270869247292267,2.6957974122461232e-05
2472,vascular_parenchyma,-0.09948099084518097,-0.08031764307388024,0.01,34595,13,-2.4895647784705486,0.12709406060853404,2.694759806809873e-05
2473,vascular_parenchyma,-0.10258236037326962,-0.07632959480542376,0.01,34609,13,-2.5290809013504174,0.12709647159238524,2.6934103861349103e-05
2474,vascular_parenchyma,-0.1055183713066856,-0.07221638374089837,0.01,34623,13,-2.5685978898982156,0.12708778226078254,2.6970268830508447e-05
2475,vascular_parenchyma,-0.10828144383557076,-0.06798615433135793,0.01,34637,13,-2.6081154563689553,0.12708711750255733,2.7017601193758898e-05
2476,vascular_parenchyma,-0.1108838345692781,-0.06365715773867767,0.01,34651,13,-2.6476325964882315,0.12709447694402198,2.702016170481197e-05
2477,vascular_parenchyma,-0.11331889726276985,-0.05923063111621215,0.01,34665,13,-2.6871486672475573,0.12709631270374944,2.7018920275792618e-05
2478,vascular_parenchyma,-0.11557032880568019,-0.05470627939876461,0.01,34679,13,-2.726665631230508,0.12708784219018093,2.7025353746189655e-05
2479,vascular_parenchyma,-0.11763335702870988,-0.050094053869902566,0.01,34693,13,-2.766183142564514,0.12708739312756087,2.7017504252812322e-05
2480,vascular_parenchyma,-0.11952207611699943,-0.04540946315814047,0.01,34707,13,-2.8057001981919174,0.12709496448692822,2.7035294076824715e-05
2481,vascular_parenchyma,-0.12123010418599256,-0.0406547854993138,0.01,34721,13,-2.845216200315542,0.1270962105930662,2.7050394972917433e-05
2482,vascular_parenchyma,-0.12274072513428573,-0.035832257851813834,0.01,34735,13,-2.884733125327855,0.1270879417850987,2.7034100464790057e-05
2483,vascular_parenchyma,-0.12405231851206938,-0.03095294059751872,0.01,34749,13,-2.9242505730213444,0.12708768892328576,2.7024301976727387e-05
2484,vascular_parenchyma,-0.12518028067868178,-0.026029490919311973,0.01,34763,13,-2.9637675423478576,0.12709545064317054,2.704985291954598e-05
2485,vascular_parenchyma,-0.12611865673863482,-0.0210651757316909,0.01,34777,13,-3.0032834833015984,0.12709608376014447,2.7046519540177672e-05
2486,vascular_parenchyma,-0.1268507228518887,-0.01606488765033583,0.01,34791,13,-3.042800381371309,0.12708799266535417,2.700502698106306e-05
2487,vascular_parenchyma,-0.12737820353117646,-0.011040040952500899,0.01,34805,13,-3.08231778523381,0.12708791222963958,2.699703170760528e-05
2488,vascular_parenchyma,-0.12771727598739974,-0.006000428756832612,0.01,34819,13,-3.1218346956011898,0.12709584175387095,2.7001729938617038e-05
2489,vascular_parenchyma,-0.12786256577479863,-0.0009502287711822963,0.01,34833,13,3.121834695601187,0.127095841753871,2.6990327465096262e-05
2490,vascular_parenchyma,-0.12779777606652204,0.0041029541525132406,0.01,34847,13,3.0823177852338066,0.1270879122296396,2.6990327465096537e-05
2491,vascular_parenchyma,-0.1275280093454505,0.009148134774654607,0.01,34861,13,3.042800381371306,0.12708799266535423,2.7001729938617136e-05
2492,vascular_parenchyma,-0.1270697317827845,0.014178308024760852,0.01,34875,13,3.003283483301595,0.1270960837601446,2.6997031707605318e-05
2493,vascular_parenchyma,-0.1264182885910374,0.019188487440070314,0.01,34889,13,2.963767542347855,0.12709545064317077,2.7005026981063132e-05
2494,vascular_parenchyma,-0.12555826128907166,0.02416837278900064,0.01,34903,13,2.9242505730213413,0.12708768892328598,2.7046519540177835e-05
2495,vascular_parenchyma,-0.12449799799894112,0.029108186321802013,0.01,34917,13,2.884733125327852,0.12708794178509897,2.704985291954612e-05
2496,vascular_parenchyma,-0.12325380452019385,0.03400355536198277,0.01,34931,13,2.8452162003155395,0.12709621059306647,2.70243019767273e-05
2497,vascular_parenchyma,-0.1218218657066846,0.03884880760089726,0.01,34945,13,2.8057001981919143,0.1270949644869285,2.7034100464790183e-05
2498,vascular_parenchyma,-0.12018809573215937,0.04363104043102365,0.01,34959,13,2.766183142564511,0.12708739312756115,2.7050394972917545e-05
2499,vascular_parenchyma,-0.11836379455415061,0.048342423924593245,0.01,34973,13,2.7266656312305053,0.12708784219018124,2.7035294076824772e-05
2500,vascular_parenchyma,-0.11636471465134159,0.052980993695172965,0.01,34987,13,2.6871486672475546,0.12709631270374971,2.7017504252812458e-05
2501,vascular_parenchyma,-0.11418797957811881,0.0575405316192713,0.01,35001,13,2.647632596488229,0.12709447694402226,2.7025353746189757e-05
2502,vascular_parenchyma,-0.11182128201712813,0.0620057029373383,0.01,35015,13,2.6081154563689535,0.12708711750255758,2.7018920275792533e-05
2503,vascular_parenchyma,-0.10927843031765948,0.06637129705442235,0.01,35029,13,2.5685978898982134,0.1270877822607828,2.702016170481194e-05
2504,vascular_parenchyma,-0.1065742977755965,0.07063747991798454,0.01,35043,13,2.529080901350416,0.1270964715923855,2.7017601193758983e-05
2505,vascular_parenchyma,-0.10370702320944733,0.07479764178824998,0.01,35057,13,2.489564778470547,0.12709406060853423,2.6970268830508596e-05
2506,vascular_parenchyma,-0.10066650264893857,0.07883426328977595,0.01,35071,13,2.450047576858218,0.12708692472922686,2.6934103861349246e-05
2507,vascular_parenchyma,-0.09746847519034404,0.08274532834496111,0.01,35085,13,2.4105299816593857,0.12708781444750433,2.6947598068098946e-05
2508,vascular_parenchyma,-0.09412668210208354,0.08653281716183936,0.01,35099,13,2.3710129975587715,0.12709672968894514,2.6957974122461283e-05
2509,vascular_parenchyma,-0.09064032923080073,0.0901898934026908,0.01,35113,13,2.3314968507775293,0.12709374853778382,2.69007820658315e-05
2510,vascular_parenchyma,-0.08700190590829389,0.09369717554973468,0.01,35127,13,2.2919796197177296,0.12708683956587374,2.6914579378758078e-05
2511,vascular_parenchyma,-0.08322838941586834,0.09705629581974146,0.01,35141,13,2.252462028714337,0.1270879562830879,2.6968077956893043e-05
2512,vascular_parenchyma,-0.07933221173298874,0.10027070998756768,0.01,35155,13,2.2129450824392287,0.12709709836856534,2.6997694888327695e-05
2513,vascular_parenchyma,-0.07531367070463933,0.10333352672230886,0.01,35169,13,2.1734289426876403,0.12709354690897975,2.703577300092977e-05
2514,vascular_parenchyma,-0.07116819030407791,0.10622389433934211,0.01,35183,13,2.133911715478996,0.12708686364380273,2.7058339076614067e-05
2515,vascular_parenchyma,-0.0669132025926619,0.10894740390177711,0.01,35197,13,2.09439416141465,0.12708820501114385,2.7077997714745675e-05
2516,vascular_parenchyma,-0.06255972866214367,0.11150864052147005,0.01,35211,13,2.054877284709867,0.12709757022551285,2.7100586511681695e-05
2517,vascular_parenchyma,-0.058109155620353785,0.11390083130331356,0.01,35225,13,2.01536117984106,0.12709344288379532,2.713036294033436e-05
2518,vascular_parenchyma,-0.05356012249338638,0.1161021078731194,0.01,35239,13,1.9758439849084202,0.12708697771005326,2.712315508101348e-05
2519,vascular_parenchyma,-0.04892967073932554,0.1181221709392529,0.01,35253,13,1.9363264934101643,0.12708853388406108,2.7070694309808357e-05
2520,vascular_parenchyma,-0.044227382516583494,0.11996639642043933,0.01,35267,13,1.8968097082796649,0.12709810996454685,2.7061049162455954e-05
2521,vascular_parenchyma,-0.039455704183231174,0.12162830101931897,0.01,35281,13,1.857293653793362,0.12709339157172456,2.7080857282495767e-05
2522,vascular_parenchyma,-0.0346166987448544,0.12308550541371803,0.01,35295,13,1.817776504141617,0.12708712676701964,2.70689452890802e-05
2523,vascular_parenchyma,-0.0297261412385167,0.12435180079471181,0.01,35309,13,1.7782590821053958,0.1270888777091747,2.702810055779606e-05
2524,vascular_parenchyma,-0.02479221507494707,0.1254330376197128,0.01,35323,13,1.73874238857805,0.12709864266459678,2.700483850336664e-05
2525,vascular_parenchyma,-0.019818369263204405,0.12632318743529056,0.01,35337,13,1.6992263754057777,0.12709330958765902,2.6966943990424074e-05
2526,vascular_parenchyma,-0.014810218645966568,0.126999907302129,0.01,35351,13,1.6597092570668155,0.1270872211393905,2.694408764033586e-05
2527,vascular_parenchyma,-0.00978139801538931,0.12748088520821044,0.01,35365,13,1.6201918827731467,0.12708914329521953,2.69578346083782e-05
2528,vascular_parenchyma,-0.004738792044677047,0.12777216480814257,0.01,35379,13,1.5806752517263434,0.12709907505035575,2.692398155920923e-05
2529,vascular_parenchyma,0.0003132300809339961,0.12786832787562447,0.01,35393,13,1.5411592423423452,0.12709310807602847,2.685628714060637e-05
2530,vascular_parenchyma,0.005365463439266596,0.12774764364638555,0.01,35407,13,1.5016421148002486,0.12708718090989427,2.6892853917798514e-05
2531,vascular_parenchyma,0.010407252454028489,0.12743132862409218,0.01,35421,13,1.4621247435551028,0.12708926399650322,2.6949575721871607e-05
2532,vascular_parenchyma,0.015432861846480942,0.1269253826868874,0.01,35435,13,1.4226081279442417,0.1270993577258872,2.6953978494903353e-05
2533,vascular_parenchyma,0.020437109142253995,0.12622513810685262,0.01,35449,13,1.3830920724675924,0.12709275854801264,2.6955634527456242e-05
2534,vascular_parenchyma,0.025407256621739642,0.1253100638976288,0.01,35463,13,1.3435748896059567,0.12708700027449607,2.6986939723794418e-05
2535,vascular_parenchyma,0.030336398042024693,0.12420436732631931,0.01,35477,13,1.3040574785870425,0.12708925706307397,2.701842661734102e-05
2536,vascular_parenchyma,0.03521975978426215,0.12291381865813863,0.01,35491,13,1.2645408405680603,0.12709952990407866,2.7062557080594592e-05
2537,vascular_parenchyma,0.04005147390515165,0.12143462090203849,0.01,35505,13,1.2250247042178959,0.12709231946040034,2.708232396228599e-05
2538,vascular_parenchyma,0.044815424254366756,0.11974802525434147,0.01,35519,13,1.1855074405368815,0.12708675302724642,2.7072554210101457e-05
2539,vascular_parenchyma,0.049509121820501614,0.1178805373837354,0.01,35533,13,1.1459899718725837,0.1270892074270295,2.706177228030533e-05
2540,vascular_parenchyma,0.05412854064582028,0.11583757021012425,0.01,35547,13,1.1064733013550931,0.12709968327496796,2.7093528201707294e-05
2541,vascular_parenchyma,0.05866727224247753,0.11361629609265099,0.01,35561,13,1.0669570782462205,0.1270918845296964,2.714292503408222e-05
2542,vascular_parenchyma,0.0631060730124405,0.11120031103672302,0.01,35575,13,1.0274397372901374,0.12708653101624656,2.7115383135207293e-05
2543,vascular_parenchyma,0.06744740835328897,0.10861759397275679,0.01,35589,13,0.9879222210334057,0.1270892019499247,2.7082535061501137e-05
2544,vascular_parenchyma,0.07168777393658034,0.10587313466446538,0.01,35603,13,0.9484055337580156,0.127099897293873,2.7069775777531693e-05
2545,vascular_parenchyma,0.07582037971371128,0.10296515020403324,0.01,35617,13,0.908889241363481,0.1270915239391569,2.704466310406659e-05
2546,vascular_parenchyma,0.07982320033441567,0.09988010879344186,0.01,35631,13,0.8693718470609317,0.1270863943840836,2.700666880260235e-05
2547,vascular_parenchyma,0.08370403800106196,0.09664652932440275,0.01,35645,13,0.8298543103429785,0.12708929055721416,2.6984856923207738e-05
2548,vascular_parenchyma,0.08745968624833252,0.0932689740179504,0.01,35659,13,0.7903376358583485,0.12710021199044144,2.6945690591558457e-05
2549,vascular_parenchyma,0.09108314302842369,0.08974675452604673,0.01,35673,13,0.7508213027293401,0.12709126859936523,2.6881124259318335e-05
2550,vascular_parenchyma,0.09455003682067391,0.08606968696617609,0.01,35687,13,0.7113038873950669,0.12708636600669193,2.693411771946409e-05
2551,vascular_parenchyma,0.09787371386164713,0.08226581674963511,0.01,35701,13,0.6717863632980201,0.12708948917639573,2.695692903743108e-05
2552,vascular_parenchyma,0.10105105723014784,0.07833933207231214,0.01,35715,13,0.6322697350504071,0.12710063739344352,2.693425539359937e-05
2553,vascular_parenchyma,0.10407502864387867,0.0742906614585748,0.01,35729,13,0.5927533921181183,0.12709112356681831,2.6949976429756957e-05
2554,vascular_parenchyma,0.10691942757302275,0.0701133771010874,0.01,35743,13,0.5532359889735333,0.1270864464904857,2.6996485721021316e-05
2555,vascular_parenchyma,0.10960316064673241,0.06583398954423862,0.01,35757,13,0.5137185100693709,0.12708979401718867,2.7020086314444228e-05
2556,vascular_parenchyma,0.11212301946444637,0.06145641869581878,0.01,35771,13,0.4742019595159453,0.12710116495018975,2.7022637365406424e-05
2557,vascular_parenchyma,0.11447210661333827,0.05698220394111808,0.01,35785,13,0.43468563429105717,0.12709107460682006,2.7023981548599596e-05
2558,vascular_parenchyma,0.11662298014826716,0.05240900021154743,0.01,35799,13,0.3951682711931783,0.12708661491890752,2.7023474551730514e-05
2559,vascular_parenchyma,0.11859992359735635,0.04776070982583602,0.01,35813,13,0.3556508623485701,0.12709017638615194,2.7029967016638746e-05
2560,vascular_parenchyma,0.12039949443763352,0.04304113499011615,0.01,35827,13,0.3161344105198526,0.12710175715340236,2.7046113251625043e-05
2561,vascular_parenchyma,0.12201511042874241,0.0382528921421766,0.01,35841,13,0.27661811751652876,0.12709107437544637,2.7044417304088905e-05
2562,vascular_parenchyma,0.12341873369384067,0.033397952422522366,0.01,35855,13,0.2371008060855935,0.12708681372644656,2.7028843909830176e-05
2563,vascular_parenchyma,0.12463963951153224,0.028496561743120274,0.01,35869,13,0.1975834725989881,0.12709056852567768,2.7032591190826557e-05
2564,vascular_parenchyma,0.12567405660657757,0.02355259023311058,0.01,35883,13,0.1580671177458857,0.12710233666727688,2.706074630968404e-05
2565,vascular_parenchyma,0.12651588571590586,0.01856967054099632,0.01,35897,13,0.11855084629142403,0.1270910374942573,2.702562526330146e-05
2566,vascular_parenchyma,0.1271371823307906,0.013554220053636039,0.01,35911,13,0.07903357060271327,0.12708695180673094,2.6988925319509136e-05
2567,vascular_parenchyma,0.12757163103238323,0.008521841912541845,0.01,35925,13,0.03951628881755498,0.12709087655876733,2.700125546737162e-05
2568,vascular_parenchyma,0.1278150923510545,0.00347668280334134,0.01,35939,13,-1.2319522939442888e-15,0.12710281043934704,2.6997621793506016e-05
2569,vascular_parenchyma,0.12245971120032044,-0.0015940321720036169,0.01,35953,14,-0.0416099704300739,0.12172435586677909,2.712224254295759e-05
2570,vascular_parenchyma,0.12230981462535184,-0.006671362426246356,0.01,35967,14,-0.0832211031219476,0.12172344600122548,2.7117660121348356e-05
2571,vascular_parenchyma,0.12192946480916068,-0.011751980795330422,0.01,35981,14,-0.12483137963242784,0.12173479009613682,2.7097294598198336e-05
2572,vascular_parenchyma,0.12134493658597872,-0.01681574070710472,0.01,35995,14,-0.1664411001867198,0.12172543613710779,2.7095963100066343e-05
2573,vascular_parenchyma,0.12052884962991425,-0.021847984043193217,0.01,36009,14,-0.2080522197993038,0.12172271233036062,2.7125800714516473e-05
2574,vascular_parenchyma,0.11951616469676259,-0.026841625497751712,0.01,36023,14,-0.24966278661652977,0.12173224642705749,2.707120479215064e-05
2575,vascular_parenchyma,0.11830490266990364,-0.031792543665002684,0.01,36037,14,-0.2912723740109449,0.1217267132400268,2.7063971218680635e-05
2576,vascular_parenchyma,0.116872310959385,-0.03668501474795472,0.01,36051,14,-0.3328834570851414,0.12172218913646929,2.709498628642699e-05
2577,vascular_parenchyma,0.11524308355295594,-0.0415132969762604,0.01,36065,14,-0.37449428565630194,0.12172992785580833,2.708923902479814e-05
2578,vascular_parenchyma,0.11342411419632503,-0.046274133624397036,0.01,36079,14,-0.4161038420868185,0.1217282303493412,2.7088276364199228e-05
2579,vascular_parenchyma,0.11139706977946252,-0.05095163924582701,0.01,36093,14,-0.4577148502405183,0.12172192069446713,2.7100087302598752e-05
2580,vascular_parenchyma,0.10917676833598426,-0.05553876576701649,0.01,36107,14,-0.49932589705660035,0.12172787787846767,2.7107791219359196e-05
2581,vascular_parenchyma,0.10677859397018367,-0.06003526508895549,0.01,36121,14,-0.5409355099304366,0.1217300284571565,2.7105637287563293e-05
2582,vascular_parenchyma,0.10418827499861805,-0.06442591965050184,0.01,36135,14,-0.5825463914449526,0.12172194423865515,2.7102767838609544e-05
2583,vascular_parenchyma,0.10141164114701824,-0.06869986661589947,0.01,36149,14,-0.6241576011523503,0.12172612918976196,2.7124623757815533e-05
2584,vascular_parenchyma,0.09847179035368149,-0.07286191160399817,0.01,36163,14,-0.6657673473331173,0.12173213534852996,2.7179027668586665e-05
2585,vascular_parenchyma,0.09535802063290978,-0.07689823747838273,0.01,36177,14,-0.7073780418814775,0.12172228250826732,2.717087261056724e-05
2586,vascular_parenchyma,0.09206852549907667,-0.08079188138392239,0.01,36191,14,-0.748989352287759,0.12172469966763834,2.7158007292849108e-05
2587,vascular_parenchyma,0.08863296678431917,-0.08455458454774067,0.01,36205,14,-0.790599303230648,0.12173456448055935,2.7201324871288704e-05
2588,vascular_parenchyma,0.08504360582143215,-0.08817454598238189,0.01,36219,14,-0.8322097465686806,0.12172294503236883,2.722731567750033e-05
2589,vascular_parenchyma,0.08129277170265148,-0.09162671624157614,0.01,36233,14,-0.87382109286832,0.12172359545464005,2.714546271090495e-05
2590,vascular_parenchyma,0.07741507067595693,-0.09493137312498555,0.01,36247,14,-0.9154313170886087,0.12173651544158995,2.712806882104876e-05
2591,vascular_parenchyma,0.0734049179329001,-0.09807874782010338,0.01,36261,14,-0.9570414455955778,0.12172393266086413,2.7102850925921992e-05
2592,vascular_parenchyma,0.06925212427620199,-0.10103589224818663,0.01,36275,14,-0.9986527630971902,0.12172281504476316,2.7085650050099285e-05
2593,vascular_parenchyma,0.06499204400616315,-0.1038304767081851,0.01,36289,14,-1.040263246264551,0.12173396620212397,2.7033478630990656e-05
2594,vascular_parenchyma,0.06062114897733774,-0.10645305826740142,0.01,36303,14,-1.081873081965585,0.12172523839628076,2.6965072625446706e-05
2595,vascular_parenchyma,0.05613440677500606,-0.10887348305719613,0.01,36317,14,-1.1234843089159903,0.12172234792156282,2.7011739835067978e-05
2596,vascular_parenchyma,0.051557954988255036,-0.11111373524840583,0.01,36331,14,-1.1650949913061701,0.12173172389851172,2.7030515832913568e-05
2597,vascular_parenchyma,0.04689458364833986,-0.11317068762227517,0.01,36345,14,-1.20670461167966,0.12172684313444766,2.7006481853905438e-05
2598,vascular_parenchyma,0.04214286226158265,-0.11501720479288345,0.01,36359,14,-1.248315693609823,0.12172217007190433,2.7043928410522717e-05
2599,vascular_parenchyma,0.03732179369844392,-0.11666786122641386,0.01,36373,14,-1.2899265245605873,0.12172975948122104,2.7062642421698957e-05
2600,vascular_parenchyma,0.03243876389690017,-0.11812717484997148,0.01,36387,14,-1.33153601799647,0.12172871302010209,2.706248370071883e-05
2601,vascular_parenchyma,0.027495101924801698,-0.11937140727435443,0.01,36401,14,-1.3731469126681846,0.1217222432940398,2.708745037500239e-05
2602,vascular_parenchyma,0.02250502484252078,-0.12040644340200143,0.01,36415,14,-1.4147578551457476,0.12172803127607365,2.7114509254166924e-05
2603,vascular_parenchyma,0.01747857254891475,-0.12124543448714921,0.01,36429,14,-1.4563673249630675,0.12173080432218254,2.7169068398044546e-05
2604,vascular_parenchyma,0.012418959543187984,-0.12186825419651506,0.01,36443,14,-1.4979780051096947,0.1217225235492261,2.7178565500725257e-05
2605,vascular_parenchyma,0.007338153100970295,-0.1222712989112152,0.01,36457,14,-1.5395890368208132,0.12172649686707565,2.7173337683128153e-05
2606,vascular_parenchyma,0.002246744651783346,-0.12247696757464373,0.01,36471,14,-1.5811986005387992,0.12173307841338682,2.7216137357892243e-05
2607,vascular_parenchyma,-0.002851044286183921,-0.12246879604028685,0.01,36485,14,-1.6228090510964313,0.12172297848768471,2.7255735783001773e-05
2608,vascular_parenchyma,-0.007942857652150507,-0.12223339799988381,0.01,36499,14,-1.664420159348322,0.1217251322258687,2.719392968401422e-05
2609,vascular_parenchyma,-0.013019751528793637,-0.12180263711761273,0.01,36513,14,-1.7060299410997917,0.12173552113176143,2.717377703915764e-05
2610,vascular_parenchyma,-0.01807735255459112,-0.12116359900556843,0.01,36527,14,-1.7476401500645329,0.12172360523151854,2.7176124696998938e-05
2611,vascular_parenchyma,-0.02310026184385642,-0.1202933350407643,0.01,36541,14,-1.7892513211334748,0.12172394596237289,2.7144164054968032e-05
2612,vascular_parenchyma,-0.02808347482904415,-0.11923270997433513,0.01,36555,14,-1.830861434333694,0.12173654458301558,2.710246006028169e-05
2613,vascular_parenchyma,-0.033022666036853665,-0.11797134830025245,0.01,36569,14,-1.8724713873395993,0.12172443222138737,2.7070280396204177e-05
2614,vascular_parenchyma,-0.03789820408640016,-0.1164815933204167,0.01,36583,14,-1.91408259649454,0.12172297383940367,2.7047085628198407e-05
2615,vascular_parenchyma,-0.042710032990935766,-0.1148067923556457,0.01,36597,14,-1.9556930455591566,0.12173377837942183,2.7060245548039426e-05
2616,vascular_parenchyma,-0.04745297993040979,-0.11293958541840825,0.01,36611,14,-1.997302809371867,0.12172550293484145,2.7027635650044852e-05
2617,vascular_parenchyma,-0.052106569527042804,-0.11085793101100286,0.01,36625,14,-2.038914016931442,0.12172225995986617,2.7013275562440193e-05
2618,vascular_parenchyma,-0.056671661569054586,-0.10859447209604639,0.01,36639,14,-2.080524757167513,0.12173128394261282,2.7028177440846097e-05
2619,vascular_parenchyma,-0.061144389826190707,-0.10615067659680939,0.01,36653,14,-2.122134418307456,0.12172685742852328,2.6977882384047112e-05
2620,vascular_parenchyma,-0.06550451744087328,-0.10350914959980823,0.01,36667,14,-2.1637455716212854,0.12172184042502221,2.7000897511535878e-05
2621,vascular_parenchyma,-0.06975119474431685,-0.10069245429441173,0.01,36681,14,-2.2053565469200143,0.12172909272550714,2.7060704100014883e-05
2622,vascular_parenchyma,-0.07388396048798146,-0.09771031206377195,0.01,36695,14,-2.2469661817455577,0.12172852221928387,2.708020839764164e-05
2623,vascular_parenchyma,-0.07788362310941736,-0.09454953214300432,0.01,36709,14,-2.2885772200001533,0.12172173675384766,2.7115319450661094e-05
2624,vascular_parenchyma,-0.08174519052838922,-0.09122370300906897,0.01,36723,14,-2.330188367831577,0.12172722147625972,2.713802300122258e-05
2625,vascular_parenchyma,-0.08547356549100683,-0.08774984371738725,0.01,36737,14,-2.371798047610027,0.1217305097784801,2.718023082288403e-05
2626,vascular_parenchyma,-0.08905129730428935,-0.08411840119719298,0.01,36751,14,-2.413408906404446,0.1217219576287635,2.7225802581295576e-05
2627,vascular_parenchyma,-0.09246708838972738,-0.08033553357244624,0.01,36765,14,-2.455020161899899,0.12172567562547953,2.717655440414971e-05
2628,vascular_parenchyma,-0.09573296332279224,-0.07642424805512657,0.01,36779,14,-2.496629956503151,0.12173282281962437,2.716427458684156e-05
2629,vascular_parenchyma,-0.09883377876770924,-0.07237795995967829,0.01,36793,14,-2.5382405709098395,0.12172250334856224,2.718015677057883e-05
2630,vascular_parenchyma,-0.10175010831464101,-0.068197327972901,0.01,36807,14,-2.5798518695123054,0.12172445308947606,2.7144123320257722e-05
2631,vascular_parenchyma,-0.10450259800165428,-0.06390972125680157,0.01,36821,14,-2.6214618500023006,0.12173545665413799,2.7105180470737742e-05
2632,vascular_parenchyma,-0.10707883490447798,-0.05951077513419302,0.01,36835,14,-2.6630721571505362,0.12172336610206363,2.7103578175177014e-05
2633,vascular_parenchyma,-0.10944984097568851,-0.054997903512169787,0.01,36849,14,-2.704683437555396,0.12172354240082077,2.71046930502831e-05
2634,vascular_parenchyma,-0.11164581202288282,-0.05040061798937993,0.01,36863,14,-2.746293667544648,0.1217359845374106,2.709942741201918e-05
2635,vascular_parenchyma,-0.11365589828105895,-0.045716013294645405,0.01,36877,14,-2.787903622783623,0.12172452559188782,2.7096905034953718e-05
2636,vascular_parenchyma,-0.1154467764056305,-0.04094287753468946,0.01,36891,14,-2.8295148314062706,0.12172291829915569,2.708914918805474e-05
2637,vascular_parenchyma,-0.11705127133660512,-0.03610708255711778,0.01,36905,14,-2.8711252835843877,0.1217335728998525,2.709569902526493e-05
2638,vascular_parenchyma,-0.11846143743382043,-0.031208839349761177,0.01,36919,14,-2.91273495396835,0.12172594681489138,2.7076709862604156e-05
2639,vascular_parenchyma,-0.11964779665608602,-0.026250854682142038,0.01,36933,14,-2.9543460498366096,0.12172254161466382,2.7052274023646586e-05
2640,vascular_parenchyma,-0.12063518387100342,-0.021251948574529722,0.01,36947,14,-2.995956688513777,0.12173139369363843,2.710010199064827e-05
2641,vascular_parenchyma,-0.1214235156431518,-0.016216540334262057,0.01,36961,14,-3.03756617847302,0.12172758578160704,2.7114470740650207e-05
2642,vascular_parenchyma,-0.12198712799933041,-0.011149919602825955,0.01,36975,14,-3.0791771356054385,0.12172236850728678,2.70828655919188e-05
2643,vascular_parenchyma,-0.12234178695599005,-0.00606632234213688,0.01,36989,14,-3.1207879396568954,0.12172940521252343,2.7108683043476433e-05
2644,vascular_parenchyma,-0.12249607829348692,-0.0009723549717011535,0.01,37003,14,3.120787939656892,0.12172940521252344,2.7122962788359104e-05
2645,vascular_parenchyma,-0.12242828675280966,0.004125017234519671,0.01,37017,14,3.079177135605435,0.12172236850728689,2.7122962788359213e-05
2646,vascular_parenchyma,-0.12214452903049759,0.009213537674334181,0.01,37031,14,3.037566178473017,0.12172758578160717,2.7108683043476192e-05
2647,vascular_parenchyma,-0.12166247822053253,0.014286554353241354,0.01,37045,14,2.9959566885137745,0.1217313936936386,2.7082865591918555e-05
2648,vascular_parenchyma,-0.12096433577148909,0.019336320596050817,0.01,37059,14,2.9543460498366065,0.12172254161466403,2.7114470740650282e-05
2649,vascular_parenchyma,-0.12004650093922208,0.024349903939317366,0.01,37073,14,2.9127349539683465,0.12172594681489161,2.7100101990648513e-05
2650,vascular_parenchyma,-0.11893574710675398,0.02932280202473814,0.01,37087,14,2.8711252835843846,0.12173357289985275,2.7052274023646684e-05
2651,vascular_parenchyma,-0.11761799948431387,0.03424734020737491,0.01,37101,14,2.829514831406268,0.12172291829915595,2.7076709862604065e-05
2652,vascular_parenchyma,-0.1160803849899843,0.03910729167288489,0.01,37115,14,2.7879036227836202,0.1217245255918881,2.709569902526482e-05
2653,vascular_parenchyma,-0.11435838126570863,0.043902484105803455,0.01,37129,14,2.7462936675446454,0.12173598453741086,2.708914918805483e-05
2654,vascular_parenchyma,-0.11244129473112578,0.04862610148108868,0.01,37143,14,2.7046834375553934,0.12172354240082105,2.7096905034953782e-05
2655,vascular_parenchyma,-0.11030792558789307,0.05325612756272358,0.01,37157,14,2.6630721571505336,0.1217233661020639,2.70994274120191e-05
2656,vascular_parenchyma,-0.10800110301221706,0.05779880218038031,0.01,37171,14,2.6214618500022984,0.12173545665413829,2.7104693050283165e-05
2657,vascular_parenchyma,-0.1055119135029304,0.06224731169666736,0.01,37185,14,2.579851869512303,0.1217244530894763,2.7103578175176848e-05
2658,vascular_parenchyma,-0.10281950095927396,0.06657637822430172,0.01,37199,14,2.5382405709098363,0.12172250334856247,2.7105180470737955e-05
2659,vascular_parenchyma,-0.09996300123786078,0.07079542791949829,0.01,37213,14,2.4966299565031482,0.12173282281962455,2.714412332025801e-05
2660,vascular_parenchyma,-0.09693884881333491,0.07489849869264827,0.01,37227,14,2.4550201618998964,0.12172567562547973,2.718015677057875e-05
2661,vascular_parenchyma,-0.09373144533113663,0.07886100835631862,0.01,37241,14,2.4134089064044435,0.12172195762876363,2.716427458684144e-05
2662,vascular_parenchyma,-0.09036958219447339,0.08269017638978768,0.01,37255,14,2.371798047610025,0.12173050977848018,2.7176554404149608e-05
2663,vascular_parenchyma,-0.08685775326303911,0.08638384587219208,0.01,37269,14,2.330188367831574,0.12172722147625976,2.7225802581295637e-05
2664,vascular_parenchyma,-0.08318467393447174,0.08991891044729883,0.01,37283,14,2.2885772200001506,0.12172173675384765,2.7180230822884143e-05
2665,vascular_parenchyma,-0.07937011102094335,0.09329803961861366,0.01,37297,14,2.2469661817455555,0.12172852221928382,2.7138023001222536e-05
2666,vascular_parenchyma,-0.07542548995558133,0.09652474262151003,0.01,37311,14,2.2053565469200116,0.12172909272550703,2.7115319450661233e-05
2667,vascular_parenchyma,-0.07134319919373797,0.09957803984962853,0.01,37325,14,2.1637455716212832,0.12172184042502211,2.7080208397641684e-05
2668,vascular_parenchyma,-0.06713571077995603,0.10245402140030299,0.01,37339,14,2.122134418307454,0.12172685742852317,2.706070410001477e-05
2669,vascular_parenchyma,-0.06281992352740487,0.10516348649299379,0.01,37353,14,2.080524757167511,0.12173128394261266,2.700089751153578e-05
2670,vascular_parenchyma,-0.0583911686967026,0.10768809275664604,0.01,37367,14,2.038914016931441,0.12172225995986602,2.697788238404679e-05
2671,vascular_parenchyma,-0.05385670357058731,0.11001569920782368,0.01,37381,14,1.9973028093718652,0.12172550293484127,2.7028177440845836e-05
2672,vascular_parenchyma,-0.04923715538053612,0.11216572973107154,0.01,37395,14,1.9556930455591548,0.12173377837942162,2.7013275562440288e-05
2673,vascular_parenchyma,-0.044530004016250874,0.11412283807174689,0.01,37409,14,1.9140825964945376,0.12172297383940349,2.702763565004493e-05
2674,vascular_parenchyma,-0.03973965303797941,0.11586543203535814,0.01,37423,14,1.872471387339597,0.12172443222138722,2.7060245548039477e-05
2675,vascular_parenchyma,-0.0348884774397704,0.11742256119922717,0.01,37437,14,1.8308614343336913,0.12173654458301544,2.7047085628198366e-05
2676,vascular_parenchyma,-0.029975274365630557,0.1187820757751457,0.01,37451,14,1.789251321133472,0.12172394596237278,2.7070280396204305e-05
2677,vascular_parenchyma,-0.02500415877766626,0.11991218601667462,0.01,37465,14,1.74764015006453,0.12172360523151846,2.7102460060281604e-05
2678,vascular_parenchyma,-0.019996687387847992,0.12085163660121252,0.01,37479,14,1.706029941099789,0.12173552113176138,2.714416405496807e-05
2679,vascular_parenchyma,-0.014952816588869012,0.1215892162459333,0.01,37493,14,1.6644201593483194,0.12172513222586867,2.717612469699884e-05
2680,vascular_parenchyma,-0.0098798082234218,0.12209355132393036,0.01,37507,14,1.6228090510964281,0.12172297848768474,2.7173777039157846e-05
2681,vascular_parenchyma,-0.004793860666308081,0.12239981019758078,0.01,37521,14,1.5811986005387972,0.12173307841338687,2.7193929684014104e-05
2682,vascular_parenchyma,0.0003021645517207567,0.1225026938417807,0.01,37535,14,1.5395890368208114,0.12172649686707573,2.7255735783001546e-05
2683,vascular_parenchyma,0.005398496037134609,0.12237529043206767,0.01,37549,14,1.4979780051096934,0.12172252354922616,2.7216137357892193e-05
2684,vascular_parenchyma,0.010483284641192823,0.12204321420966045,0.01,37563,14,1.456367324963066,0.12173080432218263,2.7173337683128248e-05
2685,vascular_parenchyma,0.015551923256414853,0.12150990603063512,0.01,37577,14,1.4147578551457467,0.12172803127607376,2.7178565500725338e-05
2686,vascular_parenchyma,0.020593236642025572,0.12075274531183523,0.01,37591,14,1.3731469126681835,0.12172224329403991,2.7169068398044363e-05
2687,vascular_parenchyma,0.02559706372077698,0.11978743563812634,0.01,37605,14,1.3315360179964693,0.12172871302010219,2.7114509254166958e-05
2688,vascular_parenchyma,0.03055921783493968,0.11862637792887562,0.01,37619,14,1.2899265245605867,0.12172975948122113,2.7087450375002246e-05
2689,vascular_parenchyma,0.03546802289629994,0.11725112408035779,0.01,37633,14,1.2483156936098216,0.12172217007190442,2.7062483700718977e-05
2690,vascular_parenchyma,0.040312346501902414,0.11566762677084248,0.01,37647,14,1.206704611679659,0.12172684313444776,2.7062642421698896e-05
2691,vascular_parenchyma,0.045090598840896376,0.11389706011679855,0.01,37661,14,1.1650949913061694,0.12173172389851183,2.704392841052249e-05
2692,vascular_parenchyma,0.049791447899325963,0.11192487361218222,0.01,37675,14,1.1234843089159898,0.12172234792156292,2.70064818539052e-05
2693,vascular_parenchyma,0.05440021976364748,0.10974793658720118,0.01,37689,14,1.0818730819655848,0.12172523839628084,2.703051583291343e-05
2694,vascular_parenchyma,0.05892004049405115,0.10739560626270207,0.01,37703,14,1.0402632462645502,0.12173396620212408,2.7011739835068045e-05
2695,vascular_parenchyma,0.06334068478297662,0.10485681266028661,0.01,37717,14,0.9986527630971898,0.12172281504476326,2.6965072625446767e-05
2696,vascular_parenchyma,0.06764154120783973,0.10212049436479877,0.01,37731,14,0.9570414455955771,0.1217239326608642,2.703347863099075e-05
2697,vascular_parenchyma,0.0718324471523718,0.09922321221820339,0.01,37745,14,0.9154313170886076,0.12173651544159002,2.708565005009942e-05
2698,vascular_parenchyma,0.07590494281102823,0.09615683454289078,0.01,37759,14,0.8738210928683191,0.12172359545464012,2.7102850925922317e-05
2699,vascular_parenchyma,0.07983033763727952,0.09290397071255506,0.01,37773,14,0.8322097465686794,0.12172294503236888,2.7128068821048932e-05
2700,vascular_parenchyma,0.08362675184244085,0.08950624182686266,0.01,37787,14,0.7905993032306463,0.1217345644805594,2.714546271090524e-05
2701,vascular_parenchyma,0.08728534172024613,0.08595677791597936,0.01,37801,14,0.7489893522877569,0.12172469966763838,2.7227315677500682e-05
2702,vascular_parenchyma,0.09077730586785056,0.0822425108181148,0.01,37815,14,0.7073780418814758,0.12172228250826735,2.7201324871288693e-05
2703,vascular_parenchyma,0.09411949342553154,0.0783965931755768,0.01,37829,14,0.6657673473331156,0.12173213534852996,2.7158007292848894e-05
2704,vascular_parenchyma,0.09730669515490953,0.07441901529316113,0.01,37843,14,0.6241576011523484,0.12172612918976194,2.7170872610567184e-05
2705,vascular_parenchyma,0.10031210041245814,0.07030122147749875,0.01,37857,14,0.5825463914449504,0.12172194423865511,2.71790276685868e-05
2706,vascular_parenchyma,0.10314749919190276,0.06606724968888632,0.01,37871,14,0.5409355099304346,0.12173002845715646,2.7124623757815686e-05
2707,vascular_parenchyma,0.10581366028418483,0.06172369876577586,0.01,37885,14,0.4993258970565981,0.12172787787846763,2.710276783860958e-05
2708,vascular_parenchyma,0.10828632744163699,0.05726567760785909,0.01,37899,14,0.45771485024051556,0.1217219206944671,2.7105637287563516e-05
2709,vascular_parenchyma,0.11057034815982657,0.052710018639582405,0.01,37913,14,0.41610384208681567,0.12172823034934116,2.7107791219359345e-05
2710,vascular_parenchyma,0.11267395013055674,0.04806833357258033,0.01,37927,14,0.37449428565629955,0.12172992785580829,2.7100087302598508e-05
2711,vascular_parenchyma,0.11457587936143712,0.04333860777017245,0.01,37941,14,0.3328834570851389,0.12172218913646923,2.708827636419904e-05
2712,vascular_parenchyma,0.1162725701298649,0.038532687571398515,0.01,37955,14,0.291272374010943,0.12172671324002673,2.7089239024797958e-05
2713,vascular_parenchyma,0.11778087306935274,0.033665347559551785,0.01,37969,14,0.24966278661652722,0.12173224642705739,2.709498628642712e-05
2714,vascular_parenchyma,0.11908282604046572,0.028736613321241545,0.01,37983,14,0.20805221979930125,0.12172271233036057,2.706397121868078e-05
2715,vascular_parenchyma,0.12016543787998843,0.02375579994047688,0.01,37997,14,0.1664411001867171,0.12172543613710773,2.70712047921507e-05
2716,vascular_parenchyma,0.12105499083660189,0.018738795971202052,0.01,38011,14,0.12483137963242474,0.12173479009613677,2.712580071451658e-05
2717,vascular_parenchyma,0.12173694196854071,0.013686810088438084,0.01,38025,14,0.08322110312194464,0.12172344600122545,2.7095963100066444e-05
2718,vascular_parenchyma,0.1221883543690045,0.008609234984388831,0.01,38039,14,0.041609970430071,0.12172435586677906,2.7097294598198336e-05
2719,vascular_parenchyma,0.12244536518457892,0.0035208860999934133,0.01,38053,14,-1.5055359507072733e-15,0.12173751883515296,2.711618773640473e-05
2720,vascular_parenchyma,0.11710892599260633,-0.0015947189887469924,0.01,38067,15,-0.0433318815871301,0.11637468674342505,2.69303338866137e-05
2721,vascular_parenchyma,0.11695397096979702,-0.006650018179720495,0.01,38081,15,-0.08666488137742985,0.11637720408360691,2.6931412076296707e-05
2722,vascular_parenchyma,0.11656162809137834,-0.011709233448236154,0.01,38095,15,-0.12999618399763468,0.11638220040599627,2.6918186816953158e-05
2723,vascular_parenchyma,0.11594813253216833,-0.016748678442757445,0.01,38109,15,-0.17332878959303358,0.11637367274873091,2.6952785048476515e-05
2724,vascular_parenchyma,0.1151057826461188,-0.021754127028425677,0.01,38123,15,-0.21666150072576423,0.11638123060143121,2.6932623727661475e-05
2725,vascular_parenchyma,0.11406358108840521,-0.026721417111368134,0.01,38137,15,-0.259992796956546,0.11637766801353748,2.6923999152544812e-05
2726,vascular_parenchyma,0.11279367827298971,-0.0316367547817229,0.01,38151,15,-0.30332583102649663,0.11637419002038424,2.694882353233264e-05
2727,vascular_parenchyma,0.11131676605867176,-0.036491773183507104,0.01,38165,15,-0.3466579525427797,0.11638680205354598,2.6918798317881096e-05
2728,vascular_parenchyma,0.10964187616560418,-0.0412840393052954,0.01,38179,15,-0.389989800757655,0.11637469646018046,2.6931078430200885e-05
2729,vascular_parenchyma,0.10773749743854151,-0.04599029458313253,0.01,38193,15,-0.4333229510227504,0.11637628373917333,2.6940615234181745e-05
2730,vascular_parenchyma,0.10564874520495178,-0.050614883093203104,0.01,38207,15,-0.47665445693287023,0.11638276290276711,2.6933963348629185e-05
2731,vascular_parenchyma,0.10336088835944217,-0.05514677943554204,0.01,38221,15,-0.5199871062938243,0.11637333120090326,2.693546459070603e-05
2732,vascular_parenchyma,0.1008668018471681,-0.05956782808116782,0.01,38235,15,-0.5633200435926184,0.11637999651317402,2.6942058888668333e-05
2733,vascular_parenchyma,0.09819858440345107,-0.06388510304025302,0.01,38249,15,-0.6066514521449393,0.11637795405887638,2.6936675357215347e-05
2734,vascular_parenchyma,0.09533547736508555,-0.06807742300364361,0.01,38263,15,-0.6499845788774727,0.1163736061042944,2.69293141444091e-05
2735,vascular_parenchyma,0.09229578258912252,-0.07214125499935299,0.01,38277,15,-0.6933169622018774,0.11638535682690651,2.6938016493855915e-05
2736,vascular_parenchyma,0.08909206298960555,-0.07607893019814928,0.01,38291,15,-0.7366487960274984,0.11637479893317389,2.6936813814227007e-05
2737,vascular_parenchyma,0.08570317375055791,-0.07985919493627684,0.01,38305,15,-0.7799820546949509,0.11637553913819212,2.6922019169321848e-05
2738,vascular_parenchyma,0.08216682249945438,-0.08349843366759944,0.01,38319,15,-0.8233137184699267,0.1163835766763285,2.695267159872952e-05
2739,vascular_parenchyma,0.07847638580181972,-0.08698456333350714,0.01,38333,15,-0.8666463149737973,0.11637330648093966,2.693088857657066e-05
2740,vascular_parenchyma,0.07462763340620947,-0.09029444858954153,0.01,38347,15,-0.9099793574489806,0.11637913541264276,2.6926426992318032e-05
2741,vascular_parenchyma,0.07065116948406627,-0.09344787529403843,0.01,38361,15,-0.9533107658235588,0.11637865854496406,2.695930266464915e-05
2742,vascular_parenchyma,0.06653494091783732,-0.09641930312550642,0.01,38375,15,-0.9966438312637264,0.1163734755597164,2.6914449074524014e-05
2743,vascular_parenchyma,0.06229451895629117,-0.09920773006215498,0.01,38389,15,-1.0399763105219064,0.11638439046299132,2.6930006509661982e-05
2744,vascular_parenchyma,0.057943447855970075,-0.1018221793528548,0.01,38403,15,-1.0833079839027717,0.11637539513074155,2.69305108133316e-05
2745,vascular_parenchyma,0.053472560152084,-0.1042275212645774,0.01,38417,15,-1.1266411742011564,0.11637529406520697,2.6932243589733114e-05
2746,vascular_parenchyma,0.04890973515098988,-0.10644802228922033,0.01,38431,15,-1.1699728452144462,0.11638488670123151,2.692123586014516e-05
2747,vascular_parenchyma,0.04425500330619984,-0.10847434992244052,0.01,38445,15,-1.213305214544423,0.11637376462099656,2.694349908944183e-05
2748,vascular_parenchyma,0.039510011306146044,-0.11027862521952517,0.01,38459,15,-1.2566381949429963,0.11637873474385042,2.6938269744275014e-05
2749,vascular_parenchyma,0.03469871262262866,-0.11189290915150962,0.01,38473,15,-1.2999694724313615,0.11637979073691489,2.6916653660706764e-05
2750,vascular_parenchyma,0.02981821673669555,-0.11329052643339592,0.01,38487,15,-1.3433023330613028,0.11637372955622163,2.6944373967873847e-05
2751,vascular_parenchyma,0.024882166936366863,-0.1144711919515404,0.01,38501,15,-1.3866347840072697,0.11638375579435363,2.6924738966844528e-05
2752,vascular_parenchyma,0.01990173388519897,-0.11545126179068017,0.01,38515,15,-1.4299662191853786,0.11637625907987964,2.6929063239296797e-05
2753,vascular_parenchyma,0.014879831721908125,-0.11619597713289573,0.01,38529,15,-1.4732992630494557,0.11637524382443282,2.6942782271222596e-05
2754,vascular_parenchyma,0.009833888884968922,-0.11673322922761026,0.01,38543,15,-1.5166309201631094,0.11638631063138628,2.6938080171679603e-05
2755,vascular_parenchyma,0.004767670971385418,-0.11705901206788062,0.01,38557,15,-1.559963042800072,0.11637424918098277,2.693405719583305e-05
2756,vascular_parenchyma,-0.00030830491693868044,-0.11714250243106734,0.01,38571,15,-1.6032959772498157,0.11637826980449924,2.694139137249832e-05
2757,vascular_parenchyma,-0.005381664476573457,-0.11702551180486834,0.01,38585,15,-1.6466272004794846,0.11638076755653495,2.6937770411359084e-05
2758,vascular_parenchyma,-0.01044677331418605,-0.11668324866894128,0.01,38599,15,-1.6899599381300394,0.11637374095213994,2.6927487659115195e-05
2759,vascular_parenchyma,-0.01549038527497154,-0.11611527146499194,0.01,38613,15,-1.733292476138688,0.11638279823682136,2.6939776714873954e-05
2760,vascular_parenchyma,-0.02050725724508968,-0.11534434406620266,0.01,38627,15,-1.7766238414122477,0.11637673200838827,2.6942431008718462e-05
2761,vascular_parenchyma,-0.025483692880587282,-0.114339947021951,0.01,38641,15,-1.8199569033917038,0.11637474921698532,2.6924817658834803e-05
2762,vascular_parenchyma,-0.030411791681587978,-0.11312990877383888,0.01,38655,15,-1.8632887560038174,0.1163872536688347,2.695315665747002e-05
2763,vascular_parenchyma,-0.03528774386292347,-0.11171641191568835,0.01,38669,15,-1.9066208225365877,0.11637423834500997,2.6936371447144985e-05
2764,vascular_parenchyma,-0.04008990228263086,-0.11006901928342457,0.01,38683,15,-1.9499539038445108,0.11637731433544242,2.69200420209108e-05
2765,vascular_parenchyma,-0.04482133976137398,-0.10823481584657202,0.01,38697,15,-1.9932852872784608,0.11638127944241519,2.6953099824536347e-05
2766,vascular_parenchyma,-0.0494694411289909,-0.10619336051180188,0.01,38711,15,-2.0366180762757975,0.1163733327753858,2.6910738987003248e-05
2767,vascular_parenchyma,-0.054019660967118605,-0.10394432347449195,0.01,38725,15,-2.0799508543203062,0.11638148185862728,2.6928365311966848e-05
2768,vascular_parenchyma,-0.058475746120906676,-0.10151436225886316,0.01,38739,15,-2.123282306232047,0.11637692118277543,2.693163937340357e-05
2769,vascular_parenchyma,-0.06281565375384653,-0.09888024400809364,0.01,38753,15,-2.166615485306962,0.11637405502422475,2.6932594310235e-05
2770,vascular_parenchyma,-0.06703898436474329,-0.0960669535006362,0.01,38767,15,-2.209947623287422,0.11638728677912312,2.6924069795125542e-05
2771,vascular_parenchyma,-0.07114509807399438,-0.09308162303695705,0.01,38781,15,-2.253279669575493,0.11637420885984089,2.6933442219063923e-05
2772,vascular_parenchyma,-0.07510177834277217,-0.08990034379236267,0.01,38795,15,-2.296612895845996,0.11637642959904904,2.694352179441246e-05
2773,vascular_parenchyma,-0.07892808734810279,-0.08656733172778872,0.01,38809,15,-2.3399444318809706,0.1163819467285497,2.6908848452808642e-05
2774,vascular_parenchyma,-0.08260715775425136,-0.08306921834964351,0.01,38823,15,-2.383277209197023,0.1163731568935821,2.6939428977010554e-05
2775,vascular_parenchyma,-0.08612183605949289,-0.0794070089529035,0.01,38837,15,-2.4266101351542537,0.11638046639201326,2.6934428527667598e-05
2776,vascular_parenchyma,-0.08948677020313991,-0.07560744028862776,0.01,38851,15,-2.4699415860057417,0.11637746958582415,2.6928131264970512e-05
2777,vascular_parenchyma,-0.09267474905257302,-0.07165650604896437,0.01,38865,15,-2.513274747779181,0.11637376803634711,2.6944282757618584e-05
2778,vascular_parenchyma,-0.09569015444371462,-0.06757478333001778,0.01,38879,15,-2.556607025547233,0.11638616491514389,2.694131698157366e-05
2779,vascular_parenchyma,-0.09853722642397134,-0.06337185718767603,0.01,38893,15,-2.5999389102159114,0.11637465195464931,2.6932074127875183e-05
2780,vascular_parenchyma,-0.10117898068172132,-0.059036370306790556,0.01,38907,15,-2.6432721102328434,0.11637603527194124,2.6939669050631077e-05
2781,vascular_parenchyma,-0.10364453405946529,-0.054601193528424054,0.01,38921,15,-2.6866036493093772,0.11638311284946166,2.6938351022379124e-05
2782,vascular_parenchyma,-0.10591763467101499,-0.050061876451816485,0.01,38935,15,-2.7299362376585563,0.11637347835434722,2.6929902515650534e-05
2783,vascular_parenchyma,-0.10797794154434158,-0.04542269809855647,0.01,38949,15,-2.7732691365616358,0.11637993799869395,2.6943994894238356e-05
2784,vascular_parenchyma,-0.10985125966365972,-0.04070588726378268,0.01,38963,15,-2.8166004433391594,0.11637848476205588,2.6945431615826874e-05
2785,vascular_parenchyma,-0.11150868775402854,-0.03590736706561155,0.01,38977,15,-2.8599334275534707,0.11637391758879333,2.6926803878031537e-05
2786,vascular_parenchyma,-0.1129567882014651,-0.031043400916592728,0.01,38991,15,-2.903265698972594,0.11638543981828856,2.6944004144534025e-05
2787,vascular_parenchyma,-0.11420598487950484,-0.026123240365449482,0.01,39005,15,-2.9465973176192017,0.1163754405458503,2.6937801267628057e-05
2788,vascular_parenchyma,-0.11521904906312273,-0.021148450899895803,0.01,39019,15,-2.989930382262818,0.11637592554378344,2.6913221159357295e-05
2789,vascular_parenchyma,-0.11603016780387025,-0.016139259861899874,0.01,39033,15,-3.0332618672431013,0.11638449308139792,2.69485421843354e-05
2790,vascular_parenchyma,-0.11662726444648887,-0.01109783635838442,0.01,39047,15,-3.076594208559905,0.11637393441550763,2.692259242317318e-05
2791,vascular_parenchyma,-0.11698753553924346,-0.006034322936734124,0.01,39061,15,-3.119927055384349,0.1163794584337849,2.692650917412163e-05
2792,vascular_parenchyma,-0.11714627580499637,-0.0009617922753058357,0.01,39075,15,3.119927055384346,0.11637945843378493,2.6932478130748094e-05
2793,vascular_parenchyma,-0.11707623280003132,0.00411440532067666,0.01,39089,15,3.076594208559902,0.1163739344155077,2.6932478130747894e-05
2794,vascular_parenchyma,-0.11678428487396025,0.009181156933539289,0.01,39103,15,3.0332618672430978,0.11638449308139803,2.6926509174121786e-05
2795,vascular_parenchyma,-0.11628694275650953,0.014232809433821717,0.01,39117,15,2.989930382262815,0.11637592554378359,2.6922592423173348e-05
2796,vascular_parenchyma,-0.11555095035491204,0.019256025119823716,0.01,39131,15,2.946597317619199,0.11637544054585051,2.694854218433536e-05
2797,vascular_parenchyma,-0.11461096075742158,0.024242655749102834,0.01,39145,15,2.903265698972591,0.11638543981828879,2.6913221159357203e-05
2798,vascular_parenchyma,-0.11346107772661694,0.029187385983719467,0.01,39159,15,2.8599334275534676,0.11637391758879359,2.6937801267628107e-05
2799,vascular_parenchyma,-0.11207821523239157,0.03407192936691312,0.01,39173,15,2.8166004433391567,0.11637848476205617,2.6944004144534025e-05
2800,vascular_parenchyma,-0.11050359093819097,0.03889628918356307,0.01,39187,15,2.773269136561633,0.11637993799869423,2.6926803878031523e-05
2801,vascular_parenchyma,-0.1087144136316796,0.043647223037875396,0.01,39201,15,2.729936237658554,0.11637347835434753,2.6945431615826877e-05
2802,vascular_parenchyma,-0.10671709137865298,0.04831304961629088,0.01,39215,15,2.6866036493093746,0.11638311284946194,2.6943994894238407e-05
2803,vascular_parenchyma,-0.10453258850374593,0.05289481170538651,0.01,39229,15,2.643272110232841,0.11637603527194153,2.69299025156506e-05
2804,vascular_parenchyma,-0.10213504373163941,0.05736982387330337,0.01,39243,15,2.599938910215909,0.11637465195464955,2.6938351022379212e-05
2805,vascular_parenchyma,-0.09955595275484955,0.06174000774272398,0.01,39257,15,2.556607025547231,0.1163861649151441,2.6939669050631033e-05
2806,vascular_parenchyma,-0.09679573284261232,0.06600074956707681,0.01,39271,15,2.513274747779178,0.1163737680363473,2.693207412787554e-05
2807,vascular_parenchyma,-0.09383444089870879,0.07012433275594943,0.01,39285,15,2.469941586005739,0.11637746958582434,2.6941316981573888e-05
2808,vascular_parenchyma,-0.09071410005808436,0.07412626930822572,0.01,39299,15,2.4266101351542515,0.11638046639201338,2.694428275761857e-05
2809,vascular_parenchyma,-0.08741837461618657,0.07798769547080014,0.01,39313,15,2.3832772091970207,0.11637315689358221,2.6928131264970475e-05
2810,vascular_parenchyma,-0.08395358678897645,0.08169667489737911,0.01,39327,15,2.339944431880969,0.11638194672854975,2.693442852766756e-05
2811,vascular_parenchyma,-0.08034214817201929,0.08526321165610172,0.01,39341,15,2.2966128958459944,0.11637642959904902,2.6939428977010378e-05
2812,vascular_parenchyma,-0.07656787845979135,0.08865857275644176,0.01,39355,15,2.253279669575491,0.11637420885984083,2.690884845280846e-05
2813,vascular_parenchyma,-0.07265686128290613,0.09189188982666921,0.01,39369,15,2.20994762328742,0.11638728677912302,2.694352179441239e-05
2814,vascular_parenchyma,-0.06861415038036249,0.09496262777073246,0.01,39383,15,2.16661548530696,0.11637405502422464,2.6933442219063845e-05
2815,vascular_parenchyma,-0.06442714000229205,0.09783391248791291,0.01,39397,15,2.1232823062320447,0.11637692118277529,2.6924069795125732e-05
2816,vascular_parenchyma,-0.060132636365865966,0.10053713650073777,0.01,39411,15,2.0799508543203036,0.11638148185862711,2.6932594310235064e-05
2817,vascular_parenchyma,-0.055721793472075405,0.10305046767333893,0.01,39425,15,2.0366180762757953,0.11637333277538561,2.6931639373403577e-05
2818,vascular_parenchyma,-0.051202226587449946,0.10536063507602873,0.01,39439,15,1.993285287278458,0.11638127944241503,2.692836531196691e-05
2819,vascular_parenchyma,-0.046593835196646935,0.10748748784643902,0.01,39453,15,1.9499539038445086,0.11637731433544224,2.6910738987003086e-05
2820,vascular_parenchyma,-0.04189109811260556,0.10939995914943625,0.01,39467,15,1.9066208225365848,0.11637423834500982,2.6953099824536347e-05
2821,vascular_parenchyma,-0.03711368845741995,0.11111114514099187,0.01,39481,15,1.8632887560038147,0.11638725366883455,2.692004202091081e-05
2822,vascular_parenchyma,-0.0322683291982326,0.112625812882829,0.01,39495,15,1.819956903391701,0.1163747492169852,2.6936371447144985e-05
2823,vascular_parenchyma,-0.027354968660679397,0.11390431697061257,0.01,39509,15,1.7766238414122457,0.11637673200838819,2.6953156657469855e-05
2824,vascular_parenchyma,-0.022397378542385098,0.11498689280190003,0.01,39523,15,1.733292476138685,0.11638279823682131,2.6924817658834806e-05
2825,vascular_parenchyma,-0.01739525595636386,0.11585358174681533,0.01,39537,15,1.6899599381300372,0.1163737409521399,2.6942431008718445e-05
2826,vascular_parenchyma,-0.012359281377426692,0.11648952194149906,0.01,39551,15,1.646627200479482,0.11638076755653494,2.6939776714873883e-05
2827,vascular_parenchyma,-0.007302552143978799,0.11692355736459605,0.01,39565,15,1.6032959772498125,0.11637826980449924,2.692748765911546e-05
2828,vascular_parenchyma,-0.0022298730307978164,0.11712593948393406,0.01,39579,15,1.5599630428000693,0.11637424918098281,2.693777041135912e-05
2829,vascular_parenchyma,0.0028449273097711676,0.1171108549852745,0.01,39593,15,1.5166309201631059,0.11638631063138635,2.6941391372498488e-05
2830,vascular_parenchyma,0.007916454137277583,0.11688860194323583,0.01,39607,15,1.4732992630494524,0.1163752438244329,2.693405719583322e-05
2831,vascular_parenchyma,0.012971996745635924,0.11642314199600078,0.01,39621,15,1.4299662191853744,0.11637625907987974,2.693808017167979e-05
2832,vascular_parenchyma,0.018002376178272606,0.11575598718481148,0.01,39635,15,1.3866347840072664,0.11638375579435371,2.6942782271222606e-05
2833,vascular_parenchyma,0.023001656379650064,0.11487302692076715,0.01,39649,15,1.343302333061299,0.11637372955622173,2.6929063239296872e-05
2834,vascular_parenchyma,0.027954029957425196,0.11375877871735546,0.01,39663,15,1.2999694724313582,0.116379790736915,2.6924738966844525e-05
2835,vascular_parenchyma,0.03285708542389795,0.11244841471970946,0.01,39677,15,1.2566381949429921,0.11637873474385052,2.6944373967873997e-05
2836,vascular_parenchyma,0.03769718359704135,0.11091666796614998,0.01,39691,15,1.2133052145444196,0.11637376462099666,2.6916653660706777e-05
2837,vascular_parenchyma,0.04246471008808881,0.10917697638964644,0.01,39705,15,1.1699728452144427,0.11638488670123162,2.6938269744274913e-05
2838,vascular_parenchyma,0.04715864344334789,0.10724441131001708,0.01,39719,15,1.126641174201154,0.11637529406520707,2.6943499089441625e-05
2839,vascular_parenchyma,0.051755888693629695,0.1050903459477805,0.01,39733,15,1.0833079839027684,0.11637539513074166,2.692123586014518e-05
2840,vascular_parenchyma,0.05625995066507585,0.10275296059628662,0.01,39747,15,1.039976310521904,0.11638439046299143,2.693224358973312e-05
2841,vascular_parenchyma,0.06066260346010386,0.10022528617017339,0.01,39761,15,0.9966438312637237,0.11637347555971649,2.6930510813331478e-05
2842,vascular_parenchyma,0.06494129927872944,0.0974935454276595,0.01,39775,15,0.953310765823557,0.11637865854496411,2.6930006509661874e-05
2843,vascular_parenchyma,0.06910704191014495,0.09459497543516235,0.01,39789,15,0.9099793574489781,0.1163791354126428,2.6914449074524102e-05
2844,vascular_parenchyma,0.07313971520220149,0.0915111215035071,0.01,39803,15,0.8666463149737946,0.1163733064809397,2.69593026646494e-05
2845,vascular_parenchyma,0.07703192710636213,0.08825404499226158,0.01,39817,15,0.823313718469924,0.11638357667632855,2.692642699231812e-05
2846,vascular_parenchyma,0.08078956586714989,0.084841417743085,0.01,39831,15,0.7799820546949482,0.11637553913819215,2.6930888576570716e-05
2847,vascular_parenchyma,0.08438254483943686,0.08125467575987204,0.01,39845,15,0.7366487960274956,0.1163747989331739,2.695267159872958e-05
2848,vascular_parenchyma,0.08782392426412008,0.07752546566842834,0.01,39859,15,0.6933169622018741,0.11638535682690651,2.692201916932204e-05
2849,vascular_parenchyma,0.09110708220994407,0.07365332252623415,0.01,39873,15,0.6499845788774702,0.11637360610429438,2.6936813814227007e-05
2850,vascular_parenchyma,0.09420229048162623,0.06962946227458296,0.01,39887,15,0.6066514521449365,0.11637795405887635,2.6938016493855827e-05
2851,vascular_parenchyma,0.09713492980295163,0.06548785818301357,0.01,39901,15,0.5633200435926159,0.11637999651317397,2.6929314144409273e-05
2852,vascular_parenchyma,0.09988125968976143,0.061218179922270986,0.01,39915,15,0.5199871062938215,0.11637333120090321,2.6936675357215316e-05
2853,vascular_parenchyma,0.10243437437498458,0.05683166445184631,0.01,39929,15,0.4766544569328679,0.11638276290276707,2.6942058888668268e-05
2854,vascular_parenchyma,0.10480851419943389,0.05234530581193342,0.01,39943,15,0.4333229510227476,0.1163762837391733,2.6935464590706115e-05
2855,vascular_parenchyma,0.10697052899347996,0.04775188420169599,0.01,39957,15,0.3899898007576531,0.11637469646018044,2.6933963348629114e-05
2856,vascular_parenchyma,0.10893939133772042,0.043074934212354546,0.01,39971,15,0.34665795254277704,0.11638680205354594,2.694061523418172e-05
2857,vascular_parenchyma,0.11071311193280987,0.03831817872741146,0.01,39985,15,0.3033258310264946,0.11637419002038418,2.6931078430200865e-05
2858,vascular_parenchyma,0.11225594552254861,0.03348148798588573,0.01,39999,15,0.259992796956543,0.11637766801353741,2.6918798317881096e-05
2859,vascular_parenchyma,0.11360646025188477,0.028589910432043963,0.01,40013,15,0.21666150072576165,0.11638123060143114,2.6948823532332663e-05
2860,vascular_parenchyma,0.11474024532236142,0.023641481957688573,0.01,40027,15,0.1733287895930307,0.11637367274873087,2.6923999152544795e-05
2861,vascular_parenchyma,0.11564992206664831,0.018648038277695473,0.01,40041,15,0.1299961839976325,0.11638220040599623,2.6932623727661393e-05
2862,vascular_parenchyma,0.11635800387645391,0.013622037990527615,0.01,40055,15,0.08666488137742699,0.11637720408360687,2.695278504847652e-05
2863,vascular_parenchyma,0.11683223273594368,0.008567474679214168,0.01,40069,15,0.04333188158712745,0.11637468674342503,2.691818681695326e-05
2864,vascular_parenchyma,0.1170940207321901,0.003499738652370522,0.01,40083,15,-1.6271258845191802e-15,0.11638825150032515,2.693021192029279e-05
2865,vascular_parenchyma,0.11177411639093902,-0.0015954043727563689,0.01,40097,16,-0.04520247335811404,0.11104137434932297,2.6724998705138842e-05
2866,vascular_parenchyma,0.11161417451666387,-0.0066274793009488,0.01,40111,16,-0.09040575320719049,0.11104840651467979,2.6738788634196335e-05
2867,vascular_parenchyma,0.11120908460989067,-0.011664428298896069,0.01,40125,16,-0.1356075181923981,0.11104340067901976,2.6738969623257642e-05
2868,vascular_parenchyma,0.11056237112836567,-0.01667732483905796,0.01,40139,16,-0.18081111302483444,0.11104388155027642,2.6777785315706237e-05
2869,vascular_parenchyma,0.10969773068973913,-0.02165609319191341,0.01,40153,16,-0.22601285401576085,0.1110474608329236,2.675952800558596e-05
2870,vascular_parenchyma,0.10860949617019885,-0.026591867934144697,0.01,40167,16,-0.2712162686149854,0.11104139653184202,2.6804962586651707e-05
2871,vascular_parenchyma,0.10729255033452209,-0.03147066289232897,0.01,40181,16,-0.31641866481147146,0.11105356737639184,2.6792325066445543e-05
2872,vascular_parenchyma,0.10577132763877858,-0.03629068390345435,0.01,40195,16,-0.3616213986704224,0.11104096584448386,2.6797197697876876e-05
2873,vascular_parenchyma,0.10401090005834213,-0.04102874356455479,0.01,40209,16,-0.40682470457857545,0.11104899260099085,2.6796489834567885e-05
2874,vascular_parenchyma,0.10205910474304014,-0.045689999222207914,0.01,40223,16,-0.45202666962175053,0.11104260426323968,2.677055574222184e-05
2875,vascular_parenchyma,0.09988339707623234,-0.050252236887872156,0.01,40237,16,-0.49723039029699395,0.1110441040151777,2.6786999238493687e-05
2876,vascular_parenchyma,0.09751336943302488,-0.054715255379445854,0.01,40251,16,-0.5424322362600718,0.11104632454877657,2.678115206534624e-05
2877,vascular_parenchyma,0.09494214547781978,-0.0590666908645118,0.01,40265,16,-0.5876358575068172,0.1110413026082729,2.6765112359711537e-05
2878,vascular_parenchyma,0.09217335106500568,-0.06329404462853787,0.01,40279,16,-0.6328382439926427,0.11105213610617191,2.673769612172035e-05
2879,vascular_parenchyma,0.08922675033676344,-0.06740062892299649,0.01,40293,16,-0.6780412482411742,0.11104059627152009,2.6700844231130687e-05
2880,vascular_parenchyma,0.08608065157387594,-0.07135641679702157,0.01,40307,16,-0.7232445563226038,0.11104969169616302,2.67038596563963e-05
2881,vascular_parenchyma,0.08277573602827026,-0.07517953280543925,0.01,40321,16,-0.7684466995430311,0.11104198936218203,2.6665987436368487e-05
2882,vascular_parenchyma,0.07928744872963622,-0.0788373969109865,0.01,40335,16,-0.8136504674835359,0.1110445688658062,2.663942147552196e-05
2883,vascular_parenchyma,0.07564709825673444,-0.08234214573240752,0.01,40349,16,-0.8588523460922809,0.11104548333172576,2.667217388507663e-05
2884,vascular_parenchyma,0.071848631049617,-0.08567650408771146,0.01,40363,16,-0.9040560532946275,0.11104154670201526,2.671687986797944e-05
2885,vascular_parenchyma,0.06790257608937644,-0.08883327032359344,0.01,40377,16,-0.9492583222218023,0.11105107732723464,2.675151378640305e-05
2886,vascular_parenchyma,0.06382367063471521,-0.09181803984252546,0.01,40391,16,-0.9944614485861506,0.1110406235053874,2.6796950484711298e-05
2887,vascular_parenchyma,0.05960382691952691,-0.09459958985594917,0.01,40405,16,-1.039664601515044,0.1110508037864474,2.681743800230167e-05
2888,vascular_parenchyma,0.0552735648176481,-0.09720523934721248,0.01,40419,16,-1.0848667908722263,0.11104179457208987,2.6901555215708047e-05
2889,vascular_parenchyma,0.05081958933399704,-0.09959494225757712,0.01,40433,16,-1.1300704430225557,0.11104545280525832,2.686610310258975e-05
2890,vascular_parenchyma,0.04626988202907233,-0.10179390864996063,0.01,40447,16,-1.17527222303113,0.11104505162482038,2.685881290752007e-05
2891,vascular_parenchyma,0.0416219145367244,-0.10377957479695342,0.01,40461,16,-1.220475860823679,0.11104218200522728,2.685228191732107e-05
2892,vascular_parenchyma,0.036889871918955756,-0.10555273572352371,0.01,40475,16,-1.2656778962532047,0.11105038281749151,2.6821157801014314e-05
2893,vascular_parenchyma,0.03208429990350222,-0.10711884024736383,0.01,40489,16,-1.3108810109902482,0.11104097838195624,2.6828589358191886e-05
2894,vascular_parenchyma,0.0272089959572418,-0.10845054777725478,0.01,40503,16,-1.3560838932227754,0.11105219842155144,2.6787280176092067e-05
2895,vascular_parenchyma,0.022282881720832367,-0.10958010441399745,0.01,40517,16,-1.4012860614101124,0.11104182719867396,2.6760318225839405e-05
2896,vascular_parenchyma,0.017306137940887503,-0.11046391275639528,0.01,40531,16,-1.4464895262574353,0.11104650152071376,2.6718218676369537e-05
2897,vascular_parenchyma,0.012298200120541145,-0.11113900162898345,0.01,40545,16,-1.4916911921580704,0.1110447145018046,2.669602193225541e-05
2898,vascular_parenchyma,0.007262963277280022,-0.11157842151250598,0.01,40559,16,-1.5368947450382018,0.11104283699562498,2.6661836387256963e-05
2899,vascular_parenchyma,0.002214152239664824,-0.11179209354651336,0.01,40573,16,-1.58209659340468,0.111049630167765,2.6648459487591106e-05
2900,vascular_parenchyma,-0.0028401597837087855,-0.11178371169508917,0.01,40587,16,-1.6272997430085585,0.11104119836574457,2.6599377168259505e-05
2901,vascular_parenchyma,-0.007887677758698718,-0.11153363665630263,0.01,40601,16,-1.6725024344962216,0.11105338507390243,2.6664116659073685e-05
2902,vascular_parenchyma,-0.012920961511864965,-0.11107485808333135,0.01,40615,16,-1.7177047162361534,0.11104158678384654,2.6672624624001347e-05
2903,vascular_parenchyma,-0.017925503112399026,-0.11036478066743585,0.01,40629,16,-1.7629081254954653,0.11104722309246887,2.6716564238708243e-05
2904,vascular_parenchyma,-0.022895053829590152,-0.1094490067583295,0.01,40643,16,-1.8081098567394018,0.11104401064077357,2.6740726687329612e-05
2905,vascular_parenchyma,-0.027816752959970072,-0.10829842904708555,0.01,40657,16,-1.8533134879031465,0.11104310261131621,2.6775525726377573e-05
2906,vascular_parenchyma,-0.032681651616104423,-0.1069314183782472,0.01,40671,16,-1.8985153472291274,0.11104848298060102,2.6831118077623953e-05
2907,vascular_parenchyma,-0.03748199259067092,-0.10534938784010511,0.01,40685,16,-1.9437186989293787,0.11104103830208634,2.6833132587238923e-05
2908,vascular_parenchyma,-0.04220141282198327,-0.10354246326623225,0.01,40699,16,-1.9889213567243018,0.11105422220990935,2.683620340455375e-05
2909,vascular_parenchyma,-0.046842490532376144,-0.10154078119480998,0.01,40713,16,-2.034123923559388,0.11104104486329489,2.6864776277459366e-05
2910,vascular_parenchyma,-0.051377077528876214,-0.09930745574341077,0.01,40727,16,-2.0793273962391448,0.11104770277266096,2.686116305403554e-05
2911,vascular_parenchyma,-0.05581544061019126,-0.09689169594956236,0.01,40741,16,-2.1245293153901423,0.11104313475199915,2.689838621841506e-05
2912,vascular_parenchyma,-0.0601341066087012,-0.09426560351001487,0.01,40755,16,-2.1697330882816375,0.11104327147354792,2.6854959493450642e-05
2913,vascular_parenchyma,-0.06433269051944958,-0.09145354648803858,0.01,40769,16,-2.2149350189920334,0.11104731699513103,2.6807348123685768e-05
2914,vascular_parenchyma,-0.0684016567514538,-0.08845527916321336,0.01,40783,16,-2.26013857415168,0.11104093583134605,2.678660115234193e-05
2915,vascular_parenchyma,-0.07232521467558807,-0.08527051205463058,0.01,40797,16,-2.3053411728372426,0.11105359697801381,2.6736470026947996e-05
2916,vascular_parenchyma,-0.07611263959586788,-0.08192354311877857,0.01,40811,16,-2.350543990508677,0.11104069989813276,2.668021580994741e-05
2917,vascular_parenchyma,-0.079727459654715,-0.07839054394683595,0.01,40825,16,-2.3957474415889557,0.11104843834516767,2.6658432438733674e-05
2918,vascular_parenchyma,-0.08319446864237183,-0.07471412953486894,0.01,40839,16,-2.4409494719289877,0.11104256492621235,2.662941443091671e-05
2919,vascular_parenchyma,-0.08648061571680882,-0.07087371031650391,0.01,40853,16,-2.4861532613884303,0.11104378723981569,2.6692404515665828e-05
2920,vascular_parenchyma,-0.08959658921672625,-0.06689547958695735,0.01,40867,16,-2.5313551528689593,0.11104652987332234,2.667858845646964e-05
2921,vascular_parenchyma,-0.09252953516527337,-0.06277917310137786,0.01,40881,16,-2.576558760734851,0.11104123454436435,2.6723427780830376e-05
2922,vascular_parenchyma,-0.09526821618529248,-0.05853223973670997,0.01,40895,16,-2.621761169582216,0.11105259099813007,2.674758124935944e-05
2923,vascular_parenchyma,-0.09782501367069167,-0.054172268862942075,0.01,40909,16,-2.6669640776101606,0.11104077522184615,2.6769283130600278e-05
2924,vascular_parenchyma,-0.10016222133093337,-0.04969071102611747,0.01,40923,16,-2.7121673443991208,0.11104959132080723,2.6782026361948193e-05
2925,vascular_parenchyma,-0.10231385486606343,-0.04511812608151662,0.01,40937,16,-2.757369355723691,0.11104240062091508,2.67773274685026e-05
2926,vascular_parenchyma,-0.10424065009623999,-0.040445284837672256,0.01,40951,16,-2.8025730085833596,0.11104468825307581,2.6777008618434652e-05
2927,vascular_parenchyma,-0.10596503571003402,-0.035695340870474226,0.01,40965,16,-2.8477747474576605,0.11104609858016981,2.6790742960800506e-05
2928,vascular_parenchyma,-0.1074702512489284,-0.03087034410228358,0.01,40979,16,-2.8929782784449753,0.1110418503678379,2.6793824791448473e-05
2929,vascular_parenchyma,-0.10875247501399807,-0.02598234737959928,0.01,40993,16,-2.9381804163383634,0.11105185446723251,2.6807499908659074e-05
2930,vascular_parenchyma,-0.10982433899059306,-0.02104296515997293,0.01,41007,16,-2.983383323301043,0.11104106296473297,2.679072316047639e-05
2931,vascular_parenchyma,-0.11065235395768319,-0.0160570640793558,0.01,41021,16,-3.028586341405697,0.11105089233353718,2.6760408225251418e-05
2932,vascular_parenchyma,-0.11127499869174119,-0.011041859102892643,0.01,41035,16,-3.073788324582381,0.11104231251502425,2.6778804082573243e-05
2933,vascular_parenchyma,-0.11165072782997512,-0.006001296632940487,0.01,41049,16,-3.118991833733582,0.11104558973693572,2.6738976934844613e-05
2934,vascular_parenchyma,-0.11181247405718744,-0.0009506342196466969,0.01,41063,16,3.1189918337335762,0.11104558973693575,2.6732554796982566e-05
2935,vascular_parenchyma,-0.11174017949552092,0.00410319643675553,0.01,41077,16,3.073788324582375,0.11104231251502436,2.6732554796983e-05
2936,vascular_parenchyma,-0.11143874109051602,0.009147554196885661,0.01,41091,16,3.028586341405691,0.11105089233353731,2.673897693484451e-05
2937,vascular_parenchyma,-0.11091901221763838,0.014175092044543258,0.01,41105,16,2.9833833233010374,0.11104106296473312,2.6778804082573152e-05
2938,vascular_parenchyma,-0.11015583511010794,0.019171119966842603,0.01,41119,16,2.9381804163383576,0.11105185446723272,2.6760408225251306e-05
2939,vascular_parenchyma,-0.10918755820534702,0.024131392796802077,0.01,41133,16,2.8929782784449696,0.11104185036783812,2.6790723160476382e-05
2940,vascular_parenchyma,-0.10797479477196965,0.02903833960431897,0.01,41147,16,2.8477747474576547,0.11104609858017007,2.6807499908659013e-05
2941,vascular_parenchyma,-0.1065578574174101,0.03388885574423494,0.01,41161,16,2.802573008583354,0.11104468825307608,2.6793824791448514e-05
2942,vascular_parenchyma,-0.10491523798582116,0.038668857269390844,0.01,41175,16,2.757369355723686,0.11104240062091537,2.6790742960800455e-05
2943,vascular_parenchyma,-0.10306006495285092,0.0433693391729399,0.01,41189,16,2.712167344399115,0.1110495913208075,2.6777008618434665e-05
2944,vascular_parenchyma,-0.10100047999872233,0.04798499222666977,0.01,41203,16,2.6669640776101553,0.11104077522184641,2.6777327468502626e-05
2945,vascular_parenchyma,-0.09872193407533224,0.05249596460783543,0.01,41217,16,2.621761169582211,0.11105259099813032,2.6782026361948186e-05
2946,vascular_parenchyma,-0.09625874329977697,0.056909178098116506,0.01,41231,16,2.576558760734846,0.11104123454436456,2.676928313060035e-05
2947,vascular_parenchyma,-0.09357814241323004,0.061194480462372226,0.01,41245,16,2.531355152868955,0.11104652987332253,2.674758124935946e-05
2948,vascular_parenchyma,-0.09072310519449803,0.0653638753660638,0.01,41259,16,2.486153261388426,0.11104378723981587,2.672342778083043e-05
2949,vascular_parenchyma,-0.08767358436777548,0.06939466493168464,0.01,41273,16,2.4409494719289837,0.1110425649262125,2.6678588456469656e-05
2950,vascular_parenchyma,-0.08444871296629583,0.07328519248497323,0.01,41287,16,2.3957474415889517,0.11104843834516775,2.6692404515665723e-05
2951,vascular_parenchyma,-0.08105416833072204,0.07702994248334713,0.01,41301,16,2.350543990508674,0.11104069989813281,2.662941443091658e-05
2952,vascular_parenchyma,-0.07748625118102222,0.0806088450115778,0.01,41315,16,2.3053411728372395,0.11105359697801384,2.6658432438733556e-05
2953,vascular_parenchyma,-0.07377244478161078,0.08403715691219285,0.01,41329,16,2.260138574151677,0.11104093583134601,2.668021580994738e-05
2954,vascular_parenchyma,-0.06989060045626613,0.08727463995460663,0.01,41343,16,2.2149350189920303,0.11104731699513097,2.6736470026947867e-05
2955,vascular_parenchyma,-0.06588059264750318,0.09034951009426655,0.01,41357,16,2.1697330882816344,0.11104327147354781,2.6786601152341703e-05
2956,vascular_parenchyma,-0.06172745140705535,0.09323022997241,0.01,41371,16,2.124529315390139,0.11104313475199903,2.680734812368576e-05
2957,vascular_parenchyma,-0.05745266824953114,0.09592505021369614,0.01,41385,16,2.0793273962391416,0.1110477027726608,2.6854959493450442e-05
2958,vascular_parenchyma,-0.05306075703005362,0.09842649020603682,0.01,41399,16,2.034123923559385,0.11104104486329473,2.6898386218414955e-05
2959,vascular_parenchyma,-0.048557063478007235,0.10071862397905401,0.01,41413,16,1.9889213567242987,0.11105422220990918,2.6861163054035445e-05
2960,vascular_parenchyma,-0.04396075733012286,0.10282120643175977,0.01,41427,16,1.943718698929375,0.11104103830208617,2.6864776277459393e-05
2961,vascular_parenchyma,-0.039264108855573826,0.10468968619369774,0.01,41441,16,1.898515347229124,0.11104848298060087,2.683620340455384e-05
2962,vascular_parenchyma,-0.034496637524929805,0.10636503057642577,0.01,41455,16,1.8533134879031434,0.11104310261131607,2.683313258723877e-05
2963,vascular_parenchyma,-0.029652879375934332,0.10780915054329636,0.01,41469,16,1.8081098567393987,0.11104401064077345,2.683111807762397e-05
2964,vascular_parenchyma,-0.02475204688924417,0.10904102701129145,0.01,41483,16,1.7629081254954617,0.11104722309246876,2.6775525726377817e-05
2965,vascular_parenchyma,-0.01979952936554472,0.1100503413813835,0.01,41497,16,1.71770471623615,0.11104158678384649,2.6740726687329914e-05
2966,vascular_parenchyma,-0.014806363246994489,0.11082829068505286,0.01,41511,16,1.6725024344962178,0.11105338507390239,2.671656423870827e-05
2967,vascular_parenchyma,-0.009783853524458515,0.11139490262982137,0.01,41525,16,1.6272997430085554,0.11104119836574457,2.667262462400137e-05
2968,vascular_parenchyma,-0.004739252817730244,0.11171054179323928,0.01,41539,16,1.5820965934046767,0.111049630167765,2.6664116659073624e-05
2969,vascular_parenchyma,0.0003130240403798085,0.11181986149305569,0.01,41553,16,1.5368947450381993,0.111042836995625,2.6599377168259414e-05
2970,vascular_parenchyma,0.0053656785581464375,0.11168366430551192,0.01,41567,16,1.4916911921580687,0.11104471450180466,2.6648459487590733e-05
2971,vascular_parenchyma,0.010406584017847564,0.11133038184660626,0.01,41581,16,1.4464895262574333,0.11104650152071381,2.66618363872568e-05
2972,vascular_parenchyma,0.015427146274873235,0.1107471202697987,0.01,41595,16,1.4012860614101108,0.11104182719867403,2.6696021932255372e-05
2973,vascular_parenchyma,0.020414634519278035,0.1099337014225668,0.01,41609,16,1.356083893222773,0.11105219842155155,2.671821867636953e-05
2974,vascular_parenchyma,0.025363806641543984,0.10890796107413264,0.01,41623,16,1.3108810109902462,0.11104097838195634,2.6760318225839524e-05
2975,vascular_parenchyma,0.030256323491600352,0.10763957926077194,0.01,41637,16,1.265677896253203,0.1110503828174916,2.6787280176091884e-05
2976,vascular_parenchyma,0.03509215415825643,0.10617190423128728,0.01,41651,16,1.220475860823678,0.11104218200522738,2.682858935819157e-05
2977,vascular_parenchyma,0.039851159147862705,0.10446892163231707,0.01,41665,16,1.1752722230311283,0.11104505162482049,2.6821157801014273e-05
2978,vascular_parenchyma,0.04453224381257389,0.10256554903836372,0.01,41679,16,1.1300704430225539,0.11104545280525842,2.6852281917321254e-05
2979,vascular_parenchyma,0.049121504529862296,0.10044775704283225,0.01,41693,16,1.0848667908722254,0.11104179457208997,2.6858812907519828e-05
2980,vascular_parenchyma,0.05360873274727738,0.0981236999061814,0.01,41707,16,1.0396646015150428,0.11105080378644748,2.686610310258952e-05
2981,vascular_parenchyma,0.05799234004041951,0.09560769863585963,0.01,41721,16,0.994461448586149,0.11104062350538747,2.690155521570824e-05
2982,vascular_parenchyma,0.062247883644265756,0.09288120716494314,0.01,41735,16,0.9492583222218007,0.1110510773272347,2.6817438002301903e-05
2983,vascular_parenchyma,0.06638749617429694,0.08998210039935901,0.01,41749,16,0.9040560532946258,0.11104154670201531,2.6796950484711407e-05
2984,vascular_parenchyma,0.07037955472426329,0.08688174479757538,0.01,41763,16,0.8588523460922796,0.11104548333172581,2.6751513786403063e-05
2985,vascular_parenchyma,0.07423666379452445,0.08361709285009149,0.01,41777,16,0.8136504674835346,0.11104456886580623,2.6716879867979348e-05
2986,vascular_parenchyma,0.07793822526987004,0.08017544038878881,0.01,41791,16,0.7684466995430294,0.11104198936218206,2.6672173885076874e-05
2987,vascular_parenchyma,0.08148027395924332,0.07657125645885544,0.01,41805,16,0.723244556322602,0.11104969169616304,2.6639421475522123e-05
2988,vascular_parenchyma,0.08486238554993811,0.07281526361388992,0.01,41819,16,0.6780412482411722,0.11104059627152008,2.6665987436368528e-05
2989,vascular_parenchyma,0.0880592730666941,0.06890102843170251,0.01,41833,16,0.6328382439926409,0.1110521361061719,2.670385965639629e-05
2990,vascular_parenchyma,0.0910919581350431,0.06485801709544146,0.01,41847,16,0.5876358575068148,0.11104130260827288,2.6700844231130826e-05
2991,vascular_parenchyma,0.0939200552415796,0.06066861141553745,0.01,41861,16,0.542432236260069,0.11104632454877653,2.673769612172055e-05
2992,vascular_parenchyma,0.09657074642916227,0.056366406809514435,0.01,41875,16,0.4972303902969917,0.11104410401517766,2.6765112359711418e-05
2993,vascular_parenchyma,0.09901648624780504,0.05194315962397283,0.01,41889,16,0.4520266696217485,0.11104260426323963,2.6781152065346002e-05
2994,vascular_parenchyma,0.10126214802200717,0.04741623250389964,0.01,41903,16,0.4068247045785731,0.11104899260099081,2.678699923849377e-05
2995,vascular_parenchyma,0.10330641212784354,0.04279377766227826,0.01,41917,16,0.3616213986704195,0.11104096584448384,2.677055574222202e-05
2996,vascular_parenchyma,0.10512788593667197,0.038079808573070806,0.01,41931,16,0.31641866481146863,0.1110535673763918,2.67964898345681e-05
2997,vascular_parenchyma,0.1067526816155126,0.03329388237370048,0.01,41945,16,0.27121626861498255,0.11104139653184195,2.679719769787677e-05
2998,vascular_parenchyma,0.1081355062857082,0.028432028281069055,0.01,41959,16,0.2260128540157587,0.11104746083292354,2.6792325066445428e-05
2999,vascular_parenchyma,0.10931691360265512,0.023518850587522122,0.01,41973,16,0.1808111130248317,0.11104388155027635,2.6804962586651697e-05
3000,vascular_parenchyma,0.11026354057316276,0.01855387878729743,0.01,41987,16,0.13560751819239555,0.1110434006790197,2.675952800558622e-05
3001,vascular_parenchyma,0.11099009538053471,0.013553076609404463,0.01,42001,16,0.09040575320718759,0.11104840651467976,2.6777785315706376e-05
3002,vascular_parenchyma,0.11149314525292674,0.008523857556584294,0.01,42015,16,0.04520247335811123,0.11104137434932296,2.6738969623257777e-05
3003,vascular_parenchyma,0.1117587233287141,0.0034774030038852476,0.01,42029,16,-1.7604850378394031e-15,0.11105496045270957,2.6738145636425016e-05
3004,vascular_parenchyma,0.10645472801683714,-0.0015963159884360995,0.01,42043,17,-0.047963166494446596,0.10572443468075977,2.690688901005194e-05
3005,vascular_parenchyma,0.10628536899941254,-0.006680352843328723,0.01,42057,17,-0.09592606083041146,0.10573564000085905,2.6895214227969978e-05
3006,vascular_parenchyma,0.105854342173222,-0.011769420446726641,0.01,42071,17,-0.14388951848007692,0.10572454349844629,2.6891154703410043e-05
3007,vascular_parenchyma,0.105157019080681,-0.016829588735590616,0.01,42085,17,-0.19185220419538038,0.10573379431987909,2.68802911184696e-05
3008,vascular_parenchyma,0.1042386319200326,-0.021853587984352146,0.01,42099,17,-0.23981592326284187,0.10572476997061765,2.6873101794134186e-05
3009,vascular_parenchyma,0.10306188326810428,-0.0268241369470114,0.01,42113,17,-0.287778459068007,0.10573207312334418,2.684473248402661e-05
3010,vascular_parenchyma,0.10166465810257613,-0.03173651964752082,0.01,42127,17,-0.3357424036290898,0.10572512875172112,2.6863656877078942e-05
3011,vascular_parenchyma,0.10001922729976775,-0.03657213909314721,0.01,42141,17,-0.38370484124124576,0.10573049261308214,2.687768947335637e-05
3012,vascular_parenchyma,0.09815612129119983,-0.04132739367115104,0.01,42155,17,-0.43166896777118746,0.10572563657406978,2.6884637339544393e-05
3013,vascular_parenchyma,0.09605702315462988,-0.04598400635107566,0.01,42169,17,-0.4796313514051862,0.10572906927706817,2.6890153826295975e-05
3014,vascular_parenchyma,0.09374530631629095,-0.05053807861446799,0.01,42183,17,-0.527595608987103,0.10572630893567805,2.6875148940848698e-05
3015,vascular_parenchyma,0.09121168857975152,-0.05497324112953702,0.01,42197,17,-0.5755579762219526,0.10572781708709106,2.6889758252517828e-05
3016,vascular_parenchyma,0.08847278270693609,-0.05928394103158569,0.01,42211,17,-0.6235223079206834,0.10572715792913116,2.69117268245342e-05
3017,vascular_parenchyma,0.0855277507781465,-0.06345722960055883,0.01,42225,17,-0.6714846913775961,0.10572674602848899,2.69580785725652e-05
3018,vascular_parenchyma,0.08238703089885424,-0.06748462071714453,0.01,42239,17,-0.7194490361509336,0.10572819140326536,2.6964092146149724e-05
3019,vascular_parenchyma,0.07905743733603363,-0.0713579986787221,0.01,42253,17,-0.7674114654120147,0.1057258618280743,2.6994467371754473e-05
3020,vascular_parenchyma,0.0755439972484506,-0.0750647670991689,0.01,42267,17,-0.8153757600412774,0.1057294131466345,2.6993843686893013e-05
3021,vascular_parenchyma,0.07186019757252199,-0.07860293099622993,0.01,42281,17,-0.8633382633910891,0.10572516653255656,2.6979802795036533e-05
3022,vascular_parenchyma,0.06800658132516141,-0.08195473035378452,0.01,42295,17,-0.9113024440799764,0.1057308236950314,2.691726381520844e-05
3023,vascular_parenchyma,0.06400215801693576,-0.08512543143523078,0.01,42309,17,-0.9592650498817489,0.10572465921531916,2.689074739409656e-05
3024,vascular_parenchyma,0.05984405926880399,-0.0880912005808123,0.01,42323,17,-1.0072290536227215,0.10573242057490691,2.6858602654224914e-05
3025,vascular_parenchyma,0.05555551596552602,-0.09086553823375396,0.01,42337,17,-1.0551917917261842,0.10572433559928018,2.678030010742122e-05
3026,vascular_parenchyma,0.05113144788668725,-0.09341778811988756,0.01,42351,17,-1.103155557952261,0.10573419753451224,2.6774412877903763e-05
3027,vascular_parenchyma,0.04659787696885413,-0.09577047252584928,0.01,42365,17,-1.1511184614689398,0.10572418729119482,2.6746734069612175e-05
3028,vascular_parenchyma,0.04194881636339807,-0.0978855400992017,0.01,42379,17,-1.1990819340009662,0.10573614405559885,2.680710710264422e-05
3029,vascular_parenchyma,0.037211543357457154,-0.09979512228699634,0.01,42393,17,-1.2470450412110476,0.10572420171398994,2.680996602736075e-05
3030,vascular_parenchyma,0.03238035871087852,-0.10145319084851392,0.01,42407,17,-1.295008177605202,0.105736636741242,2.6830029685801176e-05
3031,vascular_parenchyma,0.027482321347312735,-0.10290090898100955,0.01,42421,17,-1.3429715260772255,0.10572436310086931,2.684798835338442e-05
3032,vascular_parenchyma,0.022514154476991205,-0.10408799223161232,0.01,42435,17,-1.3909343591862005,0.10573485388987325,2.6881006370146705e-05
3033,vascular_parenchyma,0.017499908566382984,-0.10505833006325638,0.01,42449,17,-1.4388979261772359,0.10572465482676362,2.6926235964407152e-05
3034,vascular_parenchyma,0.012441217548962146,-0.10576615531795755,0.01,42463,17,-1.4868605124488472,0.1057331936309375,2.696032789391766e-05
3035,vascular_parenchyma,0.007356932699565434,-0.10624982439933002,0.01,42477,17,-1.5348242659047378,0.10572506280294472,2.6986669916639766e-05
3036,vascular_parenchyma,0.002253836673780755,-0.10647194146442024,0.01,42491,17,-1.5827866675378162,0.10573164456904473,2.7013639178213698e-05
3037,vascular_parenchyma,-0.0028533768845289383,-0.10646446100912926,0.01,42505,17,-1.6307505799242425,0.10572557919472135,2.7042056703688995e-05
3038,vascular_parenchyma,-0.007954353223042056,-0.10619885083324875,0.01,42519,17,-1.678712861657541,0.10573020323748296,2.6988300781253362e-05
3039,vascular_parenchyma,-0.01303717242563877,-0.10570029294771645,0.01,42533,17,-1.7266769060381082,0.10572620516747513,2.6992563075345277e-05
3040,vascular_parenchyma,-0.018089524493110954,-0.10494938697026375,0.01,42547,17,-1.7746391309961786,0.10572887543644194,2.693628223999719e-05
3041,vascular_parenchyma,-0.023100853277094532,-0.10396437594858549,0.01,42561,17,-1.8226032768742202,0.10572695043210967,2.6911185599571828e-05
3042,vascular_parenchyma,-0.028058522064383428,-0.10273503270995463,0.01,42575,17,-1.8705655030319894,0.10572767407596745,2.686103978840858e-05
3043,vascular_parenchyma,-0.032951928563555825,-0.10127270031698667,0.01,42589,17,-1.918529713451489,0.10572783005300464,2.6825095515629966e-05
3044,vascular_parenchyma,-0.03776972115006047,-0.09957614068432351,0.01,42603,17,-1.9664919916661407,0.10572661551271495,2.6826104370957315e-05
3045,vascular_parenchyma,-0.04249986774515965,-0.09765003934094707,0.01,42617,17,-2.0144562220350295,0.10572886073050888,2.680767882050398e-05
3046,vascular_parenchyma,-0.04713386898605123,-0.0955017420748806,0.01,42631,17,-2.0624185957147123,0.1057257160011342,2.679330654760837e-05
3047,vascular_parenchyma,-0.05165693138469012,-0.09312971752491792,0.01,42645,17,-2.1103827942013496,0.10573005760589503,2.676617269165385e-05
3048,vascular_parenchyma,-0.056064903301748285,-0.09054927667467208,0.01,42659,17,-2.1583453002896307,0.10572498904912364,2.6756275019034387e-05
3049,vascular_parenchyma,-0.060338975172109226,-0.08775330178253521,0.01,42673,17,-2.206309409298354,0.1057314322607491,2.6823247519861e-05
3050,vascular_parenchyma,-0.06448074086279164,-0.08476424748968953,0.01,42687,17,-2.2542720799978735,0.10572444410985038,2.686037681610366e-05
3051,vascular_parenchyma,-0.06846622074025564,-0.08157021875865281,0.01,42701,17,-2.3022360381019076,0.10573299202009713,2.6904119225186227e-05
3052,vascular_parenchyma,-0.07230402967064885,-0.07819980294035891,0.01,42715,17,-2.35019890278452,0.10572408642418771,2.697185199371787e-05
3053,vascular_parenchyma,-0.07596398683438547,-0.07463730134571786,0.01,42729,17,-2.3981626466220933,0.10573474023496572,2.69860764901465e-05
3054,vascular_parenchyma,-0.07946285837083443,-0.07091624991297138,0.01,42743,17,-2.446125733525255,0.10572391766584778,2.70099543868659e-05
3055,vascular_parenchyma,-0.08276337441585883,-0.06701826793870973,0.01,42757,17,-2.4940891993435366,0.10573667709629393,2.6955798785027416e-05
3056,vascular_parenchyma,-0.08589141639824469,-0.06298050139565682,0.01,42771,17,-2.5420525369241918,0.10572393654612078,2.695774919840504e-05
3057,vascular_parenchyma,-0.08880162210894102,-0.05878265740137755,0.01,42785,17,-2.590015691534359,0.10573558159170186,2.693489857818056e-05
3058,vascular_parenchyma,-0.09152785859727891,-0.05446377370766258,0.01,42799,17,-2.6379792803459585,0.10572413831560662,2.6900542661082746e-05
3059,vascular_parenchyma,-0.09402366099362697,-0.05000702526698191,0.01,42813,17,-2.6859421537302572,0.10573386035297758,2.6896048808812943e-05
3060,vascular_parenchyma,-0.09632204785074573,-0.04544616236149997,0.01,42827,17,-2.733905937330876,0.10572451405340423,2.687869498698363e-05
3061,vascular_parenchyma,-0.09838141069882429,-0.04077174309317717,0.01,42841,17,-2.7818685657926725,0.10573230696431807,2.6882920027584002e-05
3062,vascular_parenchyma,-0.10023058520887711,-0.03601103629978312,0.01,42855,17,-2.829832491453515,0.10572505070847427,2.6878285619683977e-05
3063,vascular_parenchyma,-0.1018347370061974,-0.031161558329321788,0.01,42869,17,-2.8777949175909576,0.10573090663304553,2.6863044681508368e-05
3064,vascular_parenchyma,-0.10321756332311284,-0.026245114418729436,0.01,42883,17,-2.925758939669472,0.10572573224881505,2.6853709303071063e-05
3065,vascular_parenchyma,-0.10435188020896344,-0.021264786427374553,0.01,42897,17,-2.973721213477272,0.10572964268069168,2.6871038174525194e-05
3066,vascular_parenchyma,-0.10525553989824656,-0.016238156124484066,0.01,42911,17,-3.0216852939993193,0.10572654215316515,2.6865122892853003e-05
3067,vascular_parenchyma,-0.10590968050972158,-0.011172381154818032,0.01,42925,17,-3.0696474727128567,0.10572849962671182,2.6903631601420083e-05
3068,vascular_parenchyma,-0.10632579319142757,-0.0060821379813459754,0.01,42939,17,-3.1176115804294784,0.10572746689148792,2.6876827734990848e-05
3069,vascular_parenchyma,-0.10649379502753738,-0.000977099645351514,0.01,42953,17,3.1176115804294784,0.10572746689148795,2.6905305651548987e-05
3070,vascular_parenchyma,-0.10641849824393729,0.0041295915851927495,0.01,42967,17,3.069647472712857,0.10572849962671191,2.690530565154912e-05
3071,vascular_parenchyma,-0.10609883404552138,0.009227350944322253,0.01,42981,17,3.021685293999319,0.10572654215316529,2.68768277349911e-05
3072,vascular_parenchyma,-0.1055328207393344,0.014303172069243414,0.01,42995,17,2.9737212134772726,0.10572964268069186,2.6903631601420212e-05
3073,vascular_parenchyma,-0.1047284131425402,0.01934717725979383,0.01,43009,17,2.925758939669472,0.10572573224881528,2.686512289285302e-05
3074,vascular_parenchyma,-0.10367692495971986,0.024345096549408238,0.01,43023,17,2.8777949175909585,0.10573090663304578,2.687103817452526e-05
3075,vascular_parenchyma,-0.10239511845569693,0.029289364650961575,0.01,43037,17,2.8298324914535153,0.10572505070847454,2.6853709303071002e-05
3076,vascular_parenchyma,-0.10086789525205413,0.03416307328994242,0.01,43051,17,2.781868565792674,0.10573230696431839,2.6863044681508256e-05
3077,vascular_parenchyma,-0.09912038698051458,0.03896253336570141,0.01,43065,17,2.733905937330878,0.10572451405340452,2.6878285619683767e-05
3078,vascular_parenchyma,-0.09713157446105217,0.04366687424998769,0.01,43079,17,2.6859421537302595,0.10573386035297785,2.6882920027584002e-05
3079,vascular_parenchyma,-0.09493430549817716,0.048277777836678505,0.01,43093,17,2.6379792803459607,0.10572413831560687,2.6878694986983703e-05
3080,vascular_parenchyma,-0.0925023225489565,0.05276916291256565,0.01,43107,17,2.5900156915343606,0.1057355815917021,2.6896048808812997e-05
3081,vascular_parenchyma,-0.08987533120185394,0.05714948185333916,0.01,43121,17,2.542052536924194,0.10572393654612099,2.6900542661082662e-05
3082,vascular_parenchyma,-0.0870225614219878,0.06138627375340039,0.01,43135,17,2.494089199343539,0.10573667709629413,2.6934898578180373e-05
3083,vascular_parenchyma,-0.0839892953484814,0.06549561780418159,0.01,43149,17,2.4461257335252578,0.10572391766584796,2.6957749198404978e-05
3084,vascular_parenchyma,-0.08074239659693036,0.06943891324353695,0.01,43163,17,2.398162646622096,0.10573474023496585,2.6955798785027352e-05
3085,vascular_parenchyma,-0.07732862788358974,0.07323765794769904,0.01,43177,17,2.3501989027845225,0.10572408642418776,2.7009954386865844e-05
3086,vascular_parenchyma,-0.0737204932204162,0.07685329129164767,0.01,43191,17,2.3022360381019102,0.1057329920200971,2.6986076490146606e-05
3087,vascular_parenchyma,-0.06995730647131107,0.08030616598173447,0.01,43205,17,2.2542720799978757,0.10572444410985037,2.6971851993718103e-05
3088,vascular_parenchyma,-0.06602083183273845,0.08356118539005959,0.01,43219,17,2.2063094092983566,0.10573143226074903,2.6904119225186173e-05
3089,vascular_parenchyma,-0.06194309421278749,0.0866362048920109,0.01,43233,17,2.158345300289633,0.10572498904912353,2.6860376816103555e-05
3090,vascular_parenchyma,-0.0577141667082189,0.08950094464200992,0.01,43247,17,2.110382794201352,0.10573005760589492,2.6823247519861074e-05
3091,vascular_parenchyma,-0.0533596568919527,0.09216962135981506,0.01,43261,17,2.0624185957147145,0.10572571600113403,2.675627501903443e-05
3092,vascular_parenchyma,-0.04887682791944794,0.09461797145450511,0.01,43275,17,2.0144562220350313,0.10572886073050872,2.6766172691653936e-05
3093,vascular_parenchyma,-0.04428588681350865,0.0968555783209839,0.01,43289,17,1.9664919916661427,0.10572661551271477,2.679330654760838e-05
3094,vascular_parenchyma,-0.03959002128595357,0.098865221886999,0.01,43303,17,1.9185297134514905,0.10572783005300447,2.680767882050398e-05
3095,vascular_parenchyma,-0.03480517944844147,0.10065102092683685,0.01,43317,17,1.8705655030319916,0.10572767407596728,2.682610437095726e-05
3096,vascular_parenchyma,-0.029939084252741464,0.10220363758403363,0.01,43331,17,1.822603276874222,0.1057269504321095,2.6825095515629865e-05
3097,vascular_parenchyma,-0.025004669278846644,0.10352107227680396,0.01,43345,17,1.7746391309961809,0.1057288754364418,2.6861039788408424e-05
3098,vascular_parenchyma,-0.02001270412433249,0.10460250590923477,0.01,43359,17,1.72667690603811,0.10572620516747508,2.6911185599571824e-05
3099,vascular_parenchyma,-0.014974431303553994,0.10543935580270052,0.01,43373,17,1.6787128616575429,0.10573020323748293,2.6936282239997318e-05
3100,vascular_parenchyma,-0.009902105094507336,0.10603974525019208,0.01,43387,17,1.6307505799242445,0.10572557919472134,2.6992563075345067e-05
3101,vascular_parenchyma,-0.004806654647482585,0.10638824120735542,0.01,43401,17,1.582786667537818,0.10573164456904474,2.6988300781253318e-05
3102,vascular_parenchyma,0.00029978936819506473,0.10650211229152491,0.01,43415,17,1.5348242659047402,0.10572506280294475,2.7042056703688836e-05
3103,vascular_parenchyma,0.005405204899204948,0.10635901075925175,0.01,43429,17,1.48686051244885,0.10573319363093757,2.7013639178213596e-05
3104,vascular_parenchyma,0.010499211614087883,0.10598532816168114,0.01,43443,17,1.4388979261772388,0.10572465482676371,2.6986669916639786e-05
3105,vascular_parenchyma,0.01556728585143616,0.10535194280649755,0.01,43457,17,1.3909343591862042,0.10573485388987333,2.696032789391747e-05
3106,vascular_parenchyma,0.02060241433768951,0.10449412001780176,0.01,43471,17,1.342971526077229,0.10572436310086943,2.6926235964407233e-05
3107,vascular_parenchyma,0.025586186715245384,0.10337630904120425,0.01,43485,17,1.295008177605205,0.10573663674124209,2.6881006370147013e-05
3108,vascular_parenchyma,0.03051653494702718,0.10204217568848457,0.01,43499,17,1.2470450412110514,0.10572420171399005,2.684798835338445e-05
3109,vascular_parenchyma,0.035369878345503675,0.10044987265842022,0.01,43513,17,1.19908193400097,0.10573614405559896,2.6830029685800932e-05
3110,vascular_parenchyma,0.040149574949306446,0.09864976408901735,0.01,43527,17,1.1511184614689434,0.10572418729119491,2.680996602736083e-05
3111,vascular_parenchyma,0.044828310819153554,0.09660008814924174,0.01,43541,17,1.103155557952264,0.10573419753451237,2.680710710264438e-05
3112,vascular_parenchyma,0.04941272203169688,0.09434902174985582,0.01,43555,17,1.0551917917261884,0.10572433559928028,2.674673406961199e-05
3113,vascular_parenchyma,0.05387461028665134,0.09186249551596856,0.01,43569,17,1.0072290536227257,0.10573242057490699,2.677441287790348e-05
3114,vascular_parenchyma,0.05822130297925846,0.08918106364688794,0.01,43583,17,0.9592650498817529,0.1057246592153192,2.6780300107421337e-05
3115,vascular_parenchyma,0.062425677148980147,0.08628036537098868,0.01,43597,17,0.9113024440799814,0.10573082369503144,2.6858602654224636e-05
3116,vascular_parenchyma,0.06649438569721255,0.08319341791922123,0.01,43611,17,0.863338263391094,0.10572516653255662,2.6890747394096338e-05
3117,vascular_parenchyma,0.0704029269471628,0.07990499800630685,0.01,43625,17,0.8153757600412823,0.10572941314663455,2.691726381520841e-05
3118,vascular_parenchyma,0.0741559596497847,0.07644113740733578,0.01,43639,17,0.7674114654120191,0.10572586182807431,2.6979802795036587e-05
3119,vascular_parenchyma,0.07773304538191834,0.07279497783455795,0.01,43653,17,0.7194490361509392,0.10572819140326535,2.6993843686892895e-05
3120,vascular_parenchyma,0.08113563289279728,0.06898629501590316,0.01,43667,17,0.6714846913776013,0.10572674602848894,2.6994467371754463e-05
3121,vascular_parenchyma,0.08434866112771054,0.06501563673955,0.01,43681,17,0.6235223079206882,0.10572715792913112,2.6964092146149866e-05
3122,vascular_parenchyma,0.08736927802345086,0.060897414677330335,0.01,43695,17,0.5755579762219569,0.105727817087091,2.6958078572565594e-05
3123,vascular_parenchyma,0.09018896408729435,0.056638454969234656,0.01,43709,17,0.5275956089871082,0.10572630893567801,2.6911726824534193e-05
3124,vascular_parenchyma,0.09279962003836827,0.05224884234831636,0.01,43723,17,0.4796313514051912,0.10572906927706811,2.6889758252517692e-05
3125,vascular_parenchyma,0.0952002626997707,0.047740405124127666,0.01,43737,17,0.4316689677711924,0.10572563657406972,2.687514894084869e-05
3126,vascular_parenchyma,0.09737676090218844,0.04312006373397409,0.01,43751,17,0.38370484124125137,0.10573049261308208,2.689015382629572e-05
3127,vascular_parenchyma,0.0993364761040546,0.03840324635062294,0.01,43765,17,0.3357424036290946,0.10572512875172106,2.6884637339544447e-05
3128,vascular_parenchyma,0.10105863706596986,0.03359497561521972,0.01,43779,17,0.2877784590680112,0.10573207312334412,2.687768947335668e-05
3129,vascular_parenchyma,0.10255955744065944,0.028712775245115084,0.01,43793,17,0.23981592326284573,0.1057247699706176,2.6863656877079098e-05
3130,vascular_parenchyma,0.1038114063539448,0.023761117165786615,0.01,43807,17,0.191852204195385,0.10573379431987902,2.6844732484026296e-05
3131,vascular_parenchyma,0.1048398449849158,0.01875803990897108,0.01,43821,17,0.14388951848008066,0.10572454349844622,2.6873101794134155e-05
3132,vascular_parenchyma,0.10560976114683668,0.013708867719877208,0.01,43835,17,0.09592606083041438,0.105735640000859,2.6880291118469927e-05
3133,vascular_parenchyma,0.10615633808490044,0.008630523585453189,0.01,43849,17,0.04796316649445076,0.10572443468075972,2.689115470340992e-05
3134,vascular_parenchyma,0.10643716473432367,0.003530617443133216,0.01,43863,17,2.250309068286369e-15,0.10573759787515903,2.6893175588271138e-05
3135,vascular_parenchyma,0.10115172612600815,-0.001596998021104253,0.01,43877,18,-0.050265578938326526,0.10042401792212956,2.6714618082931694e-05
3136,vascular_parenchyma,0.10097509223658205,-0.006659106461224394,0.01,43891,18,-0.10053019985862853,0.10042857568796128,2.6710302829727183e-05
3137,vascular_parenchyma,0.10051928862529627,-0.011723849083996329,0.01,43905,18,-0.1507965645774891,0.10042736167889564,2.673818020695308e-05
3138,vascular_parenchyma,0.09980081173260534,-0.016759852434998456,0.01,43919,18,-0.20106111895555798,0.10042438246934883,2.6698231423537086e-05
3139,vascular_parenchyma,0.09883159829014615,-0.021751959024172988,0.01,43933,18,-0.2513270283614307,0.10043405845218047,2.673063975868411e-05
3140,vascular_parenchyma,0.09762194106943974,-0.026692915466278753,0.01,43947,18,-0.3015924019904398,0.1004235502472789,2.6720214535897888e-05
3141,vascular_parenchyma,0.09614683951786829,-0.03156110643006307,0.01,43961,18,-0.3518572583069264,0.10042970652545243,2.671552403989138e-05
3142,vascular_parenchyma,0.09444662474987847,-0.03635402299535279,0.01,43975,18,-0.4021236773900688,0.10042609653351701,2.6717625730274983e-05
3143,vascular_parenchyma,0.09249609369716073,-0.04105224676140588,0.01,43989,18,-0.45238830279386877,0.10042473719734904,2.6730994955722395e-05
3144,vascular_parenchyma,0.09031732821246978,-0.045647134230313115,0.01,44003,18,-0.5026545552992595,0.1004320386228534,2.6716851847010803e-05
3145,vascular_parenchyma,0.08791480802607549,-0.050130928078254054,0.01,44017,18,-0.5529198144129279,0.10042317186348419,2.671812992873646e-05
3146,vascular_parenchyma,0.08527752640375402,-0.05448016350230576,0.01,44031,18,-0.6031849690346681,0.10043097867438787,2.672680908276136e-05
3147,vascular_parenchyma,0.0824394439420851,-0.05870054270837175,0.01,44045,18,-0.6534513798966961,0.10042502308568528,2.672228282163948e-05
3148,vascular_parenchyma,0.07937989445062929,-0.06276470445252476,0.01,44059,18,-0.7037160897758153,0.10042533007267387,2.671435891905973e-05
3149,vascular_parenchyma,0.07612817776720504,-0.06667443472204848,0.01,44073,18,-0.7539825756710328,0.10043029828853887,2.6725918520860143e-05
3150,vascular_parenchyma,0.0726843281137162,-0.07041831514700879,0.01,44087,18,-0.8042476930996484,0.10042310752263871,2.6719982074675257e-05
3151,vascular_parenchyma,0.06905017557370786,-0.07397641521775267,0.01,44101,18,-0.8545131020238803,0.10043259284342079,2.67113312581795e-05
3152,vascular_parenchyma,0.0652521274345023,-0.07735943365421544,0.01,44115,18,-0.9047793490780554,0.10042431234219071,2.671836818099113e-05
3153,vascular_parenchyma,0.06127649749598188,-0.08053323875834004,0.01,44129,18,-0.9550440789621,0.10042629952479909,2.6730427765819003e-05
3154,vascular_parenchyma,0.05715562733137049,-0.08351281280714273,0.01,44143,18,-1.0053106284715052,0.10042894185493474,2.6700586366039638e-05
3155,vascular_parenchyma,0.05288761611427723,-0.08628068088595117,0.01,44157,18,-1.0555755325239857,0.10042342770885179,2.6723531607112136e-05
3156,vascular_parenchyma,0.048484247202140486,-0.0888250201376656,0.01,44171,18,-1.1058411254100844,0.1004345860603668,2.671107823107816e-05
3157,vascular_parenchyma,0.04396435031019779,-0.09115832743179436,0.01,44185,18,-1.156107042444687,0.10042396821516804,2.6720600748907148e-05
3158,vascular_parenchyma,0.03932332759213729,-0.0932416039419489,0.01,44199,18,-1.2063717342366964,0.10042761656463756,2.670947538883417e-05
3159,vascular_parenchyma,0.03459154559024099,-0.09510428748049632,0.01,44213,18,-1.2566382005421608,0.10042790692939593,2.6742574382159296e-05
3160,vascular_parenchyma,0.02976850168276213,-0.09672156172593073,0.01,44227,18,-1.306902858865349,0.10042403624863856,2.671265398365992e-05
3161,vascular_parenchyma,0.024871497946280373,-0.09809276512231031,0.01,44241,18,-1.3571686150753088,0.10043522619122255,2.6728992380513467e-05
3162,vascular_parenchyma,0.019913023787614892,-0.0992284354114115,0.01,44255,18,-1.40743411626131,0.10042382758400002,2.6725262769116273e-05
3163,vascular_parenchyma,0.014899762419142147,-0.1000915350794257,0.01,44269,18,-1.4576988018770345,0.10042908771596747,2.6730198216860555e-05
3164,vascular_parenchyma,0.009853441737657544,-0.1007203213038401,0.01,44283,18,-1.507965141263559,0.10042697427818899,2.671971753734016e-05
3165,vascular_parenchyma,0.004779515528516304,-0.10108494559923148,0.01,44297,18,-1.5582296366258366,0.10042469550781917,2.6731035046446717e-05
3166,vascular_parenchyma,-0.00030455615315301505,-0.10119682122433687,0.01,44311,18,-1.608495582992345,0.10043346532966647,2.6725906602163353e-05
3167,vascular_parenchyma,-0.005389635616578368,-0.10106126888050927,0.01,44325,18,-1.6587607806535547,0.10042364587780342,2.672032850386534e-05
3168,vascular_parenchyma,-0.010459809712961855,-0.10065273358124883,0.01,44339,18,-1.7090256118702678,0.1004304832244643,2.6725012148276145e-05
3169,vascular_parenchyma,-0.01550442459623159,-0.10000771003881016,0.01,44353,18,-1.7592918886270092,0.10042594280892593,2.6726773849954627e-05
3170,vascular_parenchyma,-0.020509223899969287,-0.09909665217557345,0.01,44367,18,-1.809556395516154,0.10042524578909204,2.6718264660171695e-05
3171,vascular_parenchyma,-0.02546171044447423,-0.09794220651937896,0.01,44381,18,-1.8598226065418662,0.1004315984664158,2.67157864940366e-05
3172,vascular_parenchyma,-0.030352678759603537,-0.0965439777543784,0.01,44395,18,-1.9100876719673563,0.10042337564720184,2.672350152454373e-05
3173,vascular_parenchyma,-0.03516231263462341,-0.09488960833932288,0.01,44409,18,-1.9603528077314516,0.10043181895397744,2.6717155188434384e-05
3174,vascular_parenchyma,-0.039888725879530684,-0.0930110996791421,0.01,44423,18,-2.010619062910061,0.10042489084854356,2.6709470205573087e-05
3175,vascular_parenchyma,-0.044508755732838974,-0.09088183904078541,0.01,44437,18,-2.0608837019527035,0.10042582182316798,2.67252214818464e-05
3176,vascular_parenchyma,-0.04901927682233277,-0.08853348754802118,0.01,44451,18,-2.1111501719575907,0.10042980793480064,2.670643500324321e-05
3177,vascular_parenchyma,-0.053407685141617,-0.08596079969936592,0.01,44465,18,-2.161415176160835,0.10042323376792253,2.6707101599584442e-05
3178,vascular_parenchyma,-0.057655719298994726,-0.08316440839904161,0.01,44479,18,-2.211680659740559,0.10043333390632779,2.6716130715175212e-05
3179,vascular_parenchyma,-0.06176738662675493,-0.08017013353675916,0.01,44493,18,-2.261946812776158,0.10042406566328368,2.6725855423874357e-05
3180,vascular_parenchyma,-0.06571129765378309,-0.07695697069827492,0.01,44507,18,-2.3122115805186207,0.10042666716341857,2.6706164654355334e-05
3181,vascular_parenchyma,-0.06949720140941411,-0.07356192841543444,0.01,44521,18,-2.3624781857186923,0.10042832324440844,2.6732062987381486e-05
3182,vascular_parenchyma,-0.07310631382975065,-0.06997703852682381,0.01,44535,18,-2.412743089308909,0.10042342715238638,2.6719946912397183e-05
3183,vascular_parenchyma,-0.07652690596191859,-0.06621387857201567,0.01,44549,18,-2.463008867381118,0.10043520687878198,2.672302376758286e-05
3184,vascular_parenchyma,-0.07976581191124361,-0.06229152861768535,0.01,44563,18,-2.5132747560734514,0.1004236139487658,2.672630606857374e-05
3185,vascular_parenchyma,-0.08278488906824337,-0.05819708261868867,0.01,44577,18,-2.56353958385719,0.1004278949250445,2.6738117252423388e-05
3186,vascular_parenchyma,-0.08560892887627604,-0.053968118172131624,0.01,44591,18,-2.6138061528433476,0.10042722341983608,2.6721373353848194e-05
3187,vascular_parenchyma,-0.08821114036870632,-0.049597083668087426,0.01,44605,18,-2.6640708847509935,0.10042400129978132,2.672599298024687e-05
3188,vascular_parenchyma,-0.09058993597503925,-0.045102428358704184,0.01,44619,18,-2.714336858363266,0.10043424642636783,2.673329709394262e-05
3189,vascular_parenchyma,-0.09275017049746556,-0.040497034063958846,0.01,44633,18,-2.764602353775361,0.10042351510541823,2.6721380843972532e-05
3190,vascular_parenchyma,-0.09465728564854366,-0.03578121549774445,0.01,44647,18,-2.814867191846111,0.10042945135430072,2.6719671953530374e-05
3191,vascular_parenchyma,-0.09634208543524884,-0.030982931005633582,0.01,44661,18,-2.865133588388484,0.10042642087214226,2.6725839777659225e-05
3192,vascular_parenchyma,-0.0977732531223077,-0.026101377129103716,0.01,44675,18,-2.9153981297855607,0.10042483466767779,2.6721399420504657e-05
3193,vascular_parenchyma,-0.09896111232044534,-0.021156774398472713,0.01,44689,18,-2.9656642035039833,0.10043270049608058,2.6702982185768145e-05
3194,vascular_parenchyma,-0.09990582579313748,-0.01615837461131044,0.01,44703,18,-3.015929327916406,0.10042358295629238,2.67280155963343e-05
3195,vascular_parenchyma,-0.10058240942072086,-0.011117128085395002,0.01,44717,18,-3.0661942275128924,0.1004311231453753,2.67171943760348e-05
3196,vascular_parenchyma,-0.10102200724060166,-0.006050336936161579,0.01,44731,18,-3.116460427028032,0.10042568168671044,2.669720721511949e-05
3197,vascular_parenchyma,-0.10119180839489136,-0.0009661093240103658,0.01,44745,18,3.116460427028035,0.10042568168671047,2.671513252036143e-05
3198,vascular_parenchyma,-0.10111425985652799,0.004118546676374467,0.01,44759,18,3.066194227512896,0.10043112314537538,2.6715132520361252e-05
3199,vascular_parenchyma,-0.1007838206608081,0.00919471957661564,0.01,44773,18,3.0159293279164086,0.10042358295629249,2.6697207215119682e-05
3200,vascular_parenchyma,-0.10018767392244968,0.014245715453966867,0.01,44787,18,2.9656642035039864,0.10043270049608075,2.671719437603489e-05
3201,vascular_parenchyma,-0.0993542950813135,0.01926315945253497,0.01,44801,18,2.915398129785563,0.10042483466767801,2.672801559633456e-05
3202,vascular_parenchyma,-0.09825199209368882,0.024229399260115927,0.01,44815,18,2.865133588388487,0.10042642087214251,2.6702982185768243e-05
3203,vascular_parenchyma,-0.09691391556274608,0.029135419646127734,0.01,44829,18,2.814867191846114,0.10042945135430097,2.672139942050463e-05
3204,vascular_parenchyma,-0.09532916875663344,0.033969212110714825,0.01,44843,18,2.7646023537753646,0.1004235151054185,2.672583977765933e-05
3205,vascular_parenchyma,-0.09349783783844479,0.038713715423070866,0.01,44857,18,2.714336858363269,0.1004342464263681,2.671967195353055e-05
3206,vascular_parenchyma,-0.09144362197580508,0.043367017687070554,0.01,44871,18,2.664070884750996,0.10042400129978157,2.6721380843972753e-05
3207,vascular_parenchyma,-0.08913875745376369,0.047902063323440006,0.01,44885,18,2.613806152843351,0.10042722341983633,2.6733297093942746e-05
3208,vascular_parenchyma,-0.08662406976500246,0.052321984021355704,0.01,44899,18,2.563539583857194,0.10042789492504474,2.6725992980246726e-05
3209,vascular_parenchyma,-0.08388499276293848,0.0566085573995165,0.01,44913,18,2.5132747560734554,0.10042361394876599,2.6721373353848062e-05
3210,vascular_parenchyma,-0.0809332190783362,0.060749570284645046,0.01,44927,18,2.4630088673811215,0.10043520687878214,2.6738117252423527e-05
3211,vascular_parenchyma,-0.07778641090981986,0.06474628862875471,0.01,44941,18,2.412743089308912,0.1004234271523865,2.6726306068573997e-05
3212,vascular_parenchyma,-0.07442510908614378,0.06856469224590943,0.01,44955,18,2.3624781857186967,0.10042832324440851,2.6723023767582698e-05
3213,vascular_parenchyma,-0.07089130252863515,0.07222149836658764,0.01,44969,18,2.3122115805186247,0.10042666716341858,2.671994691239706e-05
3214,vascular_parenchyma,-0.06717063770020763,0.07569053743152585,0.01,44983,18,2.2619468127761624,0.10042406566328366,2.673206298738136e-05
3215,vascular_parenchyma,-0.06328289358480467,0.07896861895633375,0.01,44997,18,2.211680659740563,0.10043333390632775,2.670616465435537e-05
3216,vascular_parenchyma,-0.05923957681925481,0.08205535305010196,0.01,45011,18,2.161415176160839,0.10042323376792245,2.672585542387439e-05
3217,vascular_parenchyma,-0.0550359124687076,0.08491954007739605,0.01,45025,18,2.111150171957594,0.10042980793480052,2.6716130715175252e-05
3218,vascular_parenchyma,-0.05070398252711985,0.08758371904694419,0.01,45039,18,2.060883701952707,0.10042582182316781,2.6707101599584567e-05
3219,vascular_parenchyma,-0.04623634536789266,0.09001644660216608,0.01,45053,18,2.010619062910064,0.10042489084854339,2.670643500324317e-05
3220,vascular_parenchyma,-0.041656278174527744,0.09222617784321337,0.01,45067,18,1.9603528077314545,0.10043181895397729,2.672522148184644e-05
3221,vascular_parenchyma,-0.03697141561594456,0.09420825291175604,0.01,45081,18,1.9100876719673592,0.10042337564720169,2.6709470205573135e-05
3222,vascular_parenchyma,-0.0321886711735406,0.09593905176195802,0.01,45095,18,1.8598226065418686,0.10043159846641567,2.6717155188434425e-05
3223,vascular_parenchyma,-0.027330250406701954,0.0974433118902588,0.01,45109,18,1.8095563955161567,0.1004252457890919,2.6723501524543755e-05
3224,vascular_parenchyma,-0.02239735862173948,0.09868626494644317,0.01,45123,18,1.7592918886270117,0.10042594280892582,2.6715786494036538e-05
3225,vascular_parenchyma,-0.017411994249729782,0.09968914144134995,0.01,45137,18,1.7090256118702702,0.10043048322446424,2.6718264660171773e-05
3226,vascular_parenchyma,-0.012381013691380411,0.10044150648397764,0.01,45151,18,1.6587607806535576,0.10042364587780339,2.6726773849954563e-05
3227,vascular_parenchyma,-0.007318692719467349,0.10093068873871654,0.01,45165,18,1.6084955829923482,0.10043346532966646,2.6725012148275952e-05
3228,vascular_parenchyma,-0.002238497485436248,0.10118044738043676,0.01,45179,18,1.55822963662584,0.10042469550781917,2.6720328503865266e-05
3229,vascular_parenchyma,0.002848559817930359,0.10115517138302293,0.01,45193,18,1.5079651412635622,0.10042697427818902,2.6725906602163234e-05
3230,vascular_parenchyma,0.007926769789485793,0.10088830976019897,0.01,45207,18,1.4576988018770374,0.10042908771596751,2.6731035046446863e-05
3231,vascular_parenchyma,0.01298657598690147,0.10036346725440601,0.01,45221,18,1.4074341162613138,0.10042382758400009,2.6719717537340237e-05
3232,vascular_parenchyma,0.018011480106972413,0.09958056730389908,0.01,45235,18,1.3571686150753122,0.10043522619122262,2.673019821686046e-05
3233,vascular_parenchyma,0.022994746443673178,0.09855995915340404,0.01,45249,18,1.3069028588653524,0.10042403624863865,2.672526276911642e-05
3234,vascular_parenchyma,0.027915127885162795,0.09726802769044414,0.01,45263,18,1.2566382005421632,0.10042790692939603,2.672899238051371e-05
3235,vascular_parenchyma,0.03276790009668613,0.09574817372984012,0.01,45277,18,1.2063717342366989,0.10042761656463765,2.6712653983660108e-05
3236,vascular_parenchyma,0.037537412954046716,0.09397923614333542,0.01,45291,18,1.1561070424446902,0.10042396821516815,2.67425743821592e-05
3237,vascular_parenchyma,0.04221031693539124,0.09197307425434957,0.01,45305,18,1.105841125410087,0.10043458606036688,2.670947538883418e-05
3238,vascular_parenchyma,0.04678290715931189,0.08974425093998242,0.01,45319,18,1.0555755325239884,0.10042342770885188,2.6720600748907422e-05
3239,vascular_parenchyma,0.0512274097210681,0.08726972774356934,0.01,45333,18,1.005310628471508,0.10042894185493481,2.6711078231078034e-05
3240,vascular_parenchyma,0.05555059261473338,0.0845917666801961,0.01,45347,18,0.9550440789621021,0.10042629952479915,2.6723531607112224e-05
3241,vascular_parenchyma,0.05972903097991389,0.08169032310949093,0.01,45361,18,0.9047793490780586,0.10042431234219076,2.670058636603952e-05
3242,vascular_parenchyma,0.06375718517314853,0.07858643016868973,0.01,45375,18,0.854513102023883,0.10043259284342083,2.6730427765818796e-05
3243,vascular_parenchyma,0.0676303307427979,0.07528867918765138,0.01,45389,18,0.8042476930996514,0.10042310752263874,2.6718368180991172e-05
3244,vascular_parenchyma,0.0713210951104729,0.07178853965138199,0.01,45403,18,0.753982575671036,0.10043029828853889,2.6711331258179438e-05
3245,vascular_parenchyma,0.07484347760435199,0.06812006613668162,0.01,45417,18,0.7037160897758182,0.10042533007267387,2.671998207467508e-05
3246,vascular_parenchyma,0.07816734332275027,0.06426909090598792,0.01,45431,18,0.6534513798967001,0.10042502308568528,2.672591852085998e-05
3247,vascular_parenchyma,0.08129833387094085,0.06026201285606768,0.01,45445,18,0.603184969034672,0.10043097867438783,2.671435891905958e-05
3248,vascular_parenchyma,0.08422778844758427,0.05610329436328934,0.01,45459,18,0.5529198144129316,0.10042317186348416,2.67222828216396e-05
3249,vascular_parenchyma,0.08693388738931686,0.05179681795581201,0.01,45473,18,0.5026545552992632,0.10043203862285335,2.6726809082761307e-05
3250,vascular_parenchyma,0.0894343916999827,0.047367824661011554,0.01,45487,18,0.4523883027938721,0.10042473719734901,2.6718129928736448e-05
3251,vascular_parenchyma,0.09169405646118844,0.042810147384104144,0.01,45501,18,0.40212367739007343,0.10042609653351699,2.671685184701055e-05
3252,vascular_parenchyma,0.09373167173275891,0.03815100186406798,0.01,45515,18,0.3518572583069312,0.10042970652545238,2.6730994955722015e-05
3253,vascular_parenchyma,0.09553267165490638,0.033393553918253514,0.01,45529,18,0.3015924019904448,0.10042355024727885,2.6717625730274854e-05
3254,vascular_parenchyma,0.09708482221162591,0.02855044811291833,0.01,45543,18,0.2513270283614351,0.10043405845218042,2.6715524039891428e-05
3255,vascular_parenchyma,0.09840640710183476,0.023638658096573242,0.01,45557,18,0.20106111895556353,0.10042438246934875,2.672021453589765e-05
3256,vascular_parenchyma,0.09945931366167807,0.018661676116618436,0.01,45571,18,0.15079656457749444,0.1004273616788956,2.673063975868365e-05
3257,vascular_parenchyma,0.10027582302487269,0.013642443365177828,0.01,45585,18,0.10053019985863336,0.10042857568796124,2.6698231423537154e-05
3258,vascular_parenchyma,0.10083473042174934,0.00858627493994297,0.01,45599,18,0.05026557893833139,0.10042401792212953,2.673818020695308e-05
3259,vascular_parenchyma,0.10113588108134296,0.003509817337662997,0.01,45613,18,2.0987365643139147e-15,0.10043611611012367,2.670866695848733e-05
3260,vascular_parenchyma,0.09586455687677525,-0.001597678615250991,0.01,45627,19,-0.05280013043908231,0.09514001172397991,2.6504819750796112e-05
3261,vascular_parenchyma,0.09568072885181714,-0.006636361132617507,0.01,45641,19,-0.1055991028121807,0.09513973193845957,2.6514843149132564e-05
3262,vascular_parenchyma,0.09520021873092857,-0.01167538988645737,0.01,45655,19,-0.15839914071389666,0.09514962936324001,2.6555931371097175e-05
3263,vascular_parenchyma,0.09445962427782788,-0.01668537602195294,0.01,45669,19,-0.21119942064553895,0.09514021260065068,2.6564351704149902e-05
3264,vascular_parenchyma,0.09343638028158611,-0.021645764731263763,0.01,45683,19,-0.263998455321875,0.09513938247610321,2.6581132513011362e-05
3265,vascular_parenchyma,0.0921662353438294,-0.026545843056321655,0.01,45697,19,-0.31679845601934054,0.09514873560488463,2.6593717235649986e-05
3266,vascular_parenchyma,0.09064441285854255,-0.03137605209167046,0.01,45711,19,-0.3695989146984579,0.0951403762239604,2.65808177573791e-05
3267,vascular_parenchyma,0.08885253688981347,-0.03611329562971959,0.01,45725,19,-0.42239804744389353,0.0951390164498438,2.65823408365518e-05
3268,vascular_parenchyma,0.0868245996694278,-0.040751491380748385,0.01,45739,19,-0.4751980343936319,0.0951478471365518,2.657401418992576e-05
3269,vascular_parenchyma,0.08455974522138493,-0.045280921671239885,0.01,45753,19,-0.5279986661592989,0.09514056677547239,2.6578004128421643e-05
3270,vascular_parenchyma,0.08204400662362535,-0.04967673475500299,0.01,45767,19,-0.5807978969382187,0.09513869796621947,2.6556773751396225e-05
3271,vascular_parenchyma,0.07930912689683846,-0.053936687648482494,0.01,45781,19,-0.6335978588524281,0.09514702488914677,2.6517127678579695e-05
3272,vascular_parenchyma,0.07635804232618407,-0.05805188745987041,0.01,45795,19,-0.6863986255217509,0.09514083934468381,2.6489950313080672e-05
3273,vascular_parenchyma,0.07318127588050842,-0.06199651611580218,0.01,45809,19,-0.7391979257712408,0.09513847442830307,2.646503859935637e-05
3274,vascular_parenchyma,0.06980802925612427,-0.06577135051934933,0.01,45823,19,-0.7919978276333468,0.09514630742765694,2.6435575267785336e-05
3275,vascular_parenchyma,0.06624469404274745,-0.06936925293588493,0.01,45837,19,-0.8447986719793263,0.09514122321441144,2.639098562099398e-05
3276,vascular_parenchyma,0.06248622978306802,-0.07276420848723777,0.01,45851,19,-0.8975979994701351,0.09513836586522224,2.6481046906566077e-05
3277,vascular_parenchyma,0.0585591996559887,-0.07595920903706271,0.01,45865,19,-0.9503977977659881,0.09514570596975021,2.6535921910298934e-05
3278,vascular_parenchyma,0.05447291947636434,-0.07894970864020834,0.01,45879,19,-1.0031986585167878,0.09514172139082283,2.658891254713677e-05
3279,vascular_parenchyma,0.05022660558952333,-0.08171022320485131,0.01,45893,19,-1.055997971565599,0.09513836715284404,2.6657557475200164e-05
3280,vascular_parenchyma,0.04584426628622928,-0.08424520798671783,0.01,45907,19,-1.1087976280222778,0.09514520701084299,2.6677373522952503e-05
3281,vascular_parenchyma,0.04133743845029191,-0.08655341396902065,0.01,45921,19,-1.161598453785678,0.09514231152357126,2.669159531451083e-05
3282,vascular_parenchyma,0.03670930106976092,-0.08861055323248494,0.01,45935,19,-1.2143977255997476,0.09513844663671703,2.6646092271258775e-05
3283,vascular_parenchyma,0.03198155209118085,-0.09042188204395964,0.01,45949,19,-1.2671972221809,0.0951447696363615,2.6646408807665815e-05
3284,vascular_parenchyma,0.02716710397853877,-0.09198999040269255,0.01,45963,19,-1.3199979867223102,0.09514294418107329,2.6630598364983465e-05
3285,vascular_parenchyma,0.022272705161726546,-0.09329237340254894,0.01,45977,19,-1.3727972199724536,0.09513854766325495,2.6580618319931697e-05
3286,vascular_parenchyma,0.017318121527361893,-0.09433454589725158,0.01,45991,19,-1.4255965716997079,0.0951443319436294,2.652916989616979e-05
3287,vascular_parenchyma,0.012316687704946304,-0.09512329004087873,0.01,46005,19,-1.4783972840887278,0.09514355501928974,2.648077826357047e-05
3288,vascular_parenchyma,0.007278246192719873,-0.09563837845402036,0.01,46019,19,-1.5311965171111048,0.09513860677110304,2.6458092140667773e-05
3289,vascular_parenchyma,0.002221109956684066,-0.0958851857618446,0.01,46033,19,-1.5839957731355778,0.09514383496279549,2.6406525784199752e-05
3290,vascular_parenchyma,-0.00284198680182727,-0.09587483073576274,0.01,46047,19,-1.6367964731526046,0.09514409352770463,2.637891928603188e-05
3291,vascular_parenchyma,-0.007898646399978549,-0.09558975448678304,0.01,46061,19,-1.689595769185016,0.09513858589320971,2.641089618030744e-05
3292,vascular_parenchyma,-0.012931465279322945,-0.09503495176188073,0.01,46075,19,-1.7423949954580342,0.09514325628794752,2.6469212907024998e-05
3293,vascular_parenchyma,-0.01792935887637693,-0.09422580073513268,0.01,46089,19,-1.7951957304957806,0.09514455505743862,2.6510638131977488e-05
3294,vascular_parenchyma,-0.022877955954867885,-0.09314768960535318,0.01,46103,19,-1.8479951504081074,0.09513849871078188,2.6561670048549392e-05
3295,vascular_parenchyma,-0.027760192068534126,-0.0918051595358012,0.01,46117,19,-1.9007944002859951,0.0951426266139496,2.66132485274743e-05
3296,vascular_parenchyma,-0.03256766230088146,-0.09021754497436087,0.01,46131,19,-1.9535951965368799,0.09514498435919946,2.6620183454521017e-05
3297,vascular_parenchyma,-0.03728462352456452,-0.08837334424542544,0.01,46145,19,-2.0063947733603835,0.09513840038279339,2.6646959828591067e-05
3298,vascular_parenchyma,-0.04189379120681328,-0.08627673912975364,0.01,46159,19,-2.0591940674834803,0.09514200768001108,2.6666415336250207e-05
3299,vascular_parenchyma,-0.04639040563182334,-0.08395049902001335,0.01,46173,19,-2.1119949158157323,0.09514544581740703,2.669448917583114e-05
3300,vascular_parenchyma,-0.05075795220466064,-0.08138628260761473,0.01,46187,19,-2.164794646945472,0.09513835433673284,2.6690329422974003e-05
3301,vascular_parenchyma,-0.05497841687634618,-0.07858816816515042,0.01,46201,19,-2.2175939717194257,0.09514145902780123,2.6597494759584928e-05
3302,vascular_parenchyma,-0.059051543914496844,-0.07558163551488875,0.01,46215,19,-2.270394831506898,0.0951459927210012,2.6565257605170353e-05
3303,vascular_parenchyma,-0.06296062699778442,-0.07236144652202356,0.01,46229,19,-2.3231946868590696,0.09513840582745149,2.6506699992111983e-05
3304,vascular_parenchyma,-0.06668649962923678,-0.06893197837792442,0.01,46243,19,-2.375994006114806,0.09514101691972651,2.6451402107613003e-05
3305,vascular_parenchyma,-0.07023412302128343,-0.06532051559861288,0.01,46257,19,-2.4287948191851663,0.09514665205482417,2.6408759500398342e-05
3306,vascular_parenchyma,-0.07358714028665667,-0.06152476650254245,0.01,46271,19,-2.4815947561675684,0.09513857270407931,2.643477746352983e-05
3307,vascular_parenchyma,-0.07672492863160325,-0.05754993318153875,0.01,46285,19,-2.534394026330301,0.0951406905477813,2.6478387908194244e-05
3308,vascular_parenchyma,-0.07965819814680415,-0.05342404642181751,0.01,46299,19,-2.587194731761636,0.09514742486510415,2.6500050554295146e-05
3309,vascular_parenchyma,-0.08237142728662972,-0.04914751500830168,0.01,46313,19,-2.6399947093429916,0.09513884784549075,2.6554177758246213e-05
3310,vascular_parenchyma,-0.084842378499978,-0.04472698586332244,0.01,46327,19,-2.692793893138123,0.09514046427032788,2.6571659877614485e-05
3311,vascular_parenchyma,-0.0870878315903296,-0.04019006037553645,0.01,46341,19,-2.745594441315299,0.09514828655511741,2.6574626155115093e-05
3312,vascular_parenchyma,-0.08909351695780938,-0.03553952636629414,0.01,46355,19,-2.7983944345406995,0.09513919729996761,2.656231200357191e-05
3313,vascular_parenchyma,-0.09083559025386916,-0.030784156122051654,0.01,46369,19,-2.851193516103635,0.09514029498546818,2.6584052181856938e-05
3314,vascular_parenchyma,-0.09233698892961277,-0.025949870329914356,0.01,46383,19,-2.90399388392158,0.0951491857269557,2.6599977443075894e-05
3315,vascular_parenchyma,-0.09358503235905413,-0.02104145478293979,0.01,46397,19,-2.956793898186005,0.09513956290503343,2.6594027159487146e-05
3316,vascular_parenchyma,-0.09455445787435644,-0.016070510166824228,0.01,46411,19,-3.009592895353881,0.09514011993788099,2.6575893977280314e-05
3317,vascular_parenchyma,-0.09527420094023072,-0.011059994026078419,0.01,46425,19,-3.062393095352002,0.09515005782770204,2.6532639408781804e-05
3318,vascular_parenchyma,-0.09573341963796513,-0.006016265988485826,0.01,46439,19,-3.115193171529945,0.09513988194132811,2.654364658396405e-05
3319,vascular_parenchyma,-0.09590580752991805,-0.00095443954783446,0.01,46453,19,3.115193171529946,0.09513988194132814,2.651251479862134e-05
3320,vascular_parenchyma,-0.09582575729176573,0.0041068143662461145,0.01,46467,19,3.062393095352003,0.09515005782770211,2.6512514798621422e-05
3321,vascular_parenchyma,-0.09548400767376444,0.009159778149826648,0.01,46481,19,3.0095928953538813,0.09514011993788112,2.654364658396403e-05
3322,vascular_parenchyma,-0.09485590169943872,0.014185518107178604,0.01,46495,19,2.956793898186005,0.09513956290503361,2.6532639408781886e-05
3323,vascular_parenchyma,-0.09397781929370924,0.01917072999510958,0.01,46509,19,2.903993883921581,0.09514918572695591,2.657589397728038e-05
3324,vascular_parenchyma,-0.09284304274512917,0.024106308196924178,0.01,46523,19,2.8511935161036357,0.0951402949854684,2.6594027159487156e-05
3325,vascular_parenchyma,-0.09143106522679721,0.028970330109659992,0.01,46537,19,2.7983944345407004,0.09513919729996785,2.6599977443075853e-05
3326,vascular_parenchyma,-0.0897768312799392,0.033754493555998646,0.01,46551,19,2.7455944413153,0.09514828655511767,2.6584052181856948e-05
3327,vascular_parenchyma,-0.08787752725371142,0.03844903561630725,0.01,46565,19,2.6927938931381243,0.09514046427032813,2.6562312003571885e-05
3328,vascular_parenchyma,-0.08571696299972435,0.04302988331784745,0.01,46579,19,2.639994709342993,0.095138847845491,2.6574626155115147e-05
3329,vascular_parenchyma,-0.08332805516903577,0.0474929757197297,0.01,46593,19,2.5871947317616373,0.09514742486510437,2.6571659877614526e-05
3330,vascular_parenchyma,-0.08071187325172285,0.051828886941027184,0.01,46607,19,2.5343940263303026,0.09514069054778151,2.6554177758246226e-05
3331,vascular_parenchyma,-0.07785669369693046,0.05601218412168376,0.01,46621,19,2.4815947561675706,0.09513857270407948,2.6500050554295214e-05
3332,vascular_parenchyma,-0.0747930129624348,0.06004223671112836,0.01,46635,19,2.4287948191851685,0.09514665205482434,2.6478387908194233e-05
3333,vascular_parenchyma,-0.07152554965801772,0.06391091803090175,0.01,46649,19,2.3759940061148086,0.0951410169197266,2.643477746352976e-05
3334,vascular_parenchyma,-0.06804705981898686,0.0675922175124967,0.01,46663,19,2.3231946868590723,0.09513840582745155,2.640875950039827e-05
3335,vascular_parenchyma,-0.06438542632361408,0.07108811767735147,0.01,46677,19,2.2703948315069007,0.09514599272100119,2.6451402107613098e-05
3336,vascular_parenchyma,-0.060548580647611525,0.0743926795074294,0.01,46691,19,2.217593971719429,0.0951414590278012,2.6506699992111794e-05
3337,vascular_parenchyma,-0.05653364070885011,0.07748006604650608,0.01,46705,19,2.1647946469454746,0.09513835433673276,2.6565257605170286e-05
3338,vascular_parenchyma,-0.052365871183329485,0.08035409003156549,0.01,46719,19,2.111994915815735,0.0951454458174069,2.659749475958497e-05
3339,vascular_parenchyma,-0.04805579596028749,0.08301177535363921,0.01,46733,19,2.0591940674834825,0.09514200768001091,2.6690329422974193e-05
3340,vascular_parenchyma,-0.043604656040010306,0.08542815738651656,0.01,46747,19,2.006394773360386,0.09513840038279327,2.669448917583113e-05
3341,vascular_parenchyma,-0.03903526490175595,0.08760816783594806,0.01,46761,19,1.9535951965368825,0.09514498435919931,2.6666415336250034e-05
3342,vascular_parenchyma,-0.03435996051273808,0.08955242070759291,0.01,46775,19,1.900794400285997,0.09514262661394943,2.6646959828591118e-05
3343,vascular_parenchyma,-0.02958376128348976,0.09123745171264251,0.01,46789,19,1.8479951504081094,0.09513849871078171,2.6620183454521234e-05
3344,vascular_parenchyma,-0.024727344716944138,0.09266870570036746,0.01,46803,19,1.7951957304957828,0.09514455505743848,2.6613248527474263e-05
3345,vascular_parenchyma,-0.019803958815681026,0.09385083726029801,0.01,46817,19,1.7423949954580353,0.09514325628794743,2.6561670048549524e-05
3346,vascular_parenchyma,-0.014821962895712715,0.0947624246776994,0.01,46831,19,1.6895957691850172,0.09513858589320964,2.6510638131977732e-05
3347,vascular_parenchyma,-0.009800331584875418,0.09540895286332214,0.01,46845,19,1.6367964731526061,0.09514409352770463,2.646921290702492e-05
3348,vascular_parenchyma,-0.004752229823028898,0.09579936784675841,0.01,46859,19,1.5839957731355785,0.0951438349627955,2.6410896180307548e-05
3349,vascular_parenchyma,0.00031115175039670497,0.09591473445567854,0.01,46873,19,1.5311965171111064,0.09513860677110306,2.6378919286031874e-05
3350,vascular_parenchyma,0.005372025355312007,0.09576025703387095,0.01,46887,19,1.4783972840887294,0.09514355501928977,2.6406525784199546e-05
3351,vascular_parenchyma,0.010418350558031418,0.09534920789650263,0.01,46901,19,1.425596571699709,0.09514433194362946,2.645809214066785e-05
3352,vascular_parenchyma,0.015436668416085582,0.09466547414064926,0.01,46915,19,1.3727972199724547,0.09513854766325504,2.6480778263570577e-05
3353,vascular_parenchyma,0.020409816433996385,0.09371382241559949,0.01,46929,19,1.3199979867223117,0.09514294418107339,2.6529169896169795e-05
3354,vascular_parenchyma,0.02532792412387397,0.0925116608243752,0.01,46943,19,1.2671972221809011,0.0951447696363616,2.658061831993173e-05
3355,vascular_parenchyma,0.030175858697207614,0.09104591938880006,0.01,46957,19,1.2143977255997487,0.09513844663671715,2.6630598364983607e-05
3356,vascular_parenchyma,0.03493651334846414,0.08932093744756124,0.01,46971,19,1.1615984537856796,0.09514231152357136,2.6646408807665805e-05
3357,vascular_parenchyma,0.03960319078518566,0.08735784522526907,0.01,46985,19,1.108797628022279,0.09514520701084307,2.664609227125874e-05
3358,vascular_parenchyma,0.04415968794986263,0.08514672182126522,0.01,46999,19,1.0559979715656005,0.09513836715284413,2.6691595314510828e-05
3359,vascular_parenchyma,0.04858841464570117,0.08269165566458915,0.01,47013,19,1.0031986585167902,0.09514172139082293,2.667737352295227e-05
3360,vascular_parenchyma,0.052886764041547595,0.08001687384736267,0.01,47027,19,0.9503977977659906,0.09514570596975028,2.6657557475200065e-05
3361,vascular_parenchyma,0.057038055222558594,0.07711560023556599,0.01,47041,19,0.8975979994701369,0.0951383658652223,2.658891254713687e-05
3362,vascular_parenchyma,0.061023744044073645,0.07399200391416814,0.01,47055,19,0.8447986719793278,0.0951412232144115,2.653592191029918e-05
3363,vascular_parenchyma,0.06484610466051442,0.07067259054909009,0.01,47069,19,0.7919978276333487,0.09514630742765696,2.648104690656604e-05
3364,vascular_parenchyma,0.06848854089025883,0.0671536206646592,0.01,47083,19,0.7391979257712431,0.0951384744283031,2.639098562099382e-05
3365,vascular_parenchyma,0.07193118751976932,0.06343981153749657,0.01,47097,19,0.6863986255217537,0.09514083934468383,2.6435575267785244e-05
3366,vascular_parenchyma,0.07518182630104463,0.05955896138794976,0.01,47111,19,0.6335978588524306,0.09514702488914675,2.64650385993563e-05
3367,vascular_parenchyma,0.07822446134846475,0.05551016460525935,0.01,47125,19,0.5807978969382197,0.09513869796621945,2.648995031308095e-05
3368,vascular_parenchyma,0.08103767232898472,0.05129926357841137,0.01,47139,19,0.5279986661593002,0.09514056677547235,2.6517127678579884e-05
3369,vascular_parenchyma,0.08363517820953768,0.046954227083651226,0.01,47153,19,0.47519803439363345,0.09514784713655179,2.655677375139603e-05
3370,vascular_parenchyma,0.08600203610240548,0.04247669770534329,0.01,47167,19,0.42239804744389525,0.09513901644984377,2.6578004128421507e-05
3371,vascular_parenchyma,0.08811519301683728,0.03787429763544617,0.01,47181,19,0.36959891469845935,0.09514037622396038,2.6574014189925744e-05
3372,vascular_parenchyma,0.08999451180262498,0.033173947345678884,0.01,47195,19,0.3167984560193426,0.09514873560488459,2.658234083655163e-05
3373,vascular_parenchyma,0.09162648051988186,0.028379484364263803,0.01,47209,19,0.26399845532187627,0.09513938247610317,2.6580817757379143e-05
3374,vascular_parenchyma,0.0929865104881927,0.023501007473909406,0.01,47223,19,0.2111994206455407,0.09514021260065067,2.6593717235650033e-05
3375,vascular_parenchyma,0.0941005739564981,0.018563116227364774,0.01,47237,19,0.15839914071389904,0.09514962936323998,2.6581132513010952e-05
3376,vascular_parenchyma,0.09495688412219543,0.01357143837267945,0.01,47251,19,0.10559910281218365,0.09513973193845954,2.6564351704149587e-05
3377,vascular_parenchyma,0.09552959801349807,0.00853924825626957,0.01,47265,19,0.05280013043908518,0.09514001172397993,2.6555931371096985e-05
3378,vascular_parenchyma,0.09585051068991769,0.0034875440271262656,0.01,47279,19,1.1967300662878655e-15,0.09515046765558524,2.6514039521923197e-05
3379,vascular_parenchyma,0.09059266562602135,-0.0015985838319701941,0.01,47293,20,-0.056605621711085255,0.08987323871128775,2.6745176386565028e-05
3380,vascular_parenchyma,0.09039643971451211,-0.00670245641454914,0.01,47307,20,-0.11321046031183085,0.08986970586732124,2.67165110938624e-05
3381,vascular_parenchyma,0.08987020320207176,-0.011805033397423201,0.01,47321,20,-0.16981508421059086,0.08987000841468072,2.671936516655566e-05
3382,vascular_parenchyma,0.08905996816109983,-0.01687016735592136,0.01,47335,20,-0.22642006075630972,0.08987414827152398,2.6732221698683884e-05
3383,vascular_parenchyma,0.08796768013490769,-0.02188245365553604,0.01,47349,20,-0.28302591427850904,0.0898788988036738,2.6690187886893046e-05
3384,vascular_parenchyma,0.0865914884777932,-0.026825867360177044,0.01,47363,20,-0.3396314672811224,0.08987215469264545,2.6702392237747378e-05
3385,vascular_parenchyma,0.0849274504717251,-0.03167973884961615,0.01,47377,20,-0.39623636114519606,0.0898692559558623,2.6723996032213042e-05
3386,vascular_parenchyma,0.08299780285412443,-0.03643255473619749,0.01,47391,20,-0.4528411560735766,0.08987020571178182,2.6723140259960772e-05
3387,vascular_parenchyma,0.08080589183711513,-0.041070189276777476,0.01,47405,20,-0.5094464104100705,0.08987500637655074,2.6726123678238618e-05
3388,vascular_parenchyma,0.078357326346472,-0.045578359082460086,0.01,47419,20,-0.5660525165671784,0.0898772026052016,2.6719373292186956e-05
3389,vascular_parenchyma,0.07565318802513633,-0.04993945112645071,0.01,47433,20,-0.6226580653018258,0.08987114594572249,2.673413936326238e-05
3390,vascular_parenchyma,0.0727010122996426,-0.054135905100493265,0.01,47447,20,-0.6792630372294222,0.08986894569764073,2.6796286075491152e-05
3391,vascular_parenchyma,0.06952142454152528,-0.05816116164614154,0.01,47461,20,-0.735867985810169,0.08987060304673603,2.681877554886935e-05
3392,vascular_parenchyma,0.06612212459001238,-0.06200265158061163,0.01,47475,20,-0.7924734640165524,0.08987611828027225,2.684229767600402e-05
3393,vascular_parenchyma,0.06251195670364401,-0.06564803366726903,0.01,47489,20,-0.849079656864326,0.08987580528208557,2.6874141834602176e-05
3394,vascular_parenchyma,0.05869580780425131,-0.06907859856773292,0.01,47503,20,-0.9056850920825541,0.08987047101678862,2.6794328517751947e-05
3395,vascular_parenchyma,0.05469018911302571,-0.07228440014417371,0.01,47517,20,-0.9622900134344565,0.08986899393430813,2.6733228136376323e-05
3396,vascular_parenchyma,0.05051343691745276,-0.07526214730325638,0.01,47531,20,-1.0188949745416884,0.08987137318601743,2.6683233616314836e-05
3397,vascular_parenchyma,0.046176959368469495,-0.07800212963575576,0.01,47545,20,-1.0755005299067433,0.08987760699769569,2.6590693873558787e-05
3398,vascular_parenchyma,0.04169224083722525,-0.08049463334596461,0.01,47559,20,-1.1321065826499406,0.08987477823526699,2.6560176627390515e-05
3399,vascular_parenchyma,0.0370687643897544,-0.0827207397453588,0.01,47573,20,-1.1887117657061559,0.08987014925442413,2.659507737175667e-05
3400,vascular_parenchyma,0.032328004271907164,-0.08468135612991405,0.01,47587,20,-1.2453165118382101,0.08986936788106231,2.6625335638967313e-05
3401,vascular_parenchyma,0.02748609352022671,-0.08637487447274081,0.01,47601,20,-1.3019213816985102,0.08987243143605764,2.6649913046109986e-05
3402,vascular_parenchyma,0.022557125616692222,-0.08779549755040461,0.01,47615,20,-1.3585269378954488,0.08987933671574547,2.6689159334873395e-05
3403,vascular_parenchyma,0.017554498805895442,-0.08893665856307,0.01,47629,20,-1.4151327242105005,0.08987393655714591,2.6737657458516372e-05
3404,vascular_parenchyma,0.012492841235559297,-0.08978049206552997,0.01,47643,20,-1.4717376469518038,0.08986995119949026,2.6805461986487347e-05
3405,vascular_parenchyma,0.00739360284130615,-0.0903402795867153,0.01,47657,20,-1.528342250331498,0.08986980078119237,2.6842749481022666e-05
3406,vascular_parenchyma,0.0022714307082829623,-0.09061488903219363,0.01,47671,20,-1.5849471030239353,0.08987348422895694,2.6869893465252402e-05
3407,vascular_parenchyma,-0.002858266369913258,-0.09060301438585314,0.01,47685,20,-1.6415527714529716,0.08988019365758851,2.690040340362924e-05
3408,vascular_parenchyma,-0.007980760178167238,-0.09030114364749878,0.01,47699,20,-1.698158359336138,0.0898729781394686,2.6851482970144767e-05
3409,vascular_parenchyma,-0.013076427748587811,-0.08969619521704214,0.01,47713,20,-1.7547631983996232,0.08986959810602138,2.6794872518683207e-05
3410,vascular_parenchyma,-0.018129049574239026,-0.08881069070367692,0.01,47727,20,-1.811367855592031,0.08987005610339678,2.6760385972983603e-05
3411,vascular_parenchyma,-0.023124264761937356,-0.08764454445374115,0.01,47741,20,-1.8679728962946727,0.0898743545861276,2.6706420011202902e-05
3412,vascular_parenchyma,-0.028046865856467054,-0.08620064763094423,0.01,47755,20,-1.924578819443547,0.08987846012416201,2.6660252564359318e-05
3413,vascular_parenchyma,-0.03288040545774679,-0.08447780222243567,0.01,47769,20,-1.981184373939216,0.08987188199153419,2.665493405043679e-05
3414,vascular_parenchyma,-0.03760452152441663,-0.0824750719834619,0.01,47783,20,-2.037789293438108,0.08986915275567202,2.66323861709882e-05
3415,vascular_parenchyma,-0.0422090911676014,-0.08021439829632622,0.01,47797,20,-2.094394135893749,0.08987027521533188,2.659251612519413e-05
3416,vascular_parenchyma,-0.0466802468548009,-0.0777002533430845,0.01,47811,20,-2.1509994576502813,0.08987525134416736,2.65813724238683e-05
3417,vascular_parenchyma,-0.05100411850360277,-0.07493910206708423,0.01,47825,20,-2.2076056061500737,0.08987681814272386,2.6626406560123948e-05
3418,vascular_parenchyma,-0.055162757660987154,-0.07193289602022561,0.01,47839,20,-2.264211140583365,0.08987094097264214,2.669579022925849e-05
3419,vascular_parenchyma,-0.059140125176471,-0.06869171567501367,0.01,47853,20,-2.3208161143840815,0.08986892131568316,2.6754264500923424e-05
3420,vascular_parenchyma,-0.06293063798021482,-0.06523564648454802,0.01,47867,20,-2.3774210804605675,0.08987075982009624,2.6803310804857698e-05
3421,vascular_parenchyma,-0.06652232711379602,-0.061573391848176694,0.01,47881,20,-2.43402659157095,0.08987645630002633,2.6857601763754756e-05
3422,vascular_parenchyma,-0.06990345004394341,-0.05771451773972332,0.01,47895,20,-2.4906327692928434,0.08987551700366227,2.684724647681232e-05
3423,vascular_parenchyma,-0.0730551465923509,-0.05366499278230172,0.01,47909,20,-2.5472381518214045,0.08987036276982205,2.6810075834605098e-05
3424,vascular_parenchyma,-0.07596994120089581,-0.04944299358184368,0.01,47923,20,-2.6038430370433616,0.0898690643209195,2.6784166463333497e-05
3425,vascular_parenchyma,-0.07864510170909111,-0.04506626982626191,0.01,47937,20,-2.6604479797065377,0.08987162022460432,2.6748387083923713e-05
3426,vascular_parenchyma,-0.08107180927754043,-0.04054700987358729,0.01,47951,20,-2.7170535358277563,0.0898780281505894,2.6720292982446333e-05
3427,vascular_parenchyma,-0.08324109503652113,-0.03589724882020209,0.01,47965,20,-2.773659526251528,0.08987456318496852,2.6731157943747083e-05
3428,vascular_parenchyma,-0.08513417172709097,-0.0311277174454878,0.01,47979,20,-2.8302646366484847,0.08987010174935386,2.6717982563148965e-05
3429,vascular_parenchyma,-0.08675497190153093,-0.026260375781147472,0.01,47993,20,-2.886869335352898,0.08986948434418042,2.6682996886894566e-05
3430,vascular_parenchyma,-0.08810209974606517,-0.02131089782628384,0.01,48007,20,-2.9434741854377338,0.08987270826149682,2.668547893725155e-05
3431,vascular_parenchyma,-0.08917086193676356,-0.016293852452937713,0.01,48021,20,-3.00007975184321,0.08987977048050866,2.6695657150359653e-05
3432,vascular_parenchyma,-0.08995553847530666,-0.011222991465475597,0.01,48035,20,-3.056685475207975,0.08987371702052928,2.671678621718569e-05
3433,vascular_parenchyma,-0.09043876217365864,-0.006114271823778127,0.01,48049,20,-3.113290355656339,0.08986988333161018,2.6748400854630402e-05
3434,vascular_parenchyma,-0.09063691731541444,-0.0009883052950157545,0.01,48063,20,3.11329035565634,0.0898698833316102,2.6740393210295418e-05
3435,vascular_parenchyma,-0.09054886702735651,0.004140466804703517,0.01,48077,20,3.056685475207977,0.08987371702052938,2.674039321029513e-05
3436,vascular_parenchyma,-0.0901743869752996,0.009256560924239177,0.01,48091,20,3.0000797518432107,0.08987977048050882,2.6748400854630463e-05
3437,vascular_parenchyma,-0.08951047194259651,0.014344816383347418,0.01,48105,20,2.943474185437735,0.08987270826149699,2.6716786217185753e-05
3438,vascular_parenchyma,-0.08854707510157954,0.019384930747098954,0.01,48119,20,2.886869335352899,0.08986948434418061,2.6695657150359754e-05
3439,vascular_parenchyma,-0.08730673494304599,0.02436233517063522,0.01,48133,20,2.8302646366484865,0.08987010174935411,2.668547893725171e-05
3440,vascular_parenchyma,-0.08579051177524541,0.029262656864122362,0.01,48147,20,2.7736595262515302,0.08987456318496877,2.6682996886894535e-05
3441,vascular_parenchyma,-0.08400222465136968,0.03407094201288824,0.01,48161,20,2.717053535827759,0.08987802815058965,2.6717982563148952e-05
3442,vascular_parenchyma,-0.08194138100311418,0.03877033400302354,0.01,48175,20,2.6604479797065403,0.08987162022460458,2.6731157943747208e-05
3443,vascular_parenchyma,-0.0796099795532692,0.04334109807792522,0.01,48189,20,2.603843037043364,0.08986906432091972,2.672029298244646e-05
3444,vascular_parenchyma,-0.07702958629326466,0.04777440294293295,0.01,48203,20,2.5472381518214067,0.08987036276982224,2.674838708392384e-05
3445,vascular_parenchyma,-0.07420577885394918,0.05205672774009296,0.01,48217,20,2.4906327692928456,0.08987551700366245,2.6784166463333565e-05
3446,vascular_parenchyma,-0.07114584849785388,0.05617466523557794,0.01,48231,20,2.434026591570953,0.08987645630002646,2.6810075834605003e-05
3447,vascular_parenchyma,-0.06785267167946035,0.060109968247696946,0.01,48245,20,2.37742108046057,0.08987075982009632,2.6847246476812317e-05
3448,vascular_parenchyma,-0.06433868942738759,0.06384838668133128,0.01,48259,20,2.3208161143840846,0.08986892131568319,2.6857601763754814e-05
3449,vascular_parenchyma,-0.06062341761538958,0.06738520672434561,0.01,48273,20,2.264211140583368,0.08987094097264214,2.6803310804857675e-05
3450,vascular_parenchyma,-0.056716516284687685,0.0707091385300572,0.01,48287,20,2.207605606150077,0.08987681814272382,2.6754264500923383e-05
3451,vascular_parenchyma,-0.052628233404794944,0.07380907880214119,0.01,48301,20,2.1509994576502836,0.08987525134416727,2.6695790229258546e-05
3452,vascular_parenchyma,-0.04836566658367411,0.07666607818232392,0.01,48315,20,2.0943941358937503,0.08987027521533175,2.6626406560124127e-05
3453,vascular_parenchyma,-0.04394838538741344,0.07927531142435881,0.01,48329,20,2.0377892934381108,0.08986915275567187,2.6581372423868205e-05
3454,vascular_parenchyma,-0.03939356995046841,0.08163450931742891,0.01,48343,20,1.9811843739392183,0.08987188199153402,2.6592516125194038e-05
3455,vascular_parenchyma,-0.03471411935345685,0.08373580602619039,0.01,48357,20,1.9245788194435498,0.08987846012416184,2.6632386170988133e-05
3456,vascular_parenchyma,-0.029922572212211732,0.08557100738524398,0.01,48371,20,1.8679728962946751,0.08987435458612741,2.6654934050436676e-05
3457,vascular_parenchyma,-0.02503093678009311,0.08712154221919279,0.01,48385,20,1.8113678555920338,0.08987005610339663,2.666025256435915e-05
3458,vascular_parenchyma,-0.02006133481230483,0.08839443455237378,0.01,48399,20,1.7547631983996257,0.08986959810602126,2.670642001120285e-05
3459,vascular_parenchyma,-0.01502903516227004,0.08938843258546147,0.01,48413,20,1.6981583593361398,0.08987297813946851,2.6760385972983803e-05
3460,vascular_parenchyma,-0.00994899607004633,0.09009998493018351,0.01,48427,20,1.641552771452974,0.0898801936575885,2.6794872518683183e-05
3461,vascular_parenchyma,-0.004835270605570055,0.09052423641982835,0.01,48441,20,1.584947103023937,0.08987348422895695,2.685148297014481e-05
3462,vascular_parenchyma,0.0002948528193613259,0.0906444198759732,0.01,48455,20,1.5283422503315007,0.08986980078119239,2.690040340362917e-05
3463,vascular_parenchyma,0.005421933820875232,0.0904799624820649,0.01,48469,20,1.471737646951806,0.0898699511994903,2.6869893465252348e-05
3464,vascular_parenchyma,0.010531661333378618,0.09002969314670975,0.01,48483,20,1.415132724210503,0.08987393655714596,2.684274948102281e-05
3465,vascular_parenchyma,0.01560855315116459,0.08929447324352968,0.01,48497,20,1.3585269378954508,0.08987933671574554,2.6805461986487533e-05
3466,vascular_parenchyma,0.020637014862181082,0.08827185047111799,0.01,48511,20,1.3019213816985118,0.08987243143605772,2.6737657458516623e-05
3467,vascular_parenchyma,0.02559639546427107,0.08695483481780496,0.01,48525,20,1.245316511838212,0.0898693678810624,2.6689159334873517e-05
3468,vascular_parenchyma,0.030473697405359507,0.08536586601790849,0.01,48539,20,1.1887117657061574,0.08987014925442421,2.6649913046110044e-05
3469,vascular_parenchyma,0.03525462631331726,0.08350715066956377,0.01,48553,20,1.1321065826499428,0.08987477823526709,2.6625335638967232e-05
3470,vascular_parenchyma,0.03992453695203075,0.081383414762816,0.01,48567,20,1.0755005299067455,0.08987760699769577,2.659507737175655e-05
3471,vascular_parenchyma,0.04446618223955728,0.07899492533011228,0.01,48581,20,1.0188949745416913,0.0898713731860175,2.6560176627390346e-05
3472,vascular_parenchyma,0.0488607652464548,0.07634651463048592,0.01,48595,20,0.9622900134344592,0.08986899393430818,2.6590693873558804e-05
3473,vascular_parenchyma,0.05310064341031133,0.07345930576843039,0.01,48609,20,0.9056850920825573,0.08987047101678869,2.6683233616314785e-05
3474,vascular_parenchyma,0.05717272937216437,0.07033995449100192,0.01,48623,20,0.8490796568643286,0.08987580528208562,2.6733228136376364e-05
3475,vascular_parenchyma,0.061064126234689216,0.0669965460111361,0.01,48637,20,0.7924734640165547,0.08987611828027228,2.6794328517752167e-05
3476,vascular_parenchyma,0.06475633107395093,0.06343293576372326,0.01,48651,20,0.7358679858101718,0.08987060304673603,2.687414183460222e-05
3477,vascular_parenchyma,0.06823713184177374,0.05966371606175265,0.01,48665,20,0.6792630372294249,0.08986894569764073,2.684229767600406e-05
3478,vascular_parenchyma,0.07150257800854354,0.05570781577233882,0.01,48679,20,0.6226580653018283,0.08987114594572247,2.6818775548869455e-05
3479,vascular_parenchyma,0.07454213398277346,0.05157579846515779,0.01,48693,20,0.5660525165671803,0.08987720260520157,2.679628607549144e-05
3480,vascular_parenchyma,0.07734537359883724,0.04727855221432677,0.01,48707,20,0.5094464104100729,0.08987500637655074,2.6734139363262394e-05
3481,vascular_parenchyma,0.07989332602562654,0.04282434745902408,0.01,48721,20,0.45284115607357994,0.0898702057117818,2.6719373292186543e-05
3482,vascular_parenchyma,0.08218396959692528,0.038233857715711396,0.01,48735,20,0.39623636114519833,0.0898692559558623,2.6726123678238557e-05
3483,vascular_parenchyma,0.08421540763176907,0.033523721010829115,0.01,48749,20,0.33963146728112426,0.08987215469264541,2.6723140259960914e-05
3484,vascular_parenchyma,0.08598078339200417,0.028707472913425347,0.01,48763,20,0.2830259142785105,0.08987889880367378,2.672399603221304e-05
3485,vascular_parenchyma,0.0874727043598773,0.023798106866751795,0.01,48777,20,0.22642006075631163,0.08987414827152397,2.6702392237747307e-05
3486,vascular_parenchyma,0.08867290510066486,0.01880893242020083,0.01,48791,20,0.16981508421059338,0.08987000841468072,2.6690187886892737e-05
3487,vascular_parenchyma,0.08959153644478447,0.013761902535130845,0.01,48805,20,0.11321046031183256,0.08986970586732124,2.673222169868385e-05
3488,vascular_parenchyma,0.09022743132034847,0.008671941776053618,0.01,48819,20,0.05660562171108683,0.08987323871128775,2.671936516655577e-05
3489,vascular_parenchyma,0.09057821164050282,0.0035543087046559863,0.01,48833,20,7.822048499602686e-16,0.08988060516190843,2.671372450453718e-05
3490,vascular_parenchyma,0.08533701955335452,-0.0015992610624620946,0.01,48847,21,-0.059840082133279404,0.08462251809130215,2.6554860415710973e-05
3491,vascular_parenchyma,0.08513357790433479,-0.0066805381783621165,0.01,48861,21,-0.11967990115851956,0.0846194665241233,2.6539367927168368e-05
3492,vascular_parenchyma,0.08457894472147488,-0.011759453052992891,0.01,48875,21,-0.179519538953812,0.08461732841191842,2.65368688948685e-05
3493,vascular_parenchyma,0.08372249953275604,-0.016796093143844996,0.01,48889,21,-0.2393590760169965,0.08461610616973282,2.654431349827261e-05
3494,vascular_parenchyma,0.08256730030512867,-0.0217726013649002,0.01,48903,21,-0.29919859096094215,0.08461580271351168,2.65551168261126e-05
3495,vascular_parenchyma,0.08111745688675953,-0.026671333990641116,0.01,48917,21,-0.3590381601842372,0.08461642123459741,2.6563095107342394e-05
3496,vascular_parenchyma,0.07937811631349197,-0.031474922260441726,0.01,48931,21,-0.41887785771643515,0.08461796497564374,2.655241094150636e-05
3497,vascular_parenchyma,0.07735544454412946,-0.03616633296188889,0.01,48945,21,-0.4787177552312505,0.08462043702448487,2.655117687112864e-05
3498,vascular_parenchyma,0.07505660471479794,-0.040728927797165436,0.01,48959,21,-0.5385579222050725,0.0846238401427612,2.655947050763566e-05
3499,vascular_parenchyma,0.07248904160830379,-0.0451464596057309,0.01,48973,21,-0.5983983545079098,0.0846241598541448,2.6570147394274216e-05
3500,vascular_parenchyma,0.06965839684172699,-0.04940083988822248,0.01,48987,21,-0.6582386017865296,0.08462059449174747,2.6565310314422135e-05
3501,vascular_parenchyma,0.06657600309631598,-0.053476019006183505,0.01,49001,21,-0.7180786267390672,0.08461796589843555,2.655480067498066e-05
3502,vascular_parenchyma,0.06325707536040845,-0.0573601925735965,0.01,49015,21,-0.7779184935744949,0.08461627491204586,2.6553462370773706e-05
3503,vascular_parenchyma,0.05971257682738451,-0.06103947951063608,0.01,49029,21,-0.8377582661386136,0.08461552185474122,2.6561376505739358e-05
3504,vascular_parenchyma,0.05595508588118709,-0.06450084515461843,0.01,49043,21,-0.8975980082454049,0.08461570658117419,2.6566290414114e-05
3505,vascular_parenchyma,0.05199792975285306,-0.06773202223422688,0.01,49057,21,-0.9574377839971762,0.08461682844594637,2.6553799632294205e-05
3506,vascular_parenchyma,0.04785513799616496,-0.0707215535667365,0.01,49071,21,-1.0172776581517116,0.08461888623674742,2.6544034657626204e-05
3507,vascular_parenchyma,0.043541393552646676,-0.07345883193183958,0.01,49085,21,-1.0771176965281126,0.0846218781509818,2.654434656795769e-05
3508,vascular_parenchyma,0.03907198161455208,-0.07593413705226923,0.01,49099,21,-1.1369579664049336,0.08462580182753252,2.6561546379602564e-05
3509,vascular_parenchyma,0.03446166524269087,-0.07813778962676954,0.01,49113,21,-1.1967982524830068,0.08462262026372097,2.6559852055666587e-05
3510,vascular_parenchyma,0.029724939490633616,-0.08005511513136537,0.01,49127,21,-1.2566382225246227,0.08461956124168454,2.6553521672188494e-05
3511,vascular_parenchyma,0.024883277524758156,-0.08168672552063294,0.01,49141,21,-1.3164779469023904,0.08461742484608324,2.6554676612143016e-05
3512,vascular_parenchyma,0.019953213380398918,-0.08302681239554213,0.01,49155,21,-1.3763175013384648,0.08461620793249121,2.656541010596013e-05
3513,vascular_parenchyma,0.01495213194690725,-0.08407054521144895,0.01,49169,21,-1.4361569638465415,0.08461590758308059,2.657857416846438e-05
3514,vascular_parenchyma,0.009897769161298071,-0.08481423152118864,0.01,49183,21,-1.4959964144547178,0.08461652133220293,2.6568000227548744e-05
3515,vascular_parenchyma,0.00480804847217645,-0.08525523573759336,0.01,49197,21,-1.5558359347539925,0.08461804739435083,2.656252213558013e-05
3516,vascular_parenchyma,-0.000298981858287406,-0.08539198859099581,0.01,49211,21,-1.615675607268415,0.08462048488931075,2.6566924875726046e-05
3517,vascular_parenchyma,-0.005405211959005861,-0.08522399286968366,0.01,49225,21,-1.6755155146750778,0.08462383398592958,2.6582630005202e-05
3518,vascular_parenchyma,-0.010492721217765214,-0.08475130336881294,0.01,49239,21,-1.7353556930532152,0.08462488225479706,2.658019425538228e-05
3519,vascular_parenchyma,-0.015542958322565241,-0.08397196946695318,0.01,49253,21,-1.7951957173944038,0.08462122143757704,2.6565834928829498e-05
3520,vascular_parenchyma,-0.02053635534755132,-0.08288792670977091,0.01,49267,21,-1.8550355272346053,0.08461847852995308,2.6560358430402207e-05
3521,vascular_parenchyma,-0.02545581517390757,-0.08150909018044282,0.01,49281,21,-1.9148751995560627,0.08461665674927596,2.656630183904767e-05
3522,vascular_parenchyma,-0.03028417203934313,-0.07983944339731676,0.01,49295,21,-1.9747148090294135,0.08461575941242673,2.6580499731924305e-05
3523,vascular_parenchyma,-0.03500431118873352,-0.0778849247854528,0.01,49309,21,-2.0345544279773753,0.08461578972500601,2.6563830986237134e-05
3524,vascular_parenchyma,-0.03959950015828286,-0.07565247494033098,0.01,49323,21,-2.0943941264918107,0.08461675060238492,2.6549983959996675e-05
3525,vascular_parenchyma,-0.04405344704126764,-0.07315001217344892,0.01,49337,21,-2.1542339726740276,0.08461864453232906,2.6548397878136275e-05
3526,vascular_parenchyma,-0.04835035720819307,-0.0703864047443148,0.01,49351,21,-2.214074032963428,0.08462147348026318,2.656706725084076e-05
3527,vascular_parenchyma,-0.05247498830458565,-0.06737143987057741,0.01,49365,21,-2.273914372521737,0.08462523883344514,2.657483489339225e-05
3528,vascular_parenchyma,-0.05641239005035338,-0.06411458199509873,0.01,49379,21,-2.3337548243873343,0.08462271107119247,2.656472645628387e-05
3529,vascular_parenchyma,-0.06014365509743656,-0.06062312490920667,0.01,49393,21,-2.3935950048188004,0.0846195142074727,2.6559682946640203e-05
3530,vascular_parenchyma,-0.06365921215384425,-0.056915625222883494,0.01,49407,21,-2.453434966215183,0.08461725507641014,2.657085700967918e-05
3531,vascular_parenchyma,-0.06694745774985685,-0.05300552021474221,0.01,49421,21,-2.5132747725464952,0.08461593322806987,2.6583679493720696e-05
3532,vascular_parenchyma,-0.06999666203404376,-0.04890642259325958,0.01,49435,21,-2.5731144883494577,0.08461554765795513,2.657826542225573e-05
3533,vascular_parenchyma,-0.07279602270101608,-0.04463287285532149,0.01,49449,21,-2.6329541791256905,0.08461609677148643,2.6568582719897783e-05
3534,vascular_parenchyma,-0.07533561670944579,-0.04020002491484618,0.01,49463,21,-2.692793911746948,0.084617578405086,2.6569927707026118e-05
3535,vascular_parenchyma,-0.07760643487652094,-0.03562359331877863,0.01,49477,21,-2.752633754826499,0.08461998988990091,2.658353562549456e-05
3536,vascular_parenchyma,-0.07960041336812303,-0.030919798538420733,0.01,49491,21,-2.8124737790249967,0.08462332815502513,2.6584585088373826e-05
3537,vascular_parenchyma,-0.08131016584148229,-0.026105018399681566,0.01,49505,21,-2.8723140318509786,0.08462517947496814,2.6571072329551816e-05
3538,vascular_parenchyma,-0.08272670403785223,-0.02119527403164408,0.01,49519,21,-2.932154106444729,0.08462152367839439,2.6561495535910284e-05
3539,vascular_parenchyma,-0.08384200016034407,-0.016208674316990742,0.01,49533,21,-2.9919938966529878,0.08461878492345902,2.6568336212401043e-05
3540,vascular_parenchyma,-0.08465883216448108,-0.011165338593467694,0.01,49547,21,-3.051833481939765,0.08461696068984752,2.6584574523559137e-05
3541,vascular_parenchyma,-0.08517348961451646,-0.006082425729341714,0.01,49561,21,-3.111672943499458,0.08461604908777264,2.6568363926757816e-05
3542,vascular_parenchyma,-0.08538416228981936,-0.000977962186728335,0.01,49575,21,3.111672943499456,0.08461604908777268,2.6550938188585683e-05
3543,vascular_parenchyma,-0.08529011115368451,0.004129950356150538,0.01,49589,21,3.0518334819397626,0.08461696068984759,2.655093818858573e-05
3544,vascular_parenchyma,-0.08489167103971658,0.00922319845707665,0.01,49603,21,2.991993896652986,0.08461878492345914,2.6568363926757857e-05
3545,vascular_parenchyma,-0.08419024940377387,0.014283720422678758,0.01,49617,21,2.9321541064447274,0.08462152367839457,2.6584574523559225e-05
3546,vascular_parenchyma,-0.0831883211824875,0.01929356958754598,0.01,49631,21,2.872314031850977,0.08462517947496834,2.6568336212400995e-05
3547,vascular_parenchyma,-0.08188832880779673,0.02423517567643704,0.01,49645,21,2.812473779024995,0.08462332815502532,2.656149553591018e-05
3548,vascular_parenchyma,-0.08028943364132488,0.029088637144083655,0.01,49659,21,2.7526337548264976,0.08461998988990115,2.6571072329551863e-05
3549,vascular_parenchyma,-0.07840291359704642,0.033836966571746355,0.01,49673,21,2.6927939117469464,0.08461757840508621,2.6584585088373887e-05
3550,vascular_parenchyma,-0.07623713973664029,0.03846417527610442,0.01,49687,21,2.6329541791256887,0.08461609677148665,2.6583535625494786e-05
3551,vascular_parenchyma,-0.07379939988726382,0.042953915419501484,0.01,49701,21,2.5731144883494563,0.08461554765795534,2.6569927707026263e-05
3552,vascular_parenchyma,-0.07109835113805643,0.04729027502674824,0.01,49715,21,2.5132747725464943,0.08461593322807005,2.656858271989768e-05
3553,vascular_parenchyma,-0.06814357647357536,0.051457882752064484,0.01,49729,21,2.453434966215182,0.0846172550764103,2.6578265422255797e-05
3554,vascular_parenchyma,-0.06494555128479582,0.055441961377900494,0.01,49743,21,2.3935950048187995,0.08461951420747278,2.658367949372067e-05
3555,vascular_parenchyma,-0.061515606851281296,0.05922837928313486,0.01,49757,21,2.3337548243873334,0.08462271107119251,2.6570857009679353e-05
3556,vascular_parenchyma,-0.05786563124290976,0.06280360246116452,0.01,49771,21,2.273914372521736,0.08462523883344515,2.6559682946640237e-05
3557,vascular_parenchyma,-0.0540066407507027,0.06615326915688093,0.01,49785,21,2.214074032963427,0.08462147348026315,2.6564726456283907e-05
3558,vascular_parenchyma,-0.0499506235405473,0.06926126990909062,0.01,49799,21,2.1542339726740267,0.084618644532329,2.6574834893392316e-05
3559,vascular_parenchyma,-0.04571781096044222,0.072122369977215,0.01,49813,21,2.09439412649181,0.0846167506023848,2.6567067250840647e-05
3560,vascular_parenchyma,-0.04132208503832,0.0747259362341952,0.01,49827,21,2.034554427977374,0.08461578972500586,2.654839787813621e-05
3561,vascular_parenchyma,-0.0367790394808363,0.07706275030470598,0.01,49841,21,1.974714809029412,0.08461575941242658,2.6549983959996685e-05
3562,vascular_parenchyma,-0.032104785841243315,0.07912453270558215,0.01,49855,21,1.914875199556061,0.08461665674927582,2.656383098623712e-05
3563,vascular_parenchyma,-0.027315897397918128,0.08090397178559904,0.01,49869,21,1.8550355272346035,0.08461847852995295,2.6580499731924193e-05
3564,vascular_parenchyma,-0.022429351426493747,0.08239474938237978,0.01,49883,21,1.795195717394402,0.08462122143757693,2.6566301839047513e-05
3565,vascular_parenchyma,-0.017462470044274262,0.08359156310641552,0.01,49897,21,1.7353556930532135,0.08462488225479696,2.6560358430402048e-05
3566,vascular_parenchyma,-0.012432300759064985,0.08448935187777151,0.01,49911,21,1.6755155146750762,0.08462383398592953,2.656583492882927e-05
3567,vascular_parenchyma,-0.007356461991559191,0.08507956104568153,0.01,49925,21,1.6156756072684135,0.08462048488931073,2.6580194255382118e-05
3568,vascular_parenchyma,-0.002254915879643311,0.0853636698138742,0.01,49939,21,1.5558359347539914,0.08461804739435083,2.6582630005201986e-05
3569,vascular_parenchyma,0.002854037622144338,0.08534358205834469,0.01,49953,21,1.4959964144547169,0.08461652133220296,2.6566924875725894e-05
3570,vascular_parenchyma,0.007952572172364482,0.08501891871463253,0.01,49967,21,1.436156963846541,0.0846159075830806,2.6562522135580036e-05
3571,vascular_parenchyma,0.013022608307074357,0.08439084594112103,0.01,49981,21,1.3763175013384639,0.08461620793249125,2.6568000227548683e-05
3572,vascular_parenchyma,0.01804616803800739,0.0834615988235338,0.01,49995,21,1.3164779469023893,0.08461742484608331,2.657857416846455e-05
3573,vascular_parenchyma,0.02300543776547664,0.08223447323866409,0.01,50009,21,1.2566382225246213,0.08461956124168464,2.6565410105960283e-05
3574,vascular_parenchyma,0.02788283054358741,0.08071381405312025,0.01,50023,21,1.1967982524830054,0.08462262026372107,2.655467661214302e-05
3575,vascular_parenchyma,0.03266105794256404,0.07890486147559242,0.01,50037,21,1.1369579664049323,0.08462580182753263,2.655352167218852e-05
3576,vascular_parenchyma,0.03732282583481657,0.07681203131453751,0.01,50051,21,1.0771176965281115,0.08462187815098188,2.6559852055666685e-05
3577,vascular_parenchyma,0.04184782437119579,0.07443795122598491,0.01,50065,21,1.0172776581517098,0.0846188862367475,2.6561546379602724e-05
3578,vascular_parenchyma,0.04622309473372103,0.07179980998749705,0.01,50079,21,0.9574377839971743,0.08461682844594644,2.6544346567957687e-05
3579,vascular_parenchyma,0.05043315774516456,0.06890559948963164,0.01,50093,21,0.8975980082454029,0.08461570658117425,2.6544034657626136e-05
3580,vascular_parenchyma,0.05446309699625556,0.06576559768738019,0.01,50107,21,0.8377582661386116,0.08461552185474125,2.6553799632294225e-05
3581,vascular_parenchyma,0.05829863082944599,0.06239094655234486,0.01,50121,21,0.777918493574493,0.08461627491204589,2.6566290414113987e-05
3582,vascular_parenchyma,0.06192616207951106,0.05879361322611386,0.01,50135,21,0.7180786267390652,0.08461796589843555,2.6561376505739307e-05
3583,vascular_parenchyma,0.06533282548942547,0.05498634834149708,0.01,50149,21,0.6582386017865282,0.08462059449174746,2.6553462370773553e-05
3584,vascular_parenchyma,0.06850653258059436,0.05098264158855949,0.01,50163,21,0.5983983545079081,0.08462415985414477,2.655480067498061e-05
3585,vascular_parenchyma,0.07143559827532796,0.046795954074834036,0.01,50177,21,0.538557922205071,0.08462384014276118,2.656531031442223e-05
3586,vascular_parenchyma,0.07410541773794842,0.0424388401265757,0.01,50191,21,0.4787177552312486,0.08462043702448485,2.657014739427422e-05
3587,vascular_parenchyma,0.07650756569946858,0.037929180084004574,0.01,50205,21,0.41887785771643327,0.08461796497564375,2.6559470507635743e-05
3588,vascular_parenchyma,0.0786369000941609,0.03328505777376828,0.01,50219,21,0.359038160184236,0.0846164212345974,2.6551176871128495e-05
3589,vascular_parenchyma,0.08048550612893683,0.028522370341671387,0.01,50233,21,0.2991985909609413,0.08461580271351167,2.655241094150615e-05
3590,vascular_parenchyma,0.08204683951810014,0.02365800975303448,0.01,50247,21,0.23935907601699502,0.08461610616973282,2.6563095107342377e-05
3591,vascular_parenchyma,0.08331536727631224,0.01870922563818795,0.01,50261,21,0.179519538953811,0.08461732841191841,2.655511682611265e-05
3592,vascular_parenchyma,0.08428658724835003,0.013693565128580465,0.01,50275,21,0.11967990115851913,0.0846194665241233,2.654431349827241e-05
3593,vascular_parenchyma,0.08495704410149381,0.008628811601913844,0.01,50289,21,0.059840082133279224,0.08462251809130215,2.6536868894868373e-05
3594,vascular_parenchyma,0.08532434170278103,0.0035329225395670555,0.01,50303,21,3.6698768937710566e-16,0.08462648142933454,2.6537201071980355e-05
3595,vascular_parenchyma,0.08009681075087048,-0.001600049288799662,0.01,50317,22,-0.06346628711143464,0.0793876459454132,2.634143211319267e-05
3596,vascular_parenchyma,0.07988545155863579,-0.00665678894251026,0.01,50331,22,-0.1269325895906626,0.07938723565950367,2.6344593339644917e-05
3597,vascular_parenchyma,0.07930201024396648,-0.011709966717373082,0.01,50345,22,-0.19039891861042338,0.079386820403826,2.6349398987827987e-05
3598,vascular_parenchyma,0.07839925185108994,-0.016715941972997084,0.01,50359,22,-0.2538652834914768,0.0793864029298739,2.635164051705397e-05
3599,vascular_parenchyma,0.07718081727011288,-0.021654558560273932,0.01,50373,22,-0.3173316911006367,0.07938598659438491,2.6346728310814616e-05
3600,vascular_parenchyma,0.0756516187369377,-0.026505932449505692,0.01,50387,22,-0.3807981454776173,0.07938557507469148,2.6349650148751013e-05
3601,vascular_parenchyma,0.07381781968574813,-0.031250531785787405,0.01,50401,22,-0.44426464768987406,0.07938517208623574,2.63505125416283e-05
3602,vascular_parenchyma,0.07168680958924505,-0.03586925543533143,0.01,50415,22,-0.5077311959042103,0.07938478112800491,2.6348885992962128e-05
3603,vascular_parenchyma,0.06926717392875284,-0.040343509725400135,0.01,50429,22,-0.5711977856439028,0.07938440527675701,2.6355860289046246e-05
3604,vascular_parenchyma,0.06656865943770653,-0.044655283097946495,0.01,50443,22,-0.63466441018859,0.0793840470374905,2.636854556064212e-05
3605,vascular_parenchyma,0.06360213476112885,-0.048787218404286396,0.01,50457,22,-0.698131061072759,0.07938370824756523,2.636913784860749e-05
3606,vascular_parenchyma,0.06037954668263898,-0.05272268257227783,0.01,50471,22,-0.7615977286382615,0.07938339004357041,2.636161125186079e-05
3607,vascular_parenchyma,0.056913872097694135,-0.05644583339485408,0.01,50485,22,-0.8250644025792538,0.07938309291545449,2.6351444274782554e-05
3608,vascular_parenchyma,0.05321906591735317,-0.05994168320814888,0.01,50499,22,-0.8885310724231743,0.07938281678980486,2.634397003403877e-05
3609,vascular_parenchyma,0.049310005026347054,-0.06319615916963767,0.01,50513,22,-0.9519977279783003,0.07938256101504423,2.633807657854461e-05
3610,vascular_parenchyma,0.04520242844992432,-0.06619615979249704,0.01,50527,22,-1.0154643598314845,0.07938232427329735,2.6327290107289022e-05
3611,vascular_parenchyma,0.04091287405170618,-0.06892960752281198,0.01,50541,22,-1.0789309599007821,0.0793821045484954,2.6329367495441564e-05
3612,vascular_parenchyma,0.036458612101083046,-0.07138549725760408,0.01,50555,22,-1.1423975219783444,0.07938189917896234,2.634642569332517e-05
3613,vascular_parenchyma,0.03185757594542305,-0.07355394064106933,0.01,50569,22,-1.2058640422074896,0.07938170496752493,2.6366433447272562e-05
3614,vascular_parenchyma,0.02712829002077497,-0.07542620594762679,0.01,50583,22,-1.2693305194507563,0.07938151834565284,2.6364281552641157e-05
3615,vascular_parenchyma,0.02228979547035084,-0.07699475339543976,0.01,50597,22,-1.33279695550457,0.07938133559263442,2.635416620359368e-05
3616,vascular_parenchyma,0.017361573645927473,-0.07825326574905621,0.01,50611,22,-1.3962633551197394,0.07938115309879591,2.634556446820353e-05
3617,vascular_parenchyma,0.01236346777120655,-0.07919667407006584,0.01,50625,22,-1.459729725801025,0.07938096764939068,2.63398796100969e-05
3618,vascular_parenchyma,0.007315603059832396,-0.07982117847770041,0.01,50639,22,-1.5231960773790454,0.0793807767091904,2.6339750244849454e-05
3619,vascular_parenchyma,0.0022383056023936175,-0.08012426380598488,0.01,50653,22,-1.5866624213519673,0.07938057871566521,2.634750920561397e-05
3620,vascular_parenchyma,-0.0028479796533861816,-0.08010471008375072,0.01,50667,22,-1.6501287699947997,0.07938037334086145,2.6359236583894876e-05
3621,vascular_parenchyma,-0.007922771507714683,-0.07976259771187982,0.01,50681,22,-1.7135951353210574,0.07938016156017887,2.637156226403986e-05
3622,vascular_parenchyma,-0.012965635320866094,-0.0790993071325586,0.01,50695,22,-1.7770615280979278,0.07937994546468598,2.6376411920054188e-05
3623,vascular_parenchyma,-0.0179562655824916,-0.07811751297524538,0.01,50709,22,-1.8405279570686308,0.07937972796801385,2.636527552920933e-05
3624,vascular_parenchyma,-0.02287456784190259,-0.0768211729008047,0.01,50723,22,-1.9039944284093118,0.07937951251864221,2.6346456783409825e-05
3625,vascular_parenchyma,-0.027700739683218303,-0.07521551129571406,0.01,50737,22,-1.9674609454137257,0.07937930281520646,2.633678774813489e-05
3626,vascular_parenchyma,-0.03241535043084609,-0.07330699787822004,0.01,50751,22,-2.0309275084045786,0.07937910252984431,2.632868023672238e-05
3627,vascular_parenchyma,-0.036999419271277825,-0.07110332132604609,0.01,50765,22,-2.0943941148550334,0.07937891506520552,2.6330965877096078e-05
3628,vascular_parenchyma,-0.04143449149878075,-0.06861335806903311,0.01,50779,22,-2.1578607596853185,0.07937874336266408,2.633384728560575e-05
3629,vascular_parenchyma,-0.045702712607201976,-0.0658471363896464,0.01,50793,22,-2.221327435690633,0.07937858976617222,2.6347456888837504e-05
3630,vascular_parenchyma,-0.049786899955982726,-0.06281579597528487,0.01,50807,22,-2.2847941340569076,0.07937845594014527,2.636099528269585e-05
3631,vascular_parenchyma,-0.053670611744724296,-0.059531543079893494,0.01,50821,22,-2.3482608449173186,0.0793783428573058,2.6368406119037744e-05
3632,vascular_parenchyma,-0.05733821305215057,-0.05600760147917216,0.01,50835,22,-2.4117275578836206,0.0793782508676552,2.6350687547626627e-05
3633,vascular_parenchyma,-0.060774938699404,-0.05225815939015236,0.01,50849,22,-2.4751942625113044,0.07937817976223079,2.634202507953006e-05
3634,vascular_parenchyma,-0.06396695262620128,-0.048298312473883186,0.01,50863,22,-2.538660948753493,0.0793781287316326,2.6344617102346234e-05
3635,vascular_parenchyma,-0.06690140345817336,-0.044144003117524096,0.01,50877,22,-2.6021276074767354,0.07937809628547046,2.6350086093009915e-05
3636,vascular_parenchyma,-0.06956647609146172,-0.03981195633757757,0.01,50891,22,-2.665594231018316,0.0793780802426966,2.6353647117242096e-05
3637,vascular_parenchyma,-0.07195143918307509,-0.03531961261472442,0.01,50905,22,-2.729060813717693,0.07937807779914018,2.6358018254255127e-05
3638,vascular_parenchyma,-0.07404668837052988,-0.03068505788808074,0.01,50919,22,-2.792527352371011,0.07937808565047959,2.6361589225307594e-05
3639,vascular_parenchyma,-0.07584378503770323,-0.02592695095319538,0.01,50933,22,-2.8559938465655446,0.07937810017030099,2.636272468510848e-05
3640,vascular_parenchyma,-0.07733549047619656,-0.02106444853564927,0.01,50947,22,-2.9194602988495912,0.07937811764162464,2.635740246844574e-05
3641,vascular_parenchyma,-0.07851579530117525,-0.01611712831566175,0.01,50961,22,-2.982926714699446,0.07937813452761705,2.6345001944234774e-05
3642,vascular_parenchyma,-0.07937994398067108,-0.01110491018526476,0.01,50975,22,-3.046393102261618,0.07937814775658748,2.6346216150648295e-05
3643,vascular_parenchyma,-0.07992445434369728,-0.006047976035765346,0.01,50989,22,-3.1098594718670647,0.07937815500823005,2.6341586392098345e-05
3644,vascular_parenchyma,-0.08014713196536105,-0.0009666883942492492,0.01,51003,22,3.1098594718670634,0.07937815500823008,2.6335064234146195e-05
3645,vascular_parenchyma,-0.08004707935312083,0.0041184917686952725,0.01,51017,22,3.046393102261616,0.07937814775658757,2.633506423414645e-05
3646,vascular_parenchyma,-0.07962469977785935,0.009187087731236694,0.01,51031,22,2.9829267146994445,0.07937813452761719,2.6341586392098318e-05
3647,vascular_parenchyma,-0.07888169556726034,0.014218689810562455,0.01,51045,22,2.91946029884959,0.07937811764162482,2.634621615064824e-05
3648,vascular_parenchyma,-0.07782106092332866,0.019193037804028337,0.01,51059,22,2.8559938465655437,0.07937810017030121,2.634500194423467e-05
3649,vascular_parenchyma,-0.0764470694880693,0.02409010271024359,0.01,51073,22,2.79252735237101,0.07937808565047981,2.6357402468445688e-05
3650,vascular_parenchyma,-0.07476525677409189,0.02889016741862223,0.01,51087,22,2.7290608137176915,0.0793780777991404,2.6362724685108572e-05
3651,vascular_parenchyma,-0.07278239752899673,0.03357390605030743,0.01,51101,22,2.665594231018315,0.07937808024269682,2.636158922530763e-05
3652,vascular_parenchyma,-0.07050647815606177,0.038122461641482294,0.01,51115,22,2.6021276074767354,0.07937809628547068,2.6358018254255042e-05
3653,vascular_parenchyma,-0.06794666433535981,0.04251752188126322,0.01,51129,22,2.538660948753493,0.07937812873163277,2.6353647117242082e-05
3654,vascular_parenchyma,-0.06511326398788178,0.04674139262839267,0.01,51143,22,2.4751942625113044,0.07937817976223095,2.6350086093009925e-05
3655,vascular_parenchyma,-0.06201768572828766,0.05077706893571705,0.01,51157,22,2.411727557883621,0.0793782508676553,2.634461710234628e-05
3656,vascular_parenchyma,-0.058672392970232884,0.05460830332045299,0.01,51171,22,2.348260844917318,0.07937834285730587,2.634202507953009e-05
3657,vascular_parenchyma,-0.055090853872216565,0.05821967104244347,0.01,51185,22,2.2847941340569076,0.07937845594014528,2.6350687547626695e-05
3658,vascular_parenchyma,-0.05128748727964233,0.06159663213858138,0.01,51199,22,2.2213274356906325,0.0793785897661722,2.636840611903774e-05
3659,vascular_parenchyma,-0.047277604783032806,0.06472558988337945,0.01,51213,22,2.157860759685318,0.07937874336266403,2.6360995282696006e-05
3660,vascular_parenchyma,-0.04307734913162544,0.06759394538249412,0.01,51227,22,2.094394114855034,0.07937891506520542,2.6347456888837324e-05
3661,vascular_parenchyma,-0.03870362935503239,0.07019014815912968,0.01,51241,22,2.030927508404579,0.07937910252984416,2.6333847285605477e-05
3662,vascular_parenchyma,-0.03417405287583004,0.07250374260832478,0.01,51255,22,1.9674609454137262,0.0793793028152063,2.6330965877095993e-05
3663,vascular_parenchyma,-0.02950685483767655,0.07452541013230234,0.01,51269,22,1.9039944284093115,0.07937951251864209,2.6328680236722374e-05
3664,vascular_parenchyma,-0.02472082490308296,0.07624700678262412,0.01,51283,22,1.8405279570686304,0.07937972796801372,2.6336787748135037e-05
3665,vascular_parenchyma,-0.019835231794544675,0.07766159626293578,0.01,51297,22,1.777061528097927,0.0793799454646859,2.634645678340987e-05
3666,vascular_parenchyma,-0.014869745855098574,0.07876347815139567,0.01,51311,22,1.7135951353210572,0.07938016156017881,2.636527552920918e-05
3667,vascular_parenchyma,-0.009844359912832187,0.0795482112020296,0.01,51325,22,1.650128769994799,0.07938037334086145,2.637641192005412e-05
3668,vascular_parenchyma,-0.004779308752451865,0.08001263159490478,0.01,51339,22,1.5866624213519662,0.07938057871566523,2.637156226403993e-05
3669,vascular_parenchyma,0.0003050124835987968,0.08015486604547171,0.01,51353,22,1.5231960773790445,0.07938077670919041,2.635923658389492e-05
3670,vascular_parenchyma,0.0053881306445195355,0.0799743396905741,0.01,51367,22,1.4597297258010233,0.0793809676493907,2.6347509205614008e-05
3671,vascular_parenchyma,0.01044957733183608,0.07947177856527274,0.01,51381,22,1.3962633551197385,0.07938115309879595,2.6339750244849406e-05
3672,vascular_parenchyma,0.0154689716468399,0.07864920652325472,0.01,51395,22,1.3327969555045693,0.07938133559263452,2.6339879610096745e-05
3673,vascular_parenchyma,0.0204261024865103,0.07750993673602012,0.01,51409,22,1.2693305194507558,0.07938151834565292,2.634556446820344e-05
3674,vascular_parenchyma,0.025301010040977467,0.0760585579852658,0.01,51423,22,1.2058640422074893,0.07938170496752504,2.6354166203593587e-05
3675,vascular_parenchyma,0.030074066182736347,0.0743009158339206,0.01,51437,22,1.1423975219783442,0.0793818991789624,2.636428155264122e-05
3676,vascular_parenchyma,0.03472605342899954,0.0722440887553206,0.01,51451,22,1.0789309599007824,0.07938210454849551,2.636643344727254e-05
3677,vascular_parenchyma,0.03923824217360641,0.06989635935387978,0.01,51465,22,1.0154643598314848,0.07938232427329744,2.6346425693325155e-05
3678,vascular_parenchyma,0.043592465904748585,0.06726718082142226,0.01,51479,22,0.9519977279783006,0.0793825610150443,2.6329367495441547e-05
3679,vascular_parenchyma,0.0477711941343496,0.06436713877159442,0.01,51493,22,0.8885310724231741,0.07938281678980494,2.6327290107289188e-05
3680,vascular_parenchyma,0.0517576027689012,0.06120790860015986,0.01,51507,22,0.825064402579254,0.07938309291545453,2.6338076578544718e-05
3681,vascular_parenchyma,0.055535641664202155,0.05780220854237324,0.01,51521,22,0.7615977286382619,0.07938339004357044,2.6343970034038644e-05
3682,vascular_parenchyma,0.05909009913199998,0.05416374861738831,0.01,51535,22,0.6981310610727594,0.07938370824756523,2.6351444274782533e-05
3683,vascular_parenchyma,0.062406663131202175,0.050307175598504165,0.01,51549,22,0.6346644101885905,0.07938404703749048,2.6361611251860692e-05
3684,vascular_parenchyma,0.06547197879813854,0.046248014136480484,0.01,51563,22,0.5711977856439029,0.07938440527675698,2.636913784860748e-05
3685,vascular_parenchyma,0.06827370205821749,0.04200260432006444,0.01,51577,22,0.507731195904211,0.07938478112800487,2.636854556064223e-05
3686,vascular_parenchyma,0.07080054920773067,0.03758803602924476,0.01,51591,22,0.4442646476898743,0.07938517208623572,2.6355860289046283e-05
3687,vascular_parenchyma,0.07304234232294374,0.03302208033635068,0.01,51605,22,0.38079814547761787,0.07938557507469148,2.6348885992962182e-05
3688,vascular_parenchyma,0.0749900503028132,0.028323118180435446,0.01,51619,22,0.31733169110063714,0.07938598659438491,2.6350512541628246e-05
3689,vascular_parenchyma,0.07663582538074705,0.023510066578231396,0.01,51633,22,0.2538652834914777,0.07938640292987388,2.634965014875089e-05
3690,vascular_parenchyma,0.07797303496276024,0.018602302646389776,0.01,51647,22,0.19039891861042368,0.07938682040382597,2.634672831081464e-05
3691,vascular_parenchyma,0.07899628865109508,0.01361958571186946,0.01,51661,22,0.12693258959066323,0.07938723565950367,2.6351640517053946e-05
3692,vascular_parenchyma,0.07970146031285653,0.008581977798139483,0.01,51675,22,0.06346628711143568,0.07938764594541321,2.6349398987827834e-05
3693,vascular_parenchyma,0.08008570506893105,0.0035097627958126077,0.01,51689,22,5.268795624740686e-16,0.07938804940593437,2.6342502380235244e-05
3694,vascular_parenchyma,0.07486945161921346,-0.001602066668486187,0.01,51703,23,-0.06756048239403019,0.07416080863784487,2.6116455538589518e-05
3695,vascular_parenchyma,0.07464153485089554,-0.006631372178982271,0.01,51717,23,-0.1351214226812917,0.0741577837024513,2.6170113458968903e-05
3696,vascular_parenchyma,0.07402104586686947,-0.011654699256769315,0.01,51731,23,-0.20268266279231512,0.07415618976496745,2.6202935834454103e-05
3697,vascular_parenchyma,0.07306429119846032,-0.01662481785499365,0.01,51745,23,-0.2702440420377921,0.07415603013529486,2.622165310216334e-05
3698,vascular_parenchyma,0.07177560009075812,-0.02151932815656983,0.01,51759,23,-0.33780539633800105,0.07415730869777441,2.6248389181218112e-05
3699,vascular_parenchyma,0.07016078768919488,-0.026316170382577744,0.01,51773,23,-0.4053665577930249,0.07416002956652233,2.6240574768549845e-05
3700,vascular_parenchyma,0.06822712869332506,-0.03099372288464605,0.01,51787,23,-0.4729273545932284,0.07416419674616934,2.6214945517170323e-05
3701,vascular_parenchyma,0.0659817999820119,-0.0355308622132467,0.01,51801,23,-0.5404880504005283,0.07416106965630397,2.6218038870982268e-05
3702,vascular_parenchyma,0.063428635920725,-0.03990246144987681,0.01,51815,23,-0.6080492427207519,0.0741578063600131,2.6200354279293622e-05
3703,vascular_parenchyma,0.0605876719997803,-0.044091655764563024,0.01,51829,23,-0.6756107649152758,0.07415599922792067,2.6127439239524526e-05
3704,vascular_parenchyma,0.05747189799595332,-0.04808033084283759,0.01,51843,23,-0.7431724335325613,0.07415564999277163,2.6073128016466262e-05
3705,vascular_parenchyma,0.05409509339709953,-0.05185049470359086,0.01,51857,23,-0.8107340639400705,0.07415675947994209,2.602189406274662e-05
3706,vascular_parenchyma,0.05047248066073628,-0.05538515916643566,0.01,51871,23,-0.8782954711084071,0.07415932771283014,2.6025051549731578e-05
3707,vascular_parenchyma,0.046620381654815024,-0.05866838971958376,0.01,51885,23,-0.945856470316762,0.07416335393531388,2.613243982724294e-05
3708,vascular_parenchyma,0.0425550481287494,-0.061684781971698424,0.01,51899,23,-1.0134171734219364,0.07416168240248845,2.622442840649304e-05
3709,vascular_parenchyma,0.03829168916430937,-0.06441480762988347,0.01,51913,23,-1.0809782753468786,0.07415828517701568,2.63262911164818e-05
3710,vascular_parenchyma,0.03385406893253946,-0.06684988779864237,0.01,51927,23,-1.1485396544729023,0.0741563391074184,2.6358064641833723e-05
3711,vascular_parenchyma,0.029263387862313195,-0.06898141490784618,0.01,51941,23,-1.2161011343584682,0.0741558406079248,2.6321687708928288e-05
3712,vascular_parenchyma,0.024539874153581137,-0.0707994967854165,0.01,51955,23,-1.2836625422182162,0.07415678561281773,2.6297301355400665e-05
3713,vascular_parenchyma,0.019704818464426885,-0.07229594091378892,0.01,51969,23,-1.3512237092148116,0.07415916986139057,2.626009495341699e-05
3714,vascular_parenchyma,0.01478001115753376,-0.07346399414257064,0.01,51983,23,-1.41878447044402,0.0741629892287459,2.6183052080282422e-05
3715,vascular_parenchyma,0.00978709636597865,-0.07429757296941575,0.01,51997,23,-1.486344843179767,0.07416267532942014,2.6108477755194684e-05
3716,vascular_parenchyma,0.004748325388223622,-0.07478735662694855,0.01,52011,23,-1.553905588783179,0.0741590204342867,2.6036975105816306e-05
3717,vascular_parenchyma,-0.00031156527288067035,-0.07493334370537023,0.01,52025,23,-1.6214666808559184,0.07415679352437005,2.5953222808872993e-05
3718,vascular_parenchyma,-0.005369276781467003,-0.07473959367492894,0.01,52039,23,-1.6890279627723244,0.07415599514949357,2.6003391707952422e-05
3719,vascular_parenchyma,-0.010402433579920751,-0.07420628268157921,0.01,52053,23,-1.7565892767957676,0.07415662721819438,2.607083604278269e-05
3720,vascular_parenchyma,-0.015388349131596755,-0.07333582461448991,0.01,52067,23,-1.824150462876069,0.07415869266413697,2.61347393195497e-05
3721,vascular_parenchyma,-0.020304549488397057,-0.07213214326593571,0.01,52081,23,-1.8917113577992466,0.0741621950895422,2.6226054143668772e-05
3722,vascular_parenchyma,-0.025128962228812352,-0.07059996697086145,0.01,52095,23,-1.9592718850329083,0.07416316359052061,2.6279433253027164e-05
3723,vascular_parenchyma,-0.02983822296359492,-0.06874206872918182,0.01,52109,23,-2.0268327794832066,0.07415921796910468,2.6294805442608252e-05
3724,vascular_parenchyma,-0.03440915202044461,-0.06656673228439337,0.01,52123,23,-2.094394100548828,0.07415672176609656,2.6339267025075143e-05
3725,vascular_parenchyma,-0.038823356809577436,-0.06409025045464466,0.01,52137,23,-2.161955670248876,0.0741556785157482,2.635315636949693e-05
3726,vascular_parenchyma,-0.04306101983802603,-0.061322698065545876,0.01,52151,23,-2.2295173076614767,0.07415609095902301,2.6254463208664177e-05
3727,vascular_parenchyma,-0.04710304862751992,-0.05827655817573428,0.01,52165,23,-2.2970788297066442,0.07415796092962577,2.617257765457094e-05
3728,vascular_parenchyma,-0.05093122652002235,-0.054965559439213045,0.01,52179,23,-2.364640051997687,0.07416128933881945,2.6081286965538686e-05
3729,vascular_parenchyma,-0.054528153111389165,-0.05140422373241154,0.01,52193,23,-2.432200822491102,0.07416369158401503,2.5971462965020273e-05
3730,vascular_parenchyma,-0.05787532638626826,-0.047606169307214626,0.01,52207,23,-2.49976179030151,0.07415960271022942,2.6037242945509798e-05
3731,vascular_parenchyma,-0.06095348265123454,-0.04358719628423175,0.01,52221,23,-2.5673231351811467,0.07415697075904526,2.6092698742771184e-05
3732,vascular_parenchyma,-0.0637550481817047,-0.03937179306613469,0.01,52235,23,-2.6348846745469787,0.07415579379841344,2.613990667242314e-05
3733,vascular_parenchyma,-0.06626685609168631,-0.034977699533296006,0.01,52249,23,-2.702446228093132,0.07415606901153264,2.6196650030883454e-05
3734,vascular_parenchyma,-0.06847759267819321,-0.030424723949352545,0.01,52263,23,-2.7700076185461024,0.07415779283163758,2.6206695141568513e-05
3735,vascular_parenchyma,-0.07037729113486113,-0.025733385418590535,0.01,52277,23,-2.837568672254004,0.07416096114415138,2.6201318317229026e-05
3736,vascular_parenchyma,-0.07195727497766395,-0.0209247280292254,0.01,52291,23,-2.9051292232828887,0.07416477472417292,2.6218927306393434e-05
3737,vascular_parenchyma,-0.07320842687911998,-0.01601928545052817,0.01,52305,23,-2.972689809046478,0.0741604844238573,2.6228203531619842e-05
3738,vascular_parenchyma,-0.07411768399191991,-0.011039102629714508,0.01,52319,23,-3.0402507898069975,0.07415762639116408,2.6188197216192606e-05
3739,vascular_parenchyma,-0.0746914214001619,-0.006010234983973452,0.01,52333,23,-3.107812006224698,0.0741561980833149,2.615066299075477e-05
3740,vascular_parenchyma,-0.07492578516264531,-0.0009543010285558028,0.01,52347,23,3.1078120062246977,0.07415619808331492,2.6120255552325107e-05
3741,vascular_parenchyma,-0.07481973050502415,0.004105908149689675,0.01,52361,23,3.0402507898069975,0.07415762639116417,2.612025555232504e-05
3742,vascular_parenchyma,-0.07437373793115812,0.009147582948402363,0.01,52375,23,2.972689809046478,0.07416048442385742,2.615066299075462e-05
3743,vascular_parenchyma,-0.07358981093358585,0.01414799713912932,0.01,52389,23,2.905129223282889,0.07416477472417311,2.6188197216192664e-05
3744,vascular_parenchyma,-0.07246984043096882,0.019084960758676755,0.01,52403,23,2.8375686722540054,0.07416096114415159,2.6228203531619767e-05
3745,vascular_parenchyma,-0.07101117566847273,0.023932845569071867,0.01,52417,23,2.7700076185461033,0.07415779283163779,2.621892730639362e-05
3746,vascular_parenchyma,-0.06923088508070778,0.02867100830034116,0.01,52431,23,2.7024462280931325,0.07415606901153286,2.6201318317229257e-05
3747,vascular_parenchyma,-0.0671363060092731,0.03327863794738434,0.01,52445,23,2.6348846745469796,0.07415579379841367,2.620669514156854e-05
3748,vascular_parenchyma,-0.06473675841963356,0.037734994611876294,0.01,52459,23,2.5673231351811476,0.07415697075904544,2.619665003088341e-05
3749,vascular_parenchyma,-0.06204306318439208,0.04201999668469592,0.01,52473,23,2.4997617903015112,0.07415960271022957,2.6139906672423167e-05
3750,vascular_parenchyma,-0.05906735661990032,0.046114329765136054,0.01,52487,23,2.432200822491103,0.07416369158401516,2.609269874277129e-05
3751,vascular_parenchyma,-0.055821696748941906,0.049999175857368426,0.01,52501,23,2.364640051997688,0.07416128933881953,2.603724294550993e-05
3752,vascular_parenchyma,-0.05231599592421106,0.05365149666100758,0.01,52515,23,2.2970788297066456,0.0741579609296258,2.5971462965020273e-05
3753,vascular_parenchyma,-0.04857251423287317,0.0570584883397817,0.01,52529,23,2.229517307661477,0.074156090959023,2.6081286965538666e-05
3754,vascular_parenchyma,-0.04460898435256829,0.06020620022253845,0.01,52543,23,2.1619556702488754,0.07415567851574816,2.617257765457118e-05
3755,vascular_parenchyma,-0.040442885222104055,0.06308032321593941,0.01,52557,23,2.0943941005488274,0.07415672176609646,2.6254463208664205e-05
3756,vascular_parenchyma,-0.03609299493026671,0.06566790664164855,0.01,52571,23,2.026832779483206,0.07415921796910455,2.6353156369496914e-05
3757,vascular_parenchyma,-0.03157891385178188,0.06795728143671757,0.01,52585,23,1.9592718850329078,0.07416316359052047,2.6339267025075045e-05
3758,vascular_parenchyma,-0.02692015345729746,0.06993737011075965,0.01,52599,23,1.8917113577992462,0.07416219508954207,2.6294805442608188e-05
3759,vascular_parenchyma,-0.022136117679306976,0.07159332317025867,0.01,52613,23,1.8241504628760685,0.07415869266413687,2.6279433253027103e-05
3760,vascular_parenchyma,-0.0172513855305805,0.07292085416548943,0.01,52627,23,1.7565892767957676,0.07415662721819431,2.6226054143668725e-05
3761,vascular_parenchyma,-0.01228907119600065,0.0739175043496637,0.01,52641,23,1.689027962772324,0.07415599514949354,2.6134739319549707e-05
3762,vascular_parenchyma,-0.00727106323501496,0.0745782971966582,0.01,52655,23,1.6214666808559173,0.07415679352437005,2.607083604278284e-05
3763,vascular_parenchyma,-0.002219981324745573,0.07490025842731401,0.01,52669,23,1.5539055887831779,0.07415902043428671,2.6003391707952605e-05
3764,vascular_parenchyma,0.0028414066311751134,0.07488193156069493,0.01,52683,23,1.4863448431797668,0.07416267532942017,2.595322280887291e-05
3765,vascular_parenchyma,0.007890583023391268,0.07452260770699697,0.01,52697,23,1.4187844704440193,0.07416298922874594,2.6036975105816258e-05
3766,vascular_parenchyma,0.01290395677892092,0.07381897480538004,0.01,52711,23,1.3512237092148107,0.07415916986139064,2.6108477755194714e-05
3767,vascular_parenchyma,0.0178572659582376,0.0727752431513334,0.01,52725,23,1.2836625422182155,0.07415678561281781,2.6183052080282405e-05
3768,vascular_parenchyma,0.022728811680186315,0.07140188271242506,0.01,52739,23,1.2161011343584678,0.07415584060792489,2.6260094953416907e-05
3769,vascular_parenchyma,0.027496925376603126,0.06970417806430879,0.01,52753,23,1.1485396544729012,0.07415633910741848,2.6297301355400834e-05
3770,vascular_parenchyma,0.03214012009794199,0.0676897931826962,0.01,52767,23,1.0809782753468777,0.0741582851770158,2.6321687708928362e-05
3771,vascular_parenchyma,0.03663746913075782,0.06536780872755907,0.01,52781,23,1.0134171734219355,0.07416168240248854,2.635806464183374e-05
3772,vascular_parenchyma,0.040968639114902346,0.06274813009706394,0.01,52795,23,0.9458564703167621,0.07416335393531398,2.632629111648174e-05
3773,vascular_parenchyma,0.04511200972400689,0.05983929492575011,0.01,52809,23,0.8782954711084072,0.07415932771283021,2.622442840649296e-05
3774,vascular_parenchyma,0.04904607062538238,0.056653468367656425,0.01,52823,23,0.8107340639400713,0.07415675947994213,2.6132439827242863e-05
3775,vascular_parenchyma,0.052757240202720684,0.05321174046041153,0.01,52837,23,0.7431724335325629,0.07415564999277165,2.602505154973137e-05
3776,vascular_parenchyma,0.056228587774931296,0.049528410128011326,0.01,52851,23,0.6756107649152778,0.07415599922792065,2.602189406274643e-05
3777,vascular_parenchyma,0.05944447571768639,0.04562008447954259,0.01,52865,23,0.6080492427207538,0.07415780636001307,2.6073128016466174e-05
3778,vascular_parenchyma,0.0623904094564178,0.041504376750073076,0.01,52879,23,0.5404880504005293,0.07416106965630392,2.6127439239524648e-05
3779,vascular_parenchyma,0.06505294961252309,0.03719959629100899,0.01,52893,23,0.47292735459322893,0.07416419674616932,2.620035427929381e-05
3780,vascular_parenchyma,0.06741786047030937,0.032723442524219895,0.01,52907,23,0.4053665577930257,0.07416002956652232,2.621803887098224e-05
3781,vascular_parenchyma,0.06946869652925661,0.02809503622597377,0.01,52921,23,0.3378053963380021,0.07415730869777441,2.6214945517170225e-05
3782,vascular_parenchyma,0.07120469005066514,0.02334057919827485,0.01,52935,23,0.27024404203779334,0.07415603013529484,2.6240574768549798e-05
3783,vascular_parenchyma,0.07261711139099071,0.018480293150525143,0.01,52949,23,0.2026826627923165,0.07415618976496745,2.6248389181217994e-05
3784,vascular_parenchyma,0.07369960181528616,0.013536087459421307,0.01,52963,23,0.13512142268129346,0.07415778370245128,2.6221653102163197e-05
3785,vascular_parenchyma,0.07444727967333456,0.008530247340254957,0.01,52977,23,0.06756048239403128,0.07416080863784487,2.620293583445414e-05
3786,vascular_parenchyma,0.07485676251574115,0.0034853346571670336,0.01,52991,23,9.217122049436151e-16,0.07416526218589424,2.6169608083861313e-05
3787,vascular_parenchyma,0.06965615690280715,-0.001604736502031874,0.01,53005,24,-0.07391923324694444,0.06895033730514918,2.6460728913881444e-05
3788,vascular_parenchyma,0.06940163522625271,-0.006721050980334748,0.01,53019,24,-0.14783965061389628,0.06895058576953075,2.6452584190740477e-05
3789,vascular_parenchyma,0.06871833462790145,-0.011827530602747242,0.01,53033,24,-0.22175878784983838,0.06895720354128373,2.6423496280222485e-05
3790,vascular_parenchyma,0.06766240160895537,-0.01687195228209306,0.01,53047,24,-0.29567829064906315,0.0689499760462205,2.6396439028772866e-05
3791,vascular_parenchyma,0.0662236930607706,-0.021820942381160262,0.01,53061,24,-0.3695988469442069,0.06895074482071453,2.6400137991236498e-05
3792,vascular_parenchyma,0.06443419549076626,-0.026652291782239004,0.01,53075,24,-0.44351802914624133,0.06895627974517056,2.6440944465608593e-05
3793,vascular_parenchyma,0.06229363974758006,-0.03134047921041846,0.01,53089,24,-0.5174378673967619,0.06894960282290115,2.645356548189456e-05
3794,vascular_parenchyma,0.05980243145219995,-0.03585208479639963,0.01,53103,24,-0.591358580278658,0.06895093677150584,2.6459241861867382e-05
3795,vascular_parenchyma,0.05699432325932784,-0.04017180605578084,0.01,53117,24,-0.6652778116571937,0.06895543240695065,2.6508801074887544e-05
3796,vascular_parenchyma,0.05387421127615437,-0.04427374821247504,0.01,53131,24,-0.7391979119545066,0.06894934408825577,2.6557421856479545e-05
3797,vascular_parenchyma,0.05045242837288798,-0.048127377069057904,0.01,53145,24,-0.8131186701676814,0.06895127349002589,2.659976292048881e-05
3798,vascular_parenchyma,0.04676313433354867,-0.05172401865604419,0.01,53159,24,-0.8870378469723077,0.06895475086389825,2.6579117159460092e-05
3799,vascular_parenchyma,0.04281656206532652,-0.055038472594426395,0.01,53173,24,-0.9609580537625854,0.06894926195101704,2.6481785002421125e-05
3800,vascular_parenchyma,0.03863159981666505,-0.05804571890450128,0.01,53187,24,-1.0348786950180155,0.06895178803859107,2.6384538782311155e-05
3801,vascular_parenchyma,0.03424165605645533,-0.060743200568799054,0.01,53201,24,-1.108797694227144,0.06895423864317034,2.6256829759437494e-05
3802,vascular_parenchyma,0.02966224528944949,-0.0631075409337609,0.01,53215,24,-1.1827178633680975,0.06894933061007875,2.6266106310347616e-05
3803,vascular_parenchyma,0.024918794495110197,-0.06512137692582023,0.01,53229,24,-1.2566382689992288,0.06895242544305287,2.632443608681411e-05
3804,vascular_parenchyma,0.02004303175953187,-0.06678759344440668,0.01,53243,24,-1.330557041795127,0.06895381278711894,2.6354172160539953e-05
3805,vascular_parenchyma,0.01505545206211073,-0.06808577905485613,0.01,53257,24,-1.4044771311827622,0.06894944331773696,2.6423205089177402e-05
3806,vascular_parenchyma,0.00998551111342436,-0.06900773843335435,0.01,53271,24,-1.478397307242419,0.06895306211947852,2.6532780328074143e-05
3807,vascular_parenchyma,0.004862567489753368,-0.06956103466794289,0.01,53285,24,-1.5523159418836905,0.06895334275173079,2.6599776209881425e-05
3808,vascular_parenchyma,-0.0002884603462129567,-0.06972932158810784,0.01,53299,24,-1.626236048173809,0.06894947475578606,2.6662380718205395e-05
3809,vascular_parenchyma,-0.0054369120042158285,-0.06951434408359614,0.01,53313,24,-1.7001561268020313,0.06895359078665034,2.661824415596987e-05
3810,vascular_parenchyma,-0.010556259546922605,-0.06892755574607508,0.01,53327,24,-1.7740748108253124,0.06895275241652203,2.6549888850228767e-05
3811,vascular_parenchyma,-0.015617971558677784,-0.06795767120925715,0.01,53341,24,-1.8479950915494214,0.06894939019894067,2.647021410984022e-05
3812,vascular_parenchyma,-0.020593117244556817,-0.06661634601206728,0.01,53355,24,-1.9219152169239946,0.06895402310426947,2.6383181302129256e-05
3813,vascular_parenchyma,-0.02545825521108902,-0.06491816330505308,0.01,53369,24,-1.995834100858682,0.06895209835920983,2.6358235570872963e-05
3814,vascular_parenchyma,-0.030182280857537047,-0.06285772296862437,0.01,53383,24,-2.069754632480911,0.06894928275820424,2.6297927293819427e-05
3815,vascular_parenchyma,-0.034740816680337204,-0.06045575497437115,0.01,53397,24,-2.143674833767071,0.06895447704867196,2.6246637748431494e-05
3816,vascular_parenchyma,-0.03911358989959775,-0.05772928896632041,0.01,53411,24,-2.2175939344491775,0.06895151011669699,2.628324805492426e-05
3817,vascular_parenchyma,-0.04326815278087063,-0.05467941699889353,0.01,53425,24,-2.291514653721275,0.06894928074958837,2.6425510130716934e-05
3818,vascular_parenchyma,-0.047187186250406646,-0.05133436435904385,0.01,53439,24,-2.365434827909339,0.06895506891813427,2.6516103130822717e-05
3819,vascular_parenchyma,-0.05085354400995465,-0.047713040507923285,0.01,53453,24,-2.439354048100708,0.06895108311893375,2.662809111741661e-05
3820,vascular_parenchyma,-0.05423481193771738,-0.043823377397045934,0.01,53467,24,-2.513274802770496,0.06894945337062411,2.6591162470463556e-05
3821,vascular_parenchyma,-0.05732273478297601,-0.03969888105823642,0.01,53481,24,-2.587194788326581,0.06895583919395969,2.6542257917548756e-05
3822,vascular_parenchyma,-0.060103182658575685,-0.035359905010812695,0.01,53495,24,-2.6611140030149643,0.06895082834437466,2.646643359158327e-05
3823,vascular_parenchyma,-0.06254524379855109,-0.03082127185488919,0.01,53509,24,-2.735034644606284,0.06894978226707832,2.6435458742653287e-05
3824,vascular_parenchyma,-0.06465107956114442,-0.026119063246985805,0.01,53523,24,-2.808954316016106,0.06895674023658954,2.6445190184604788e-05
3825,vascular_parenchyma,-0.0664094494815882,-0.021274766490284796,0.01,53537,24,-2.8828734662544444,0.06895066964732009,2.6424957604629662e-05
3826,vascular_parenchyma,-0.06779243932828435,-0.01630982407259045,0.01,53551,24,-2.956793941949073,0.06895016616917507,2.641500982612575e-05
3827,vascular_parenchyma,-0.0688132178047908,-0.011259881208866254,0.01,53565,24,-3.0307132937843355,0.0689576517803403,2.642942418213409e-05
3828,vascular_parenchyma,-0.06946333907058445,-0.0061473559893226275,0.01,53579,24,-3.104632455272091,0.06895047724409861,2.643862189457353e-05
3829,vascular_parenchyma,-0.06971933859012158,-0.0009997076867009908,0.01,53593,24,3.104632455272093,0.06895047724409864,2.644435373883668e-05
3830,vascular_parenchyma,-0.06960503090974199,0.004151026266373667,0.01,53607,24,3.030713293784337,0.06895765178034038,2.644435373883648e-05
3831,vascular_parenchyma,-0.06911431332420816,0.009281371953664621,0.01,53621,24,2.956793941949075,0.06895016616917521,2.6438621894573775e-05
3832,vascular_parenchyma,-0.06823166561070912,0.014359183078956153,0.01,53635,24,2.882873466254446,0.06895066964732027,2.6429424182134266e-05
3833,vascular_parenchyma,-0.06698763216154208,0.019358784626737416,0.01,53649,24,2.808954316016108,0.06895674023658974,2.64150098261259e-05
3834,vascular_parenchyma,-0.06537948810192902,0.024255211858479692,0.01,53663,24,2.7350346446062863,0.06894978226707853,2.6424957604629754e-05
3835,vascular_parenchyma,-0.06340239246767383,0.029014690222095633,0.01,53677,24,2.661114003014967,0.06895082834437487,2.6445190184604862e-05
3836,vascular_parenchyma,-0.06108939556736374,0.0336184813508212,0.01,53691,24,2.5871947883265847,0.06895583919395988,2.6435458742653185e-05
3837,vascular_parenchyma,-0.058442776441566945,0.038040749323879366,0.01,53705,24,2.5132748027704994,0.06894945337062426,2.6466433591583187e-05
3838,vascular_parenchyma,-0.055468030920916817,0.04224916508564313,0.01,53719,24,2.4393540481007125,0.06895108311893387,2.654225791754861e-05
3839,vascular_parenchyma,-0.05219927343099584,0.04623179140299189,0.01,53733,24,2.3654348279093442,0.06895506891813437,2.6591162470463295e-05
3840,vascular_parenchyma,-0.048644060483803896,0.04996294219111986,0.01,53747,24,2.29151465372128,0.06894928074958842,2.6628091117416556e-05
3841,vascular_parenchyma,-0.044817217445380246,0.053414538125724026,0.01,53761,24,2.2175939344491824,0.06895151011669698,2.6516103130822826e-05
3842,vascular_parenchyma,-0.040752659533192265,0.056581039663164016,0.01,53775,24,2.1436748337670757,0.0689544770486719,2.64255101307169e-05
3843,vascular_parenchyma,-0.036463282482956126,0.05943801528544733,0.01,53789,24,2.069754632480915,0.06894928275820415,2.6283248054924256e-05
3844,vascular_parenchyma,-0.03197153071990898,0.0619640421836778,0.01,53803,24,1.9958341008586864,0.06895209835920971,2.6246637748431578e-05
3845,vascular_parenchyma,-0.02731007355669116,0.06415937586296694,0.01,53817,24,1.9219152169239995,0.06895402310426932,2.6297927293819224e-05
3846,vascular_parenchyma,-0.022496969223969095,0.06600198078916637,0.01,53831,24,1.8479950915494254,0.06894939019894057,2.6358235570872885e-05
3847,vascular_parenchyma,-0.017559996959470348,0.06747893303525969,0.01,53845,24,1.774074810825316,0.06895275241652193,2.6383181302129395e-05
3848,vascular_parenchyma,-0.01252977153758235,0.06859555494951812,0.01,53859,24,1.7001561268020342,0.06895359078665031,2.6470214109840256e-05
3849,vascular_parenchyma,-0.007429085412128174,0.06933333520225302,0.01,53873,24,1.6262360481738112,0.06894947475578606,2.6549888850228947e-05
3850,vascular_parenchyma,-0.002288361552780204,0.06968900115086886,0.01,53887,24,1.5523159418836925,0.06895334275173079,2.6618244155970013e-05
3851,vascular_parenchyma,0.002864412543917163,0.06967215888115347,0.01,53901,24,1.4783973072424215,0.06895306211947853,2.6662380718205432e-05
3852,vascular_parenchyma,0.008002395387805426,0.06926887750647388,0.01,53915,24,1.404477131182764,0.068949443317737,2.6599776209881513e-05
3853,vascular_parenchyma,0.013095426315333574,0.06848591233845498,0.01,53929,24,1.3305570417951285,0.06895381278711904,2.6532780328074393e-05
3854,vascular_parenchyma,0.018118500540376496,0.067336373252785,0.01,53943,24,1.2566382689992304,0.06895242544305298,2.6423205089177402e-05
3855,vascular_parenchyma,0.023041657262717882,0.06581182701332469,0.01,53957,24,1.1827178633680986,0.06894933061007882,2.6354172160539983e-05
3856,vascular_parenchyma,0.02783790469971776,0.06392861934368535,0.01,53971,24,1.1087976942271456,0.06895423864317046,2.63244360868142e-05
3857,vascular_parenchyma,0.03248538456871974,0.06170263536888276,0.01,53985,24,1.0348786950180175,0.06895178803859117,2.6266106310347487e-05
3858,vascular_parenchyma,0.03695215666482648,0.059131660470506865,0.01,53999,24,0.9609580537625866,0.06894926195101711,2.6256829759437535e-05
3859,vascular_parenchyma,0.041217086893113264,0.05624041238927913,0.01,54013,24,0.8870378469723093,0.06895475086389832,2.638453878231125e-05
3860,vascular_parenchyma,0.04526147653709816,0.053046923382856236,0.01,54027,24,0.8131186701676832,0.06895127349002593,2.648178500242105e-05
3861,vascular_parenchyma,0.04905271532084973,0.04955567967447938,0.01,54041,24,0.739197911954508,0.06894934408825579,2.6579117159460153e-05
3862,vascular_parenchyma,0.05257780292955105,0.04579785822812242,0.01,54055,24,0.6652778116571962,0.06895543240695065,2.659976292048868e-05
3863,vascular_parenchyma,0.05582111729418446,0.0417931369988138,0.01,54069,24,0.5913585802786611,0.06895093677150581,2.6557421856479284e-05
3864,vascular_parenchyma,0.05875080877623015,0.03755290673253531,0.01,54083,24,0.5174378673967638,0.06894960282290112,2.6508801074887594e-05
3865,vascular_parenchyma,0.061363706992144496,0.03311232317816443,0.01,54097,24,0.4435180291462432,0.06895627974517055,2.6459241861867545e-05
3866,vascular_parenchyma,0.06364714161328205,0.028492338108589907,0.01,54111,24,0.36959884694420914,0.06895074482071453,2.6453565481894484e-05
3867,vascular_parenchyma,0.0655715136559424,0.02371113853435406,0.01,54125,24,0.29567829064906487,0.06894997604622051,2.644094446560858e-05
3868,vascular_parenchyma,0.06714446492549316,0.01880497583467481,0.01,54139,24,0.22175878784984046,0.06895720354128373,2.6400137991236525e-05
3869,vascular_parenchyma,0.06835616057535795,0.013795822646833862,0.01,54153,24,0.1478396506138983,0.06895058576953074,2.6396439028772808e-05
3870,vascular_parenchyma,0.06918073539900907,0.008708226102820541,0.01,54167,24,0.07391923324694535,0.0689503373051492,2.6423496280222678e-05
3871,vascular_parenchyma,0.06963682656759011,0.003576442885620196,0.01,54181,24,4.473991468907544e-16,0.06895807300804487,2.6448020882925436e-05
3872,vascular_parenchyma,0.06445993285531622,-0.0016067238220784368,0.01,54195,25,-0.07953379779903991,0.06375848989079688,2.6267961307589718e-05
3873,vascular_parenchyma,0.06418837538337294,-0.006697722414074046,0.01,54209,25,-0.1590673455088587,0.06376523337942439,2.6270150895904442e-05
3874,vascular_parenchyma,0.06346019415465978,-0.011777307310127803,0.01,54223,25,-0.23860149120846716,0.06375850535895555,2.628889744085443e-05
3875,vascular_parenchyma,0.06231713831155061,-0.016780462273684214,0.01,54237,25,-0.3181349193643428,0.0637640608255419,2.6294075692325786e-05
3876,vascular_parenchyma,0.06079243188540064,-0.021680199505866707,0.01,54251,25,-0.3976694321546603,0.063758570435693,2.6281884806427075e-05
3877,vascular_parenchyma,0.058872487744087196,-0.026439548325243544,0.01,54265,25,-0.47720282190858987,0.0637629616501554,2.6300588082831078e-05
3878,vascular_parenchyma,0.05658989006443972,-0.03103538656770952,0.01,54279,25,-0.5567376626631546,0.0637587332995245,2.6305346523757825e-05
3879,vascular_parenchyma,0.0539414209180317,-0.035431145488954194,0.01,54293,25,-0.6362710352898494,0.06376198306172623,2.629270191521247e-05
3880,vascular_parenchyma,0.050958745252421264,-0.03960673689102388,0.01,54307,25,-0.7158061086919788,0.06375903550362308,2.6297885713795884e-05
3881,vascular_parenchyma,0.047648438964350455,-0.04352828127399523,0.01,54321,25,-0.7953394392413821,0.06376115742720741,2.6292298982730678e-05
3882,vascular_parenchyma,0.044041207661677545,-0.04717791823518305,0.01,54335,25,-0.874874616127563,0.06375949825965666,2.62868760174898e-05
3883,vascular_parenchyma,0.04015239574403885,-0.05052655803043312,0.01,54349,25,-0.9544078605886608,0.06376049438224665,2.6292334224600993e-05
3884,vascular_parenchyma,0.036011930562397945,-0.053557841423035754,0.01,54363,25,-1.0339430065650872,0.06376012019137649,2.625995891322231e-05
3885,vascular_parenchyma,0.031642495232862826,-0.05624929929044484,0.01,54377,25,-1.1134761295807556,0.06375998134067698,2.6264022273908996e-05
3886,vascular_parenchyma,0.02707361098881996,-0.05858547239656043,0.01,54391,25,-1.1930111331870357,0.06376087721691469,2.6280756814997216e-05
3887,vascular_parenchyma,0.022333526738467432,-0.060552000080302586,0.01,54405,25,-1.2725441363000947,0.06375958335403557,2.627588665581271e-05
3888,vascular_parenchyma,0.017451885158914673,-0.062133888949583396,0.01,54419,25,-1.3520789354930998,0.06376172604456347,2.6282675700915437e-05
3889,vascular_parenchyma,0.01246045908914915,-0.06332597360944053,0.01,54433,25,-1.4316118774331699,0.06375925259445933,2.6292604787322133e-05
3890,vascular_parenchyma,0.007389649698309164,-0.06411349103140795,0.01,54447,25,-1.5111464705527908,0.06376261908945294,2.62973915358303e-05
3891,vascular_parenchyma,0.0022725250503366884,-0.06450111095560312,0.01,54461,25,-1.5906794663937256,0.0637589471471126,2.629812722395447e-05
3892,vascular_parenchyma,-0.0028590599357925703,-0.06447428400664693,0.01,54475,25,-1.6702138978911485,0.06376352552896186,2.6291398087509398e-05
3893,vascular_parenchyma,-0.007973067221532591,-0.06404767778805093,0.01,54489,25,-1.7497470914472444,0.06375865265280958,2.629916144211478e-05
3894,vascular_parenchyma,-0.013035488572344411,-0.06320716687889388,0.01,54503,25,-1.8292814116239247,0.06376445018491261,2.630056943043209e-05
3895,vascular_parenchyma,-0.01801764186947048,-0.06197708739005432,0.01,54517,25,-1.90881492910683,0.06375839224405874,2.6279130526481127e-05
3896,vascular_parenchyma,-0.02288271415754724,-0.06034416979214724,0.01,54531,25,-1.988349149716027,0.06376543009538878,2.6281758883212294e-05
3897,vascular_parenchyma,-0.027607606207112133,-0.058341604650148156,0.01,54545,25,-2.067883065502577,0.06375821133878255,2.628148876765671e-05
3898,vascular_parenchyma,-0.03215214154232996,-0.05595748447743569,0.01,54559,25,-2.1474171437952445,0.06376570895658748,2.626275924689708e-05
3899,vascular_parenchyma,-0.036500419880121815,-0.053232325834586966,0.01,54573,25,-2.226951468027118,0.06375815601615482,2.627162745004978e-05
3900,vascular_parenchyma,-0.04060972219728921,-0.050157897285083526,0.01,54587,25,-2.306485373074383,0.0637645220714521,2.6275675534150772e-05
3901,vascular_parenchyma,-0.04447073227887997,-0.04677782582516818,0.01,54601,25,-2.3860200066559356,0.06375825596676035,2.62854669370391e-05
3902,vascular_parenchyma,-0.04804205702566174,-0.043092239383465465,0.01,54615,25,-2.465553698282702,0.06376349674947564,2.6297410827937505e-05
3903,vascular_parenchyma,-0.05131804518809626,-0.03914256133778374,0.01,54629,25,-2.545088505655646,0.0637585180978811,2.628814205762031e-05
3904,vascular_parenchyma,-0.054261516758084494,-0.03493859062273086,0.01,54643,25,-2.6246219421365087,0.06376262882433201,2.6296095437087947e-05
3905,vascular_parenchyma,-0.05686954449250668,-0.03051929959982158,0.01,54657,25,-2.704156799722969,0.06375892700424558,2.6303732728130092e-05
3906,vascular_parenchyma,-0.05911108024231396,-0.025902758177375924,0.01,54671,25,-2.7836899658162455,0.06376189132118269,2.629752919364683e-05
3907,vascular_parenchyma,-0.06098510569898261,-0.02112573293372187,0.01,54685,25,-2.8632247903913237,0.06375944540530366,2.6298345103057355e-05
3908,vascular_parenchyma,-0.06246827849944904,-0.0162128181847565,0.01,54699,25,-2.9427577224114176,0.0637612393746122,2.628084738271082e-05
3909,vascular_parenchyma,-0.06356083060785137,-0.011198999326660922,0.01,54713,25,-3.02229248958742,0.06376002507134715,2.6284918495752798e-05
3910,vascular_parenchyma,-0.06424829572698998,-0.006113375783507359,0.01,54727,25,-3.1018252834922415,0.06376062631090258,2.629564486566289e-05
3911,vascular_parenchyma,-0.06453168641781826,-0.0009897102668303163,0.01,54741,25,3.101825283492238,0.06376062631090262,2.625882817058602e-05
3912,vascular_parenchyma,-0.0644061340716205,0.004140600878189315,0.01,54755,25,3.0222924895874166,0.06376002507134722,2.6258828170586073e-05
3913,vascular_parenchyma,-0.06387317317206848,0.009244375321222936,0.01,54769,25,2.9427577224114145,0.06376123937461232,2.6295644865662834e-05
3914,vascular_parenchyma,-0.06293777615997816,0.01429022532800268,0.01,54783,25,2.863224790391321,0.06375944540530383,2.6284918495752733e-05
3915,vascular_parenchyma,-0.061601960175962714,0.01924487484629461,0.01,54797,25,2.7836899658162424,0.06376189132118287,2.628084738271087e-05
3916,vascular_parenchyma,-0.059880291217541765,0.024079249481497502,0.01,54811,25,2.7041567997229663,0.06375892700424578,2.629834510305741e-05
3917,vascular_parenchyma,-0.05777545141324221,0.028759324414545692,0.01,54825,25,2.6246219421365065,0.06376262882433222,2.6297529193646805e-05
3918,vascular_parenchyma,-0.05531087582324567,0.03326054512254472,0.01,54839,25,2.545088505655644,0.06375851809788127,2.6303732728130112e-05
3919,vascular_parenchyma,-0.052490308417392446,0.037547555177922916,0.01,54853,25,2.4655536982827004,0.06376349674947576,2.6296095437087934e-05
3920,vascular_parenchyma,-0.04934488080649974,0.04160233721366841,0.01,54867,25,2.386020006655934,0.06375825596676044,2.6288142057620285e-05
3921,vascular_parenchyma,-0.0458799896032415,0.0453877435758586,0.01,54881,25,2.3064853730743815,0.06376452207145214,2.629741082793756e-05
3922,vascular_parenchyma,-0.042132887417402565,0.048894038583859746,0.01,54895,25,2.226951468027116,0.06375815601615482,2.628546693703926e-05
3923,vascular_parenchyma,-0.03811137682032196,0.052081993284188534,0.01,54909,25,2.147417143795243,0.06376570895658742,2.6275675534150715e-05
3924,vascular_parenchyma,-0.03385691101684335,0.05495155122008864,0.01,54923,25,2.0678830655025755,0.06375821133878247,2.6271627450049643e-05
3925,vascular_parenchyma,-0.02938034685908441,0.05746115640652023,0.01,54937,25,1.9883491497160262,0.06376543009538868,2.6262759246896944e-05
3926,vascular_parenchyma,-0.024725164269257777,0.05962043361106649,0.01,54951,25,1.9088149291068288,0.06375839224405866,2.628148876765663e-05
3927,vascular_parenchyma,-0.019907661780780777,0.06138960673040867,0.01,54965,25,1.829281411623923,0.06376445018491254,2.6281758883212274e-05
3928,vascular_parenchyma,-0.014969032096739375,0.06278322229811485,0.01,54979,25,1.749747091447244,0.06375865265280951,2.6279130526480927e-05
3929,vascular_parenchyma,-0.009932403317759284,0.0637681810847401,0.01,54993,25,1.670213897891148,0.06376352552896185,2.630056943043185e-05
3930,vascular_parenchyma,-0.004835256056456941,0.06436075306448057,0.01,55007,25,1.590679466393725,0.0637589471471126,2.62991614421148e-05
3931,vascular_parenchyma,0.0002937133266570902,0.06453670028631389,0.01,55021,25,1.5111464705527897,0.06376261908945295,2.629139808750949e-05
3932,vascular_parenchyma,0.005420313200680471,0.06431321524798729,0.01,55035,25,1.4316118774331692,0.06375925259445936,2.6298127223954422e-05
3933,vascular_parenchyma,0.010512507687575048,0.06367573194782061,0.01,55049,25,1.352078935493099,0.06376172604456355,2.6297391535830283e-05
3934,vascular_parenchyma,0.015538747102393205,0.06264185523963678,0.01,55063,25,1.272544136300094,0.06375958335403568,2.6292604787322207e-05
3935,vascular_parenchyma,0.02046598228209085,0.06120701594401787,0.01,55077,25,1.1930111331870348,0.06376087721691479,2.628267570091556e-05
3936,vascular_parenchyma,0.025264597238947816,0.05938894343611072,0.01,55091,25,1.1134761295807543,0.06375998134067708,2.627588665581284e-05
3937,vascular_parenchyma,0.02990285391564289,0.057192899419152156,0.01,55105,25,1.0339430065650874,0.06376012019137658,2.6280756814997142e-05
3938,vascular_parenchyma,0.03435235410001243,0.05463668031606948,0.01,55119,25,0.9544078605886605,0.06376049438224675,2.626402227390889e-05
3939,vascular_parenchyma,0.03858489818445414,0.051734736200555326,0.01,55133,25,0.8748746161275628,0.06375949825965671,2.625995891322235e-05
3940,vascular_parenchyma,0.042572637009942634,0.04850509636836742,0.01,55147,25,0.7953394392413811,0.06376115742720743,2.629233422460113e-05
3941,vascular_parenchyma,0.04629294972553566,0.044970310318401346,0.01,55161,25,0.7158061086919786,0.0637590355036231,2.6286876017489758e-05
3942,vascular_parenchyma,0.04971796701374757,0.041149010652745205,0.01,55175,25,0.6362710352898487,0.06376198306172623,2.629229898273057e-05
3943,vascular_parenchyma,0.052832417922929205,0.037070356446339624,0.01,55189,25,0.5567376626631539,0.06375873329952449,2.6297885713795898e-05
3944,vascular_parenchyma,0.055607989526883894,0.032754127725028524,0.01,55203,25,0.47720282190858915,0.06376296165015538,2.629270191521241e-05
3945,vascular_parenchyma,0.058038188013021824,0.02823426034982537,0.01,55217,25,0.3976694321546594,0.06375857043569298,2.6305346523757778e-05
3946,vascular_parenchyma,0.06009401643624556,0.023532360218048037,0.01,55231,25,0.31813491936434246,0.0637640608255419,2.6300588082830983e-05
3947,vascular_parenchyma,0.06177878121713548,0.01868503840299241,0.01,55245,25,0.23860149120846658,0.06375850535895555,2.6281884806427122e-05
3948,vascular_parenchyma,0.06306277563155781,0.013716494254367181,0.01,55259,25,0.15906734550885868,0.06376523337942437,2.6294075692325833e-05
3949,vascular_parenchyma,0.06395967927422684,0.008663725827057885,0.01,55273,25,0.07953379779904016,0.06375848989079688,2.628889744085429e-05
3950,vascular_parenchyma,0.06443928351079672,0.003554329319347048,0.01,55287,25,5.806487539091269e-16,0.06376643525456543,2.6266347987153042e-05
3951,vascular_parenchyma,0.05927920776001174,-0.0016086981798502722,0.01,55301,26,-0.08607123070173636,0.058584481556871904,2.603839295176218e-05
3952,vascular_parenchyma,0.058987379119865485,-0.006672792883500694,0.01,55315,26,-0.17214142659714923,0.05858302321036017,2.6032205205010378e-05
3953,vascular_parenchyma,0.058195418516623486,-0.011718219072981147,0.01,55329,26,-0.2582119121595468,0.05858593231193175,2.6059840862387998e-05
3954,vascular_parenchyma,0.05697598950529279,-0.01667820646739013,0.01,55343,26,-0.3442837120621641,0.05858761430809687,2.6050151229154816e-05
3955,vascular_parenchyma,0.05533165667429619,-0.021515137135542095,0.01,55357,26,-0.4303546918062869,0.05858327600473208,2.60671304394633e-05
3956,vascular_parenchyma,0.05327306014107691,-0.02619025901162639,0.01,55371,26,-0.5164251487297797,0.058583326499894096,2.6068696291804255e-05
3957,vascular_parenchyma,0.05082598966299269,-0.030673013504408177,0.01,55385,26,-0.6024963654871968,0.05858777216130175,2.607068161689614e-05
3958,vascular_parenchyma,0.048004286088885746,-0.03493117793874245,0.01,55399,26,-0.6885684568740525,0.05858541688151541,2.6072065376141726e-05
3959,vascular_parenchyma,0.044820662482549026,-0.038926802830749556,0.01,55413,26,-0.774639337796107,0.05858266413661344,2.606809938776404e-05
3960,vascular_parenchyma,0.04130710471237759,-0.0426339920920065,0.01,55427,26,-0.8607100607677654,0.05858431576225457,2.6059342863109417e-05
3961,vascular_parenchyma,0.03749153068327181,-0.04602892042715989,0.01,55441,26,-0.9467818842084526,0.0585895706934653,2.6059451978854794e-05
3962,vascular_parenchyma,0.03339781467497138,-0.04908517818713798,0.01,55455,26,-1.032853490443695,0.058584025426533355,2.605024939102234e-05
3963,vascular_parenchyma,0.02905078948918566,-0.05176915333669525,0.01,55469,26,-1.1189240179163258,0.05858287654323046,2.6033880867331692e-05
3964,vascular_parenchyma,0.024493640265850776,-0.05407475654670285,0.01,55483,26,-1.204994746725267,0.058586118241471155,2.6044577092442606e-05
3965,vascular_parenchyma,0.019755918310576322,-0.05598347449337559,0.01,55497,26,-1.2910665908551888,0.058587342084409195,2.606132805172234e-05
3966,vascular_parenchyma,0.014869634859915399,-0.05747480127323434,0.01,55511,26,-1.3771373557110478,0.058583340144330254,2.6061300308806655e-05
3967,vascular_parenchyma,0.009872936712241312,-0.05853625588832106,0.01,55525,26,-1.4632075011933008,0.058583707064506454,2.60710096902502e-05
3968,vascular_parenchyma,0.004805220979517901,-0.059169932984060356,0.01,55539,26,-1.5492783498202443,0.0585884376775839,2.6076805599910103e-05
3969,vascular_parenchyma,-0.00029924309309525387,-0.059368200034134205,0.01,55553,26,-1.6353499001837022,0.058585527214149814,2.6077070259365923e-05
3970,vascular_parenchyma,-0.00540202516409379,-0.05911863097940061,0.01,55567,26,-1.7214202313782174,0.058582977908448436,2.60796143377553e-05
3971,vascular_parenchyma,-0.010463485712560143,-0.05843366826257665,0.01,55581,26,-1.807490521660609,0.058584794753106094,2.6073896495108336e-05
3972,vascular_parenchyma,-0.015448113590792666,-0.05732084987688287,0.01,55595,26,-1.893562064948173,0.058589383316862746,2.6070064707694734e-05
3973,vascular_parenchyma,-0.020320144635289885,-0.055783761524808635,0.01,55609,26,-1.9796333775196417,0.05858394919110783,2.60603692645503e-05
3974,vascular_parenchyma,-0.02503825627359893,-0.05382447511116906,0.01,55623,26,-2.065703844725847,0.05858290194894894,2.6064599664263188e-05
3975,vascular_parenchyma,-0.029572123075676193,-0.05147342987465774,0.01,55637,26,-2.1517747518741013,0.05858624847170423,2.6032022916799613e-05
3976,vascular_parenchyma,-0.03388942207807991,-0.04874379676276216,0.01,55651,26,-2.2378468952645783,0.05858679325533002,2.6054119757640323e-05
3977,vascular_parenchyma,-0.03795433844461123,-0.04564922936407723,0.01,55665,26,-2.323918012940793,0.05858293964224406,2.6054033440463284e-05
3978,vascular_parenchyma,-0.04173543316593884,-0.04221469228756954,0.01,55679,26,-2.4099886565422595,0.058583490225906476,2.6066000916694544e-05
3979,vascular_parenchyma,-0.04521088781490257,-0.03847243708072662,0.01,55693,26,-2.496060090213251,0.0585884446868936,2.6063301536987394e-05
3980,vascular_parenchyma,-0.04835445481253045,-0.03444582074645944,0.01,55707,26,-2.5821320697102585,0.05858499976048626,2.607426705722224e-05
3981,vascular_parenchyma,-0.05113302777412584,-0.030158597527069418,0.01,55721,26,-2.6682027467224416,0.0585827522573873,2.6070275180491335e-05
3982,vascular_parenchyma,-0.05353489464465317,-0.02565107961112459,0.01,55735,26,-2.754273304054492,0.05858489699162252,2.6069514908120577e-05
3983,vascular_parenchyma,-0.055544522597931446,-0.020955662245523626,0.01,55749,26,-2.840344977027186,0.05858902627972628,2.6067538151938708e-05
3984,vascular_parenchyma,-0.057143393839280375,-0.016103549382874727,0.01,55763,26,-2.926416101650599,0.05858393123513386,2.6055819670455747e-05
3985,vascular_parenchyma,-0.05831055925784806,-0.01113000582524248,0.01,55777,26,-3.0124862777261137,0.05858320645854115,2.6051385085219715e-05
3986,vascular_parenchyma,-0.05905203416289746,-0.006076931340964946,0.01,55791,26,-3.098556825595045,0.05858684655659993,2.6043085348375246e-05
3987,vascular_parenchyma,-0.05935958229389793,-0.0009782836456813488,0.01,55805,26,3.098556825595041,0.05858684655659995,2.6025613623441487e-05
3988,vascular_parenchyma,-0.059222782808419756,0.0041287059883457575,0.01,55819,26,3.01248627772611,0.058583206458541245,2.602561362344172e-05
3989,vascular_parenchyma,-0.05864514019599945,0.00920396065584002,0.01,55833,26,2.9264161016505956,0.058583931235133994,2.6043085348375158e-05
3990,vascular_parenchyma,-0.05763901950630803,0.014211062364562651,0.01,55847,26,2.840344977027182,0.05858902627972645,2.6051385085219705e-05
3991,vascular_parenchyma,-0.05620803195165192,0.019115022971594734,0.01,55861,26,2.75427330405449,0.05858489699162271,2.605581967045558e-05
3992,vascular_parenchyma,-0.054351652453725335,0.023874726454383585,0.01,55875,26,2.668202746722439,0.0585827522573875,2.606753815193862e-05
3993,vascular_parenchyma,-0.05209727307775497,0.028457700224384375,0.01,55889,26,2.5821320697102554,0.058584999760486436,2.606951490812074e-05
3994,vascular_parenchyma,-0.049460934732105166,0.03283216815363082,0.01,55903,26,2.4960600902132484,0.05858844468689374,2.607027518049145e-05
3995,vascular_parenchyma,-0.04645692393041779,0.0369644020113414,0.01,55917,26,2.4099886565422572,0.05858349022590657,2.6074267057222156e-05
3996,vascular_parenchyma,-0.04310294424423873,0.040817740672861855,0.01,55931,26,2.323918012940791,0.05858293964224411,2.606330153698737e-05
3997,vascular_parenchyma,-0.039435557476470276,0.04437210899497145,0.01,55945,26,2.237846895264576,0.05858679325533003,2.606600091669462e-05
3998,vascular_parenchyma,-0.03547751501333842,0.047600951866556405,0.01,55959,26,2.1517747518741,0.0585862484717042,2.6054033440463287e-05
3999,vascular_parenchyma,-0.03125275548142313,0.05047349739999963,0.01,55973,26,2.0657038447258453,0.058582901948948864,2.605411975764027e-05
4000,vascular_parenchyma,-0.02679675889028908,0.052970503244555135,0.01,55987,26,1.9796333775196393,0.05858394919110775,2.6032022916799566e-05
4001,vascular_parenchyma,-0.02214555957702127,0.055079935527906396,0.01,56001,26,1.8935620649481717,0.058589383316862656,2.606459966426297e-05
4002,vascular_parenchyma,-0.017329672649250227,0.05678423758004296,0.01,56015,26,1.8074905216606074,0.05858479475310604,2.6060369264550142e-05
4003,vascular_parenchyma,-0.012382176532176903,0.05805834902196162,0.01,56029,26,1.7214202313782163,0.058582977908448394,2.6070064707694582e-05
4004,vascular_parenchyma,-0.007345832751380154,0.058907076173400734,0.01,56043,26,1.6353499001837017,0.058585527214149814,2.6073896495108132e-05
4005,vascular_parenchyma,-0.0022553123820555914,0.05932374973461881,0.01,56057,26,1.5492783498202432,0.05858843767758393,2.6079614337755308e-05
4006,vascular_parenchyma,0.0028534056834458544,0.05929978418685495,0.01,56071,26,1.4632075011933001,0.0585837070645065,2.6077070259366035e-05
4007,vascular_parenchyma,0.007940207793351438,0.0588297378731683,0.01,56085,26,1.3771373557110471,0.05858334014433032,2.6076805599910026e-05
4008,vascular_parenchyma,0.012967598069409312,0.05793049510976563,0.01,56099,26,1.2910665908551877,0.0585873420844093,2.60710096902503e-05
4009,vascular_parenchyma,0.017900692537267136,0.05660499417223307,0.01,56113,26,1.2049947467252664,0.05858611824147128,2.606130030880678e-05
4010,vascular_parenchyma,0.022700174727309192,0.054854214032316044,0.01,56127,26,1.1189240179163245,0.05858287654323056,2.6061328051722475e-05
4011,vascular_parenchyma,0.027330244067237112,0.0526972392472304,0.01,56141,26,1.0328534904436948,0.05858402542653345,2.6044577092442596e-05
4012,vascular_parenchyma,0.03175987818418649,0.050155240861062336,0.01,56155,26,0.9467818842084531,0.05858957069346538,2.6033880867331418e-05
4013,vascular_parenchyma,0.035956968371427825,0.04724273215148376,0.01,56169,26,0.8607100607677655,0.05858431576225463,2.6050249391022346e-05
4014,vascular_parenchyma,0.039881361164363104,0.04397159563315391,0.01,56183,26,0.7746393377961075,0.05858266413661348,2.6059451978854824e-05
4015,vascular_parenchyma,0.04351301571760216,0.04038058762910736,0.01,56197,26,0.6885684568740532,0.05858541688151542,2.6059342863109288e-05
4016,vascular_parenchyma,0.04682565799776724,0.036492903075143454,0.01,56211,26,0.6024963654871973,0.05858777216130175,2.6068099387764025e-05
4017,vascular_parenchyma,0.049790779993066414,0.03233265632699667,0.01,56225,26,0.5164251487297806,0.058583326499894076,2.6072065376141695e-05
4018,vascular_parenchyma,0.05238183558772667,0.027930164894864964,0.01,56239,26,0.43035469180628766,0.05858327600473207,2.6070681616896093e-05
4019,vascular_parenchyma,0.054589847964127136,0.023324958876308775,0.01,56253,26,0.34428371206216524,0.058587614308096864,2.6068696291804194e-05
4020,vascular_parenchyma,0.05639677578903659,0.01854707441588825,0.01,56267,26,0.2582119121595482,0.058585932311931745,2.606713043946326e-05
4021,vascular_parenchyma,0.05777983208411769,0.013628991462695906,0.01,56281,26,0.1721414265971495,0.05858302321036017,2.6050151229154944e-05
4022,vascular_parenchyma,0.05873512542898742,0.008611357073288972,0.01,56295,26,0.08607123070173675,0.058584481556871904,2.605984086238811e-05
4023,vascular_parenchyma,0.05926072068593425,0.003531271050910043,0.01,56309,26,7.529079629107079e-16,0.05859030244980854,2.60277819758639e-05
4024,vascular_parenchyma,0.054113935380151044,-0.0016106595301573412,0.01,56323,27,-0.09377871834494395,0.05342884377648468,2.5791594360181034e-05
4025,vascular_parenchyma,0.05380214153361633,-0.006644110229837116,0.01,56337,27,-0.18755745531027693,0.05342808256910404,2.5865219027681697e-05
4026,vascular_parenchyma,0.052942832278899975,-0.011652876397851692,0.01,56351,27,-0.28133625008519536,0.053427350797340865,2.5928458523337964e-05
4027,vascular_parenchyma,0.0516183178456591,-0.016559109316652026,0.01,56365,27,-0.3751151288863132,0.053426656900994705,2.5973350164836458e-05
4028,vascular_parenchyma,0.049840255623324385,-0.021319708803026683,0.01,56379,27,-0.46889410213032706,0.05342601022488784,2.594890676441728e-05
4029,vascular_parenchyma,0.04762428618942282,-0.025892857695036166,0.01,56393,27,-0.5626731640171653,0.05342541966384277,2.5940643714395392e-05
4030,vascular_parenchyma,0.044989894288622975,-0.030238388369551346,0.01,56407,27,-0.6564522943685519,0.05342489249003538,2.5874376854071102e-05
4031,vascular_parenchyma,0.04196023658026785,-0.03431813431715506,0.01,56421,27,-0.7502314622711173,0.05342443350622096,2.5769112823677213e-05
4032,vascular_parenchyma,0.038561937852152346,-0.03809626398080859,0.01,56435,27,-0.8440106307665892,0.05342404478808589,2.563184039953471e-05
4033,vascular_parenchyma,0.034824857607272615,-0.04153959437561559,0.01,56449,27,-0.9377897613640307,0.05342372604453682,2.57282195985205e-05
4034,vascular_parenchyma,0.030781828674323098,-0.044617881970777054,0.01,56463,27,-1.0315688181495732,0.05342347452543976,2.5942498628591687e-05
4035,vascular_parenchyma,0.02646836934435199,-0.047304087544543745,0.01,56477,27,-1.1253477724302363,0.05342328474854401,2.6111648725631314e-05
4036,vascular_parenchyma,0.02192237216590849,-0.0495746129229888,0.01,56491,27,-1.2191266072677003,0.05342314894688796,2.610320001130582e-05
4037,vascular_parenchyma,0.017183772435358704,-0.051409508373824686,0.01,56505,27,-1.3129053207327999,0.05342305801242238,2.60538982762381e-05
4038,vascular_parenchyma,0.01229419866041629,-0.05279264870763491,0.01,56519,27,-1.4066839272260967,0.053423002729109284,2.5968866286543767e-05
4039,vascular_parenchyma,0.00729660773739856,-0.05371187633842838,0.01,56533,27,-1.5004624564793467,0.05342297513830305,2.5802815377368005e-05
4040,vascular_parenchyma,0.002234907853273634,-0.05415910980291885,0.01,56547,27,-1.5942409501406865,0.0534229699341029,2.5670454861625558e-05
4041,vascular_parenchyma,-0.002846427654279698,-0.05413041656503706,0.01,56561,27,-1.688019455793977,0.05342298593487275,2.5593352461585607e-05
4042,vascular_parenchyma,-0.00790275216945565,-0.053626049188394434,0.01,56575,27,-1.7817980189719946,0.053423026548691854,2.5737632750185138e-05
4043,vascular_parenchyma,-0.01288963971805756,-0.05265044317236743,0.01,56589,27,-1.875576675945841,0.05342309859145151,2.588189604237446e-05
4044,vascular_parenchyma,-0.017763276476180766,-0.051212176190009964,0.01,56603,27,-1.9693554490595142,0.053423210820267415,2.603487956738702e-05
4045,vascular_parenchyma,-0.022480846022428388,-0.049323890821021225,0.01,56617,27,-2.0631343445286165,0.05342337256153135,2.607084652373051e-05
4046,vascular_parenchyma,-0.027000905137680147,-0.04700218180684234,0.01,56631,27,-2.156913352633235,0.053423592387267106,2.6132959693395594e-05
4047,vascular_parenchyma,-0.031283746954438196,-0.04426744888209405,0.01,56645,27,-2.2506924500712615,0.053423877012428324,2.6029518633121276e-05
4048,vascular_parenchyma,-0.03529174847692697,-0.04114371676738719,0.01,56659,27,-2.344471603958548,0.05342423055948233,2.5848835314336784e-05
4049,vascular_parenchyma,-0.03898969973994966,-0.03765842406872634,0.01,56673,27,-2.4382507765827257,0.05342465449130104,2.5630275350526238e-05
4050,vascular_parenchyma,-0.04234511219034636,-0.033842182996182156,0.01,56687,27,-2.5320299297375515,0.05342514795032497,2.57104101693926e-05
4051,vascular_parenchyma,-0.04532850357450917,-0.029728511404870067,0.01,56701,27,-2.62580902892789,0.053425707515015054,2.5814214849657878e-05
4052,vascular_parenchyma,-0.04791365611871262,-0.025353538970335317,0.01,56715,27,-2.719588048107776,0.05342632707319405,2.5922519625759112e-05
4053,vascular_parenchyma,-0.050077846334475366,-0.02075569086285434,0.01,56729,27,-2.8133669739637877,0.053426998422205184,2.5940239905937522e-05
4054,vascular_parenchyma,-0.05180204504886264,-0.01597535166109634,0.01,56743,27,-2.90714580871808,0.05342771229392651,2.5969670381074574e-05
4055,vascular_parenchyma,-0.05307108568712369,-0.011054511850506446,0.01,56757,27,-3.000924570873562,0.05342845963930622,2.595822706477618e-05
4056,vascular_parenchyma,-0.053873799140522115,-0.006036399738047444,0.01,56771,27,-3.094703293592685,0.05342923300035081,2.5898558165411655e-05
4057,vascular_parenchyma,-0.054202992025054735,-0.0009650359978509023,0.01,56785,27,3.094703293592689,0.053429233000350844,2.581707407579833e-05
4058,vascular_parenchyma,-0.054054943329035515,0.004114949745874855,0.01,56799,27,3.000924570873566,0.0534284596393063,2.5817074075798098e-05
4059,vascular_parenchyma,-0.053431206640395544,0.009158576369055853,0.01,56813,27,2.907145808718084,0.05342771229392665,2.589855816541187e-05
4060,vascular_parenchyma,-0.05233809115059925,0.014121528975631237,0.01,56827,27,2.813366973963792,0.05342699842220537,2.5958227064776254e-05
4061,vascular_parenchyma,-0.050785093940058944,0.018960261287648876,0.01,56841,27,2.7195880481077803,0.05342632707319426,2.5969670381074523e-05
4062,vascular_parenchyma,-0.04878587921375978,0.02363226799468534,0.01,56855,27,2.625809028927895,0.05342570751501524,2.594023990593753e-05
4063,vascular_parenchyma,-0.0463580291141097,0.02809651174798609,0.01,56869,27,2.5320299297375564,0.05342514795032512,2.5922519625759112e-05
4064,vascular_parenchyma,-0.043522887882067006,0.032313782571999294,0.01,56883,27,2.4382507765827306,0.05342465449130115,2.5814214849657824e-05
4065,vascular_parenchyma,-0.040305373613813686,0.03624704090794899,0.01,56897,27,2.3444716039585525,0.0534242305594824,2.5710410169392472e-05
4066,vascular_parenchyma,-0.0367337594161447,0.03986174163363021,0.01,56911,27,2.2506924500712655,0.053423877012428345,2.5630275350526312e-05
4067,vascular_parenchyma,-0.03283942584035633,0.043126136683183686,0.01,56925,27,2.1569133526332394,0.05342359238726708,2.584883531433687e-05
4068,vascular_parenchyma,-0.0286565859788868,0.046011553306984684,0.01,56939,27,2.0631343445286205,0.05342337256153129,2.602951863312115e-05
4069,vascular_parenchyma,-0.02422198547724578,0.048492645009083374,0.01,56953,27,1.9693554490595184,0.05342321082026733,2.61329596933956e-05
4070,vascular_parenchyma,-0.019574580885715665,0.05054761382542683,0.01,56967,27,1.8755766759458452,0.053423098591451425,2.6070846523730477e-05
4071,vascular_parenchyma,-0.014755198824508457,0.05215840231409073,0.01,56981,27,1.781798018971999,0.053423026548691806,2.6034879567386974e-05
4072,vascular_parenchyma,-0.009806178439489327,0.053310853332762885,0.01,56995,27,1.6880194557939816,0.05342298593487273,2.588189604237433e-05
4073,vascular_parenchyma,-0.0047710000526667625,0.053994836004009415,0.01,57009,27,1.594240950140691,0.05342296993410291,2.573763275018502e-05
4074,vascular_parenchyma,0.0003060968707825557,0.0542043364897139,0.01,57023,27,1.5004624564793503,0.05342297513830308,2.5593352461585675e-05
4075,vascular_parenchyma,0.005380503143506837,0.05393751263135254,0.01,57037,27,1.4066839272261005,0.053423002729109346,2.5670454861625728e-05
4076,vascular_parenchyma,0.010407633276062214,0.05319671118610732,0.01,57051,27,1.3129053207328036,0.05342305801242248,2.5802815377368056e-05
4077,vascular_parenchyma,0.015343318746021163,0.05198844615855635,0.01,57065,27,1.2191266072677043,0.05342314894688806,2.5968866286543807e-05
4078,vascular_parenchyma,0.02014419678931451,0.05032333956517255,0.01,57079,27,1.125347772430239,0.05342328474854411,2.6053898276238257e-05
4079,vascular_parenchyma,0.024768091329170495,0.048216026348556665,0.01,57093,27,1.0315688181495772,0.05342347452543986,2.610320001130584e-05
4080,vascular_parenchyma,0.029174382840853302,0.04568502423721564,0.01,57107,27,0.937789761364034,0.05342372604453691,2.6111648725631253e-05
4081,vascular_parenchyma,0.033324364043241024,0.04275256995017968,0.01,57121,27,0.844010630766592,0.053424044788085955,2.594249862859179e-05
4082,vascular_parenchyma,0.03718157856052723,0.039444423407681346,0.01,57135,27,0.7502314622711215,0.05342443350622099,2.5728219598520366e-05
4083,vascular_parenchyma,0.040712139978995185,0.035789641807563936,0.01,57149,27,0.656452294368555,0.05342489249003538,2.5631840399534708e-05
4084,vascular_parenchyma,0.04388502889492402,0.03182032536092476,0.01,57163,27,0.5626731640171682,0.053425419663842746,2.57691128236774e-05
4085,vascular_parenchyma,0.04667236478330626,0.027571336050809924,0.01,57177,27,0.4688941021303297,0.05342601022488784,2.5874376854071102e-05
4086,vascular_parenchyma,0.049049650102250646,0.023079992118370266,0.01,57191,27,0.37511512888631615,0.05342665690099469,2.594064371439538e-05
4087,vascular_parenchyma,0.050995985452428276,0.018385741591467688,0.01,57205,27,0.2813362500851977,0.05342735079734085,2.594890676441731e-05
4088,vascular_parenchyma,0.05249425396515761,0.013529817163203983,0.01,57219,27,0.18755745531027904,0.05342808256910403,2.5973350164836526e-05
4089,vascular_parenchyma,0.05353127307224952,0.008554875030985273,0.01,57233,27,0.09377871834494647,0.053428843776484665,2.592845852333795e-05
4090,vascular_parenchyma,0.05409791210781498,0.003504620652880041,0.01,57247,27,9.700682918076897e-16,0.05342962825919707,2.5863529591672968e-05
4091,vascular_parenchyma,0.04895690104834875,-0.0016156106019228746,0.01,57261,28,-0.10649398437141777,0.04827872212382059,2.633290089640472e-05
4092,vascular_parenchyma,0.04859188135205046,-0.006780415367875421,0.01,57275,28,-0.21298915094541565,0.04827974186189287,2.6331451766234508e-05
4093,vascular_parenchyma,0.04759813488488016,-0.011906940218253947,0.01,57289,28,-0.3194827330126873,0.048281723695562356,2.629788472301135e-05
4094,vascular_parenchyma,0.046063977317348674,-0.01689952991600708,0.01,57303,28,-0.42597777021594935,0.04827815344397935,2.6312406023245358e-05
4095,vascular_parenchyma,0.044003641872096565,-0.02169862800361463,0.01,57317,28,-0.5324730379875917,0.04828128159846465,2.6348044486850316e-05
4096,vascular_parenchyma,0.04145094582532012,-0.02625464261523502,0.01,57331,28,-0.6389670162832507,0.04827969759562335,2.6363611549177866e-05
4097,vascular_parenchyma,0.038423414541844336,-0.03051075376024362,0.01,57345,28,-0.7454627979311419,0.048278304200071585,2.648529896355134e-05
4098,vascular_parenchyma,0.034962704387351565,-0.03442149987310493,0.01,57359,28,-0.851957638538024,0.04828363104623315,2.6566852260715288e-05
4099,vascular_parenchyma,0.031108777419389194,-0.037946571505121145,0.01,57373,28,-0.9584522008657956,0.04827854613417486,2.6446788486763234e-05
4100,vascular_parenchyma,0.026895479372715046,-0.0410337192086598,0.01,57387,28,-1.0649479193353133,0.048279360741463766,2.6215750502215105e-05
4101,vascular_parenchyma,0.022382911901281683,-0.043661562430099346,0.01,57401,28,-1.1714418224971899,0.048281987443264104,2.603662589045039e-05
4102,vascular_parenchyma,0.017615644812855557,-0.04579526389675009,0.01,57415,28,-1.277936742339848,0.0482782558436548,2.6157271338609347e-05
4103,vascular_parenchyma,0.012647058818773293,-0.047404724468081263,0.01,57429,28,-1.3844317350086208,0.048281206671114206,2.6240278126565662e-05
4104,vascular_parenchyma,0.007537405438767401,-0.04848374541947344,0.01,57443,28,-1.490925103745848,0.04828022194737854,2.6401965823747147e-05
4105,vascular_parenchyma,0.0023407871040731824,-0.04900858951919791,0.01,57457,28,-1.597420135265536,0.04827855683711195,2.6553421072930214e-05
4106,vascular_parenchyma,-0.0028813249436888417,-0.04897901770928032,0.01,57471,28,-1.703914369120931,0.04828355254477677,2.6622281555425127e-05
4107,vascular_parenchyma,-0.008071951911827992,-0.04839974842656585,0.01,57485,28,-1.8104082229691314,0.048278896835967686,2.649174059924103e-05
4108,vascular_parenchyma,-0.013169819721984707,-0.047262280623383245,0.01,57499,28,-1.9169035840171877,0.04827928573559854,2.630877683373977e-05
4109,vascular_parenchyma,-0.018118912986099852,-0.04559631090915004,0.01,57513,28,-2.0233974731550988,0.04828228398484139,2.6194380623871217e-05
4110,vascular_parenchyma,-0.022864131096177232,-0.04341401528173946,0.01,57527,28,-2.1298925320929016,0.04827811463528537,2.6083408001327277e-05
4111,vascular_parenchyma,-0.02734702427453161,-0.040734136538410966,0.01,57541,28,-2.236388082105692,0.04828065700904193,2.6093105316712734e-05
4112,vascular_parenchyma,-0.03152360759466147,-0.03759913522692199,0.01,57555,28,-2.342882108881672,0.048280127833631635,2.6341902066501588e-05
4113,vascular_parenchyma,-0.03534092849279072,-0.034034290388358514,0.01,57569,28,-2.4493778355357216,0.048278161141139905,2.654111914863269e-05
4114,vascular_parenchyma,-0.03875723027450211,-0.030084488423901698,0.01,57583,28,-2.5558728399844868,0.04828291360833239,2.652158438435951e-05
4115,vascular_parenchyma,-0.041739237984475104,-0.025796724436765565,0.01,57597,28,-2.6623670713511713,0.048278879547249666,2.642615599698922e-05
4116,vascular_parenchyma,-0.044240750214640454,-0.021211514745155886,0.01,57611,28,-2.768862633526444,0.04827910199962479,2.6350949665705138e-05
4117,vascular_parenchyma,-0.04624587446328266,-0.01638983921735242,0.01,57625,28,-2.875356476090029,0.048282753237681574,2.634262481446903e-05
4118,vascular_parenchyma,-0.047728941203360256,-0.011381841940541123,0.01,57639,28,-2.98185103259889,0.04827839819041507,2.6283960076068432e-05
4119,vascular_parenchyma,-0.04866387666716194,-0.006243269090866616,0.01,57653,28,-3.088346008511559,0.04828071141314984,2.6321415127652818e-05
4120,vascular_parenchyma,-0.049054764017534606,-0.0010357107407321677,0.01,57667,28,3.088346008511554,0.048280711413149865,2.633456707885119e-05
4121,vascular_parenchyma,-0.04888622751456795,0.004184594746781614,0.01,57681,28,2.9818510325988847,0.04827839819041517,2.6334567078851344e-05
4122,vascular_parenchyma,-0.04816290491139281,0.00935661172159454,0.01,57695,28,2.875356476090024,0.04828275323768175,2.6321415127652794e-05
4123,vascular_parenchyma,-0.04689948595053373,0.014424189557093965,0.01,57709,28,2.7688626335264392,0.048279101999625,2.6283960076068412e-05
4124,vascular_parenchyma,-0.04509643305297605,0.019326275744958377,0.01,57723,28,2.6623670713511673,0.04827887954724987,2.6342624814469e-05
4125,vascular_parenchyma,-0.04278778161706588,0.02401022110539594,0.01,57737,28,2.555872839984483,0.048282913608332555,2.6350949665705148e-05
4126,vascular_parenchyma,-0.039995861542722756,0.028424368556262895,0.01,57751,28,2.4493778355357185,0.04827816114114003,2.642615599698932e-05
4127,vascular_parenchyma,-0.03674394208804043,0.03251153307009996,0.01,57765,28,2.3428821088816685,0.04828012783363172,2.6521584384359628e-05
4128,vascular_parenchyma,-0.033082192894592626,0.03623474228145195,0.01,57779,28,2.2363880821056896,0.04828065700904195,2.6541119148632623e-05
4129,vascular_parenchyma,-0.029042921910496573,0.03954594635611886,0.01,57793,28,2.1298925320928994,0.04827811463528535,2.634190206650131e-05
4130,vascular_parenchyma,-0.024674048874176818,0.0424071809327662,0.01,57807,28,2.023397473155097,0.04828228398484133,2.6093105316712537e-05
4131,vascular_parenchyma,-0.02002840393399708,0.04479333630965823,0.01,57821,28,1.916903584017186,0.04827928573559847,2.6083408001327243e-05
4132,vascular_parenchyma,-0.015152165105505846,0.04666508686760731,0.01,57835,28,1.810408222969129,0.04827889683596764,2.6194380623871238e-05
4133,vascular_parenchyma,-0.010106830748261528,0.04801192959672722,0.01,57849,28,1.7039143691209282,0.04828355254477675,2.6308776833739838e-05
4134,vascular_parenchyma,-0.0049464454717960595,0.0488181794599567,0.01,57863,28,1.597420135265533,0.04827855683711196,2.6491740599241124e-05
4135,vascular_parenchyma,0.0002709755094581699,0.04906194472221808,0.01,57877,28,1.4909251037458446,0.04828022194737859,2.6622281555425188e-05
4136,vascular_parenchyma,0.0054841897907191555,0.04875780158892093,0.01,57891,28,1.3844317350086177,0.04828120667111428,2.655342107293016e-05
4137,vascular_parenchyma,0.010636081553452062,0.04789886819075914,0.01,57905,28,1.2779367423398449,0.04827825584365489,2.6401965823747137e-05
4138,vascular_parenchyma,0.015666254456071282,0.046494596597885796,0.01,57919,28,1.1714418224971874,0.048281987443264215,2.624027812656565e-05
4139,vascular_parenchyma,0.02052103420713839,0.04456946313644099,0.01,57933,28,1.0649479193353113,0.04827936074146386,2.615727133860934e-05
4140,vascular_parenchyma,0.0251408729441025,0.042132665467361774,0.01,57947,28,0.9584522008657936,0.04827854613417495,2.603662589045041e-05
4141,vascular_parenchyma,0.029476659030169963,0.03922225940719404,0.01,57961,28,0.851957638538023,0.04828363104623321,2.621575050221505e-05
4142,vascular_parenchyma,0.03348187901962241,0.03586997240289759,0.01,57975,28,0.7454627979311405,0.04827830420007163,2.644678848676325e-05
4143,vascular_parenchyma,0.037100803008048334,0.03210365403600535,0.01,57989,28,0.6389670162832499,0.048279697595623346,2.656685226071522e-05
4144,vascular_parenchyma,0.0403047238827504,0.02798003247961934,0.01,58003,28,0.5324730379875917,0.04828128159846465,2.648529896355114e-05
4145,vascular_parenchyma,0.0430514056111475,0.023537584737615528,0.01,58017,28,0.42597777021594907,0.048278153443979344,2.636361154917773e-05
4146,vascular_parenchyma,0.045306782221326815,0.01882709526540792,0.01,58031,28,0.3194827330126868,0.04828172369556234,2.6348044486850397e-05
4147,vascular_parenchyma,0.04705484309651376,0.01390585992015508,0.01,58045,28,0.21298915094541512,0.048279741861892864,2.6312406023245344e-05
4148,vascular_parenchyma,0.04826380767791403,0.008824610779501587,0.01,58059,28,0.10649398437141744,0.048278722123820575,2.629788472301131e-05
4149,vascular_parenchyma,0.04892847070451805,0.003645039370616027,0.01,58073,28,-3.4776565265122096e-16,0.04828436648814172,2.6323726897737913e-05
4150,vascular_parenchyma,0.04381776494405164,-0.0016194263175616508,0.01,58087,29,-0.11855072410452334,0.04315046983521394,2.615530970099439e-05
4151,vascular_parenchyma,0.043414210430505994,-0.006759278906393838,0.01,58101,29,-0.23710058353249175,0.04314902380032503,2.6179192388130913e-05
4152,vascular_parenchyma,0.04230950486789321,-0.011846015833951735,0.01,58115,29,-0.3556505828394273,0.043150146240984476,2.6206339147614133e-05
4153,vascular_parenchyma,0.04061340868655471,-0.01676723109383883,0.01,58129,29,-0.4742016834784324,0.043153853455446735,2.6223645158576305e-05
4154,vascular_parenchyma,0.0383477479147421,-0.02145471010005008,0.01,58143,29,-0.5927531833717656,0.04315042204115034,2.6225198905804483e-05
4155,vascular_parenchyma,0.035537306620426035,-0.025837613566446333,0.01,58157,29,-0.7113037974405858,0.043148792728352064,2.6226579294561044e-05
4156,vascular_parenchyma,0.032231470890846825,-0.029858501809832697,0.01,58171,29,-0.8298543615135371,0.04314978396044307,2.6212738198871194e-05
4157,vascular_parenchyma,0.028475281813367604,-0.03346210597679765,0.01,58185,29,-0.9484057124853813,0.0431533962399497,2.6210789767811084e-05
4158,vascular_parenchyma,0.02431927672059897,-0.03659775140635176,0.01,58199,29,-1.066957340170693,0.04315069634025128,2.6176392672742858e-05
4159,vascular_parenchyma,0.019817970347252592,-0.03921432261079337,0.01,58213,29,-1.1855077229090942,0.043148977911347156,2.614224674073376e-05
4160,vascular_parenchyma,0.015040683110844954,-0.04128182652756056,0.01,58227,29,-1.3040577185533122,0.043149848837085364,2.6190704713988863e-05
4161,vascular_parenchyma,0.010053415778336915,-0.04277247850584481,0.01,58241,29,-1.4226082773383455,0.043153292194288706,2.6202491166350715e-05
4162,vascular_parenchyma,0.004924242344077984,-0.04366429663919686,0.01,58255,29,-1.5411592740383329,0.04315117628085931,2.6228359074652187e-05
4163,vascular_parenchyma,-0.000275138452305842,-0.04393729016450039,0.01,58269,29,-1.6597091653274707,0.04314917552037804,2.6227157516475874e-05
4164,vascular_parenchyma,-0.005469438890305368,-0.04359479284681322,0.01,58283,29,-1.7782588833677828,0.04314972801179418,2.6228948725888388e-05
4165,vascular_parenchyma,-0.010587009062130117,-0.042643313100705536,0.01,58297,29,-1.8968094408577256,0.04315284504674574,2.6207753862235933e-05
4166,vascular_parenchyma,-0.015557298678973866,-0.04109443415492598,0.01,58311,29,-2.015360899880005,0.04315123752657216,2.6199412991824754e-05
4167,vascular_parenchyma,-0.02030781584515293,-0.038963604502871306,0.01,58325,29,-2.1339114876976044,0.043148980644451274,2.617598436442209e-05
4168,vascular_parenchyma,-0.02477245679231122,-0.03628667763723577,0.01,58339,29,-2.2524619093950355,0.043149335124789356,2.614721689644432e-05
4169,vascular_parenchyma,-0.02889074225072686,-0.03310321597110262,0.01,58353,29,-2.3710130168286043,0.04315230896185752,2.6192469705514307e-05
4170,vascular_parenchyma,-0.032605256580714684,-0.029455724662400862,0.01,58367,29,-2.489564931662567,0.04315141087663466,2.6201896817984972e-05
4171,vascular_parenchyma,-0.035859134389432536,-0.025391256101809916,0.01,58381,29,-2.60811570577837,0.04314907233898437,2.6228508796968438e-05
4172,vascular_parenchyma,-0.038608645747247664,-0.020970835282259237,0.01,58395,29,-2.7266659165896483,0.04314934208614768,2.6232924692456532e-05
4173,vascular_parenchyma,-0.04081875675581762,-0.016258076066542202,0.01,58409,29,-2.8452164571019014,0.04315220538528875,2.6224627628421465e-05
4174,vascular_parenchyma,-0.04245782076803149,-0.01131698058634063,0.01,58423,29,-2.96376771831257,0.04315196312649622,2.6207082483071854e-05
4175,vascular_parenchyma,-0.04349732844334299,-0.006215318302553402,0.01,58437,29,-3.082317847604233,0.043149411623917784,2.6196172940369434e-05
4176,vascular_parenchyma,-0.04392461826557032,-0.0010270188117350258,0.01,58451,29,3.0823178476042306,0.04314941162391782,2.6161830224696854e-05
4177,vascular_parenchyma,-0.04373859160986736,0.004174917971453034,0.01,58465,29,2.9637677183125675,0.04315196312649633,2.6161830224696834e-05
4178,vascular_parenchyma,-0.04294036932982826,0.009319133951437573,0.01,58479,29,2.845216457101898,0.043152205385288925,2.6196172940369624e-05
4179,vascular_parenchyma,-0.04153608509281796,0.01433265271398056,0.01,58493,29,2.726665916589645,0.04314934208614789,2.6207082483072068e-05
4180,vascular_parenchyma,-0.03954667362114237,0.019143501431173954,0.01,58507,29,2.608115705778368,0.04314907233898455,2.6224627628421475e-05
4181,vascular_parenchyma,-0.03700559685658105,0.023686366407199223,0.01,58521,29,2.489564931662566,0.04315141087663479,2.6232924692456522e-05
4182,vascular_parenchyma,-0.03394644648355196,0.02789834605055192,0.01,58535,29,2.371013016828604,0.04315230896185759,2.622850879696835e-05
4183,vascular_parenchyma,-0.030408302177531807,0.03171786223264726,0.01,58549,29,2.2524619093950338,0.043149335124789384,2.620189681798507e-05
4184,vascular_parenchyma,-0.026441414845163526,0.035089335377568795,0.01,58563,29,2.1339114876976026,0.04314898064445125,2.6192469705514395e-05
4185,vascular_parenchyma,-0.02210627253545746,0.03797052339765753,0.01,58577,29,2.015360899880003,0.0431512375265721,2.6147216896444312e-05
4186,vascular_parenchyma,-0.017461450125283554,0.04032083595886463,0.01,58591,29,1.8968094408577234,0.04315284504674567,2.617598436442206e-05
4187,vascular_parenchyma,-0.012569859193234703,0.042103929254186906,0.01,58605,29,1.7782588833677808,0.04314972801179414,2.6199412991824744e-05
4188,vascular_parenchyma,-0.007501005668394192,0.04329174049851935,0.01,58619,29,1.6597091653274683,0.04314917552037804,2.6207753862235913e-05
4189,vascular_parenchyma,-0.0023285436566548765,0.04387524278462212,0.01,58633,29,1.5411592740383309,0.04315117628085933,2.62289487258884e-05
4190,vascular_parenchyma,0.0028769049068676066,0.04384510720362455,0.01,58647,29,1.4226082773383435,0.043153292194288775,2.6227157516475867e-05
4191,vascular_parenchyma,0.008043012889604474,0.04319830809776944,0.01,58661,29,1.304057718553311,0.04314984883708545,2.6228359074652164e-05
4192,vascular_parenchyma,0.013094940413874977,0.04194001053180609,0.01,58675,29,1.1855077229090938,0.04314897791134726,2.6202491166350644e-05
4193,vascular_parenchyma,0.01796299654437028,0.04009693867100101,0.01,58689,29,1.0669573401706922,0.04315069634025137,2.61907047139889e-05
4194,vascular_parenchyma,0.022580160283933188,0.03769307910954661,0.01,58703,29,0.9484057124853806,0.043153396239949786,2.614224674073384e-05
4195,vascular_parenchyma,0.026881203336716692,0.0347591630755902,0.01,58717,29,0.829854361513536,0.04314978396044313,2.6176392672742956e-05
4196,vascular_parenchyma,0.030801005407993395,0.03133257908150235,0.01,58731,29,0.7113037974405849,0.043148792728352085,2.6210789767811165e-05
4197,vascular_parenchyma,0.0342902220481682,0.0274698999785069,0.01,58745,29,0.5927531833717642,0.04315042204115034,2.6212738198871187e-05
4198,vascular_parenchyma,0.03730022418532526,0.023223039663158272,0.01,58759,29,0.47420168347843267,0.04315385345544673,2.6226579294560898e-05
4199,vascular_parenchyma,0.03978760099418122,0.01864923364389965,0.01,58773,29,0.3556505828394264,0.043150146240984476,2.62251989058044e-05
4200,vascular_parenchyma,0.04171003306634024,0.01381066382654301,0.01,58787,29,0.23710058353249117,0.04314902380032503,2.622364515857638e-05
4201,vascular_parenchyma,0.043050286831949676,0.008780870304272336,0.01,58801,29,0.1185507241045226,0.04315046983521392,2.6206339147614116e-05
4202,vascular_parenchyma,0.0437888300680856,0.0036282191555227824,0.01,58815,29,-2.563341379489741e-17,0.04315447108091519,2.617113774975989e-05
4203,vascular_parenchyma,0.03869109507876374,-0.0016243276319348084,0.01,58829,30,-0.13368376493053652,0.038036473740609734,2.5909505411943314e-05
4204,vascular_parenchyma,0.038238686298256525,-0.006733813071261272,0.01,58843,30,-0.2673686002571882,0.038035090237422076,2.59464213279198e-05
4205,vascular_parenchyma,0.036999326814750294,-0.011769958235040102,0.01,58857,30,-0.40105380348845815,0.03803576490371911,2.5967898648517637e-05
4206,vascular_parenchyma,0.035101740200150326,-0.01659671206706707,0.01,58871,30,-0.5347385944157423,0.0380385205632722,2.600213886183727e-05
4207,vascular_parenchyma,0.032578403089980064,-0.021128602714446557,0.01,58885,30,-0.6684230239233547,0.03803692326811592,2.6006668792003424e-05
4208,vascular_parenchyma,0.029469531364985445,-0.02528118397236465,0.01,58899,30,-0.8021085838897386,0.038035019762370254,2.599302004977446e-05
4209,vascular_parenchyma,0.025835882871178835,-0.02898227540686296,0.01,58913,30,-0.935794456841454,0.03803523357934351,2.5967573105523403e-05
4210,vascular_parenchyma,0.021743134838181327,-0.03216780134922584,0.01,58927,30,-1.0694796997692746,0.03803755935689411,2.5944457410534563e-05
4211,vascular_parenchyma,0.017262710014636532,-0.03478092500093462,0.01,58941,30,-1.2031637642426583,0.03803794822801316,2.589430676289242e-05
4212,vascular_parenchyma,0.012472418952853954,-0.036771287695079286,0.01,58955,30,-1.3368483897191061,0.03803557124587259,2.5953025922676925e-05
4213,vascular_parenchyma,0.0074593792373298514,-0.038103198174374485,0.01,58969,30,-1.4705333271442345,0.03803524689373099,2.5973936026159597e-05
4214,vascular_parenchyma,0.002314490777171733,-0.03875773453198626,0.01,58983,30,-1.6042178894542,0.038036958307187854,2.6005938107950492e-05
4215,vascular_parenchyma,-0.002871939301842769,-0.038722505092195506,0.01,58997,30,-1.7379014861613105,0.03803908733071055,2.6000484837440793e-05
4216,vascular_parenchyma,-0.008008056614420637,-0.03799552979741225,0.01,59011,30,-1.871585689740589,0.038035997611409626,2.598778873598288e-05
4217,vascular_parenchyma,-0.013000055622852068,-0.036585667243449235,0.01,59025,30,-2.005270935061036,0.038034971696543365,2.5970557869002076e-05
4218,vascular_parenchyma,-0.017760028378119217,-0.034526265296210626,0.01,59039,30,-2.1389564218566397,0.03803603258666782,2.5928338668161077e-05
4219,vascular_parenchyma,-0.022204143343662247,-0.031852615717250676,0.01,59053,30,-2.272641273166093,0.03803919887610164,2.5897276545923147e-05
4220,vascular_parenchyma,-0.02625344597662488,-0.028610666630179967,0.01,59067,30,-2.406325985035751,0.03803641302253861,2.5960255233915344e-05
4221,vascular_parenchyma,-0.029830259788088367,-0.02485354321446487,0.01,59081,30,-2.5400116208137473,0.03803493701593604,2.598230375166532e-05
4222,vascular_parenchyma,-0.03287584387083198,-0.02065544762509357,0.01,59095,30,-2.673697257729408,0.0380355700961223,2.600189745909998e-05
4223,vascular_parenchyma,-0.03533662673780921,-0.016090054678889854,0.01,59109,30,-2.8073820031777768,0.03803829529839769,2.599836132283206e-05
4224,vascular_parenchyma,-0.03716832348166291,-0.01123729598666448,0.01,59123,30,-2.9410657373586977,0.03803744224591642,2.5986469754354134e-05
4225,vascular_parenchyma,-0.038332981580538,-0.006182356024911799,0.01,59137,30,-3.0747502406169436,0.038035409079631405,2.5966864054374665e-05
4226,vascular_parenchyma,-0.038813080883986315,-0.0010178550262028728,0.01,59151,30,3.0747502406169382,0.03803540907963145,2.5909882642263794e-05
4227,vascular_parenchyma,-0.03860308332672572,0.00416424598448038,0.01,59165,30,2.941065737358693,0.03803744224591653,2.59098826422638e-05
4228,vascular_parenchyma,-0.03770574411545879,0.009272735968994212,0.01,59179,30,2.8073820031777728,0.03803829529839785,2.5966864054374692e-05
4229,vascular_parenchyma,-0.036133390203194435,0.014216018556073086,0.01,59193,30,2.673697257729404,0.03803557009612249,2.5986469754354174e-05
4230,vascular_parenchyma,-0.03391349433699161,0.018904049918070043,0.01,59207,30,2.5400116208137433,0.0380349370159362,2.5998361322832193e-05
4231,vascular_parenchyma,-0.03109140698534695,0.023255382246984313,0.01,59221,30,2.4063259850357483,0.038036413022538705,2.60018974591e-05
4232,vascular_parenchyma,-0.02771598801189036,0.027193143584775578,0.01,59235,30,2.27264127316609,0.03803919887610167,2.5982303751665283e-05
4233,vascular_parenchyma,-0.023845275687441634,0.03064649346335625,0.01,59249,30,2.1389564218566375,0.038036032586667816,2.5960255233915348e-05
4234,vascular_parenchyma,-0.01954547255943178,0.03354829985572243,0.01,59263,30,2.0052709350610334,0.03803497169654332,2.589727654592307e-05
4235,vascular_parenchyma,-0.014899610353361455,0.03585362499125424,0.01,59277,30,1.871585689740586,0.03803599761140957,2.5928338668161067e-05
4236,vascular_parenchyma,-0.009988619200072336,0.037521148781450415,0.01,59291,30,1.737901486161308,0.03803908733071052,2.597055786900194e-05
4237,vascular_parenchyma,-0.004898640501018858,0.03852032163243131,0.01,59305,30,1.6042178894541979,0.038036958307187854,2.5987788735982814e-05
4238,vascular_parenchyma,0.0002797301115952267,0.0388266921584976,0.01,59319,30,1.4705333271442327,0.038035246893731035,2.600048483744074e-05
4239,vascular_parenchyma,0.005452002208270838,0.03844166957646664,0.01,59333,30,1.3368483897191044,0.03803557124587266,2.600593810795053e-05
4240,vascular_parenchyma,0.010527061043538361,0.03737299041473172,0.01,59347,30,1.2031637642426558,0.038037948228013256,2.5973936026159685e-05
4241,vascular_parenchyma,0.015415323533028843,0.03563850895747382,0.01,59361,30,1.0694796997692722,0.03803755935689421,2.5953025922677057e-05
4242,vascular_parenchyma,0.020027675001766925,0.033264731195272436,0.01,59375,30,0.9357944568414517,0.03803523357934358,2.589430676289246e-05
4243,vascular_parenchyma,0.02428137222517828,0.03029664502127346,0.01,59389,30,0.8021085838897367,0.03803501976237029,2.59444574105346e-05
4244,vascular_parenchyma,0.028102977014112965,0.026790436182955547,0.01,59403,30,0.6684230239233531,0.03803692326811594,2.596757310552335e-05
4245,vascular_parenchyma,0.031424690873555795,0.022807072751656863,0.01,59417,30,0.5347385944157403,0.03803852056327221,2.599302004977447e-05
4246,vascular_parenchyma,0.03418511437085196,0.018415236927033396,0.01,59431,30,0.4010538034884567,0.03803576490371913,2.600666879200332e-05
4247,vascular_parenchyma,0.03633181449251862,0.013693129405657242,0.01,59445,30,0.2673686002571867,0.038035090237422076,2.6002138861837233e-05
4248,vascular_parenchyma,0.03783264650192502,0.008728666842333348,0.01,59459,30,0.13368376493053577,0.03803647374060972,2.5967898648517573e-05
4249,vascular_parenchyma,0.03866045864077986,0.0036087557713918193,0.01,59473,30,-7.924653953390362e-16,0.038039896119386823,2.5936896828718744e-05
4250,vascular_parenchyma,0.0335762994838069,-0.0016304542882656526,0.01,59487,31,-0.15324822769873325,0.0329385156655315,2.562707078887027e-05
4251,vascular_parenchyma,0.03306163223079703,-0.006702333072620874,0.01,59501,31,-0.30649622666968374,0.0329370937490649,2.568486188745119e-05
4252,vascular_parenchyma,0.031649935703999536,-0.011670143888348777,0.01,59515,31,-0.45974434000603914,0.03293635960121334,2.57087643347561e-05
4253,vascular_parenchyma,0.02949716189493439,-0.01636438255794886,0.01,59529,31,-0.612992760668063,0.03293634581050313,2.573970268587979e-05
4254,vascular_parenchyma,0.02665369361902525,-0.020675352737945813,0.01,59543,31,-0.7662415445555811,0.032937076414828924,2.5740583912716574e-05
4255,vascular_parenchyma,0.02318600812632187,-0.02450230896228135,0.01,59557,31,-0.9194906697376657,0.03293856030104801,2.5705435976014644e-05
4256,vascular_parenchyma,0.019175005465186634,-0.027755728005698997,0.01,59571,31,-1.0727400881246407,0.03293999128027356,2.567356143126117e-05
4257,vascular_parenchyma,0.014713579666778791,-0.030358431158594382,0.01,59585,31,-1.2259889713496548,0.03293814544073494,2.5617959621844124e-05
4258,vascular_parenchyma,0.009905994984254173,-0.032246616804350925,0.01,59599,31,-1.379237004187586,0.032936995481099865,2.5693404947215218e-05
4259,vascular_parenchyma,0.004867411603210114,-0.03337989974913676,0.01,59613,31,-1.5324844923776497,0.03293651019856183,2.571609109372492e-05
4260,vascular_parenchyma,-0.0002849319219882566,-0.03373142262708769,0.01,59627,31,-1.6857318639182486,0.03293667141588922,2.5739215701201535e-05
4261,vascular_parenchyma,-0.005430580548796486,-0.0332929866068179,0.01,59641,31,-1.8389795767658859,0.0329374856909709,2.5740399321479858e-05
4262,vascular_parenchyma,-0.010449238889832596,-0.03207485033828234,0.01,59655,31,-1.9922280054083021,0.0329389794485578,2.5704778472636302e-05
4263,vascular_parenchyma,-0.015223593423573904,-0.030105204548734384,0.01,59669,31,-2.1454773041364557,0.032939583888651564,2.5657717123047615e-05
4264,vascular_parenchyma,-0.0196409975961383,-0.027428432385424285,0.01,59683,31,-2.2987265857703725,0.03293772440427512,2.5626576318971704e-05
4265,vascular_parenchyma,-0.023596446467001098,-0.024107107338125135,0.01,59697,31,-2.451975544145039,0.03293661731766124,2.5697956551806607e-05
4266,vascular_parenchyma,-0.02699910391337583,-0.02022211741466393,0.01,59711,31,-2.6052241454137284,0.03293626092398948,2.5725465442538476e-05
4267,vascular_parenchyma,-0.029769415252651393,-0.015863754175000452,0.01,59725,31,-2.7584723977250243,0.032936638542388305,2.5739197441742286e-05
4268,vascular_parenchyma,-0.03184263592191856,-0.01113388711783412,0.01,59739,31,-2.9117204206000515,0.03293772060062474,2.5734027593636622e-05
4269,vascular_parenchyma,-0.03317026879775429,-0.006143055333904404,0.01,59753,31,-3.0649684839260853,0.03293947454268695,2.569986566118361e-05
4270,vascular_parenchyma,-0.03372084757562898,-0.0010076963744092959,0.01,59767,31,3.064968483926079,0.032939474542686996,2.5640793829030517e-05
4271,vascular_parenchyma,-0.03347891645467323,0.004151793123731593,0.01,59781,31,2.9117204206000453,0.032937720600624866,2.5640793829030564e-05
4272,vascular_parenchyma,-0.03245090311645075,0.009213297678239555,0.01,59795,31,2.7584723977250185,0.03293663854238848,2.569986566118364e-05
4273,vascular_parenchyma,-0.030663426945704553,0.014058496703197976,0.01,59809,31,2.605224145413724,0.032936260923989644,2.5734027593636663e-05
4274,vascular_parenchyma,-0.028157970028846915,0.01857431118916995,0.01,59823,31,2.451975544145034,0.03293661731766135,2.5739197441742408e-05
4275,vascular_parenchyma,-0.024993134123688844,0.022655214255985486,0.01,59837,31,2.2987265857703676,0.03293772440427516,2.572546544253854e-05
4276,vascular_parenchyma,-0.02124288419887842,0.026205825920130592,0.01,59851,31,2.1454773041364508,0.03293958388865155,2.569795655180664e-05
4277,vascular_parenchyma,-0.016994360568989283,0.029142838254204946,0.01,59865,31,1.9922280054082975,0.03293897944855775,2.562657631897172e-05
4278,vascular_parenchyma,-0.012345845415469523,0.0313945615350795,0.01,59879,31,1.838979576765883,0.03293748569097086,2.5657717123047382e-05
4279,vascular_parenchyma,-0.0074083801550786366,0.032909747452695745,0.01,59893,31,1.6857318639182457,0.032936671415889206,2.57047784726361e-05
4280,vascular_parenchyma,-0.0022979604247687167,0.033654326052383346,0.01,59907,31,1.5324844923776466,0.03293651019856186,2.5740399321479912e-05
4281,vascular_parenchyma,0.0028661489686036302,0.03361074016219734,0.01,59921,31,1.3792370041875825,0.032936995481099934,2.573921570120157e-05
4282,vascular_parenchyma,0.007963218829122114,0.032780022548055975,0.01,59935,31,1.2259889713496523,0.03293814544073501,2.5716091093724915e-05
4283,vascular_parenchyma,0.01287409251317926,0.031181594694170086,0.01,59949,31,1.072740088124638,0.03293999128027364,2.569340494721525e-05
4284,vascular_parenchyma,0.017483935046173377,0.02885210911193743,0.01,59963,31,0.9194906697376627,0.03293856030104809,2.5617959621844273e-05
4285,vascular_parenchyma,0.02168232769735285,0.025843344607823338,0.01,59977,31,0.7662415445555794,0.032937076414828945,2.5673561431261134e-05
4286,vascular_parenchyma,0.025372176513406418,0.02222974591151744,0.01,59991,31,0.6129927606680616,0.03293634581050314,2.570543597601459e-05
4287,vascular_parenchyma,0.02846771468848704,0.018095972464327023,0.01,60005,31,0.4597443400060382,0.032936359601213355,2.574058391271654e-05
4288,vascular_parenchyma,0.03089658960151893,0.013538523904295335,0.01,60019,31,0.30649622666968185,0.032937093749064894,2.5739702685879832e-05
4289,vascular_parenchyma,0.03260201408850473,0.008663913393835229,0.01,60033,31,0.1532482276987318,0.0329385156655315,2.5708764334756144e-05
4290,vascular_parenchyma,0.033544066708154664,0.003586064147858162,0.01,60047,31,-8.368209983642793e-16,0.03294059582145076,2.5673580734895553e-05
4291,vascular_parenchyma,0.0284704408669431,-0.0016387821890440728,0.01,60061,32,-0.17951914964631993,0.027853494515740873,2.5289200714740694e-05
4292,vascular_parenchyma,0.02787088331236274,-0.006660511413947655,0.01,60075,32,-0.35903757866863995,0.02785315481362056,2.5606963154562164e-05
4293,vascular_parenchyma,0.02623433568846125,-0.01152977903009061,0.01,60089,32,-0.5385574366482897,0.02785555277793493,2.5722252908950413e-05
4294,vascular_parenchyma,0.023755792668893924,-0.016030023643410902,0.01,60103,32,-0.7180784705551759,0.027853593549533352,2.5582237493883947e-05
4295,vascular_parenchyma,0.02050972999185852,-0.020012771860912493,0.01,60117,32,-0.8975982550267473,0.02785285362674662,2.5084866492053133e-05
4296,vascular_parenchyma,0.016606871873544867,-0.023353038539885216,0.01,60131,32,-1.077118227245225,0.027854916806922557,2.5431382701779163e-05
4297,vascular_parenchyma,0.012171116974779872,-0.025944840736294706,0.01,60145,32,-1.256638778032893,0.027854199539521386,2.5988232411981583e-05
4298,vascular_parenchyma,0.0073422587110122456,-0.027700055876729086,0.01,60159,32,-1.4361572668566127,0.027853033606087076,2.5822592785145166e-05
4299,vascular_parenchyma,0.002278316327138353,-0.028565078838880768,0.01,60173,32,-1.6156755025781768,0.027854549073195057,2.5297402162834967e-05
4300,vascular_parenchyma,-0.002858725019434497,-0.02851457193381493,0.01,60187,32,-1.795195259665259,0.02785476698137128,2.4987863308127073e-05
4301,vascular_parenchyma,-0.007904439786089072,-0.0275455323434447,0.01,60201,32,-1.9747142290479947,0.027852925152340634,2.5595978462268644e-05
4302,vascular_parenchyma,-0.012695112023248533,-0.025689904618066493,0.01,60215,32,-2.154233557920452,0.02785383373487127,2.5954393034951176e-05
4303,vascular_parenchyma,-0.01707877394470977,-0.023011561051859357,0.01,60229,32,-2.333754775245562,0.027855153609134174,2.5805109203189576e-05
4304,vascular_parenchyma,-0.020913961543474358,-0.01959262996759088,0.01,60243,32,-2.513275113255044,0.027852934034151382,2.5070144912072863e-05
4305,vascular_parenchyma,-0.024074420063592304,-0.015542000472548237,0.01,60257,32,-2.6927944798668,0.02785351260477784,2.5359237636974103e-05
4306,vascular_parenchyma,-0.026463698024511907,-0.010994481120577567,0.01,60271,32,-2.8723145487200084,0.02785606005240463,2.5690617090589e-05
4307,vascular_parenchyma,-0.028003591645611364,-0.006092813944645152,0.01,60285,32,-3.0518336901021774,0.027853385878976532,2.571095975887704e-05
4308,vascular_parenchyma,-0.028638434135562142,-0.000994212374445381,0.01,60299,32,3.0518336901021716,0.02785338587897659,2.5417095113314195e-05
4309,vascular_parenchyma,-0.028356597803315394,0.004134983508770739,0.01,60313,32,2.8723145487200035,0.027856060052404766,2.5417095113314185e-05
4310,vascular_parenchyma,-0.02716471398312743,0.009132576978792896,0.01,60327,32,2.692794479866797,0.027853512604778006,2.5710959758877037e-05
4311,vascular_parenchyma,-0.025094617701507723,0.013835166619809764,0.01,60341,32,2.513275113255041,0.027852934034151514,2.569061709058902e-05
4312,vascular_parenchyma,-0.02222131873279085,0.018093449177532757,0.01,60355,32,2.33375477524556,0.02785515360913424,2.535923763697407e-05
4313,vascular_parenchyma,-0.0186349001966071,0.02177202309724894,0.01,60369,32,2.15423355792045,0.027853833734871263,2.507014491207283e-05
4314,vascular_parenchyma,-0.014446654460228317,0.024748173287160675,0.01,60383,32,1.974714229047992,0.027852925152340585,2.580510920318964e-05
4315,vascular_parenchyma,-0.009795594601142283,0.02692953107603178,0.01,60397,32,1.7951952596652565,0.027854766981371234,2.5954393034951125e-05
4316,vascular_parenchyma,-0.004830222944337345,0.02824771881887356,0.01,60411,32,1.6156755025781724,0.027854549073195047,2.559597846226872e-05
4317,vascular_parenchyma,0.00029151496881761477,0.028655508276902206,0.01,60425,32,1.4361572668566092,0.027853033606087128,2.4987863308127195e-05
4318,vascular_parenchyma,0.005403153998889444,0.0281416823797664,0.01,60439,32,1.2566387780328891,0.02785419953952146,2.5297402162834906e-05
4319,vascular_parenchyma,0.010341493942615809,0.026726165194006776,0.01,60453,32,1.0771182272452209,0.02785491680692264,2.5822592785145248e-05
4320,vascular_parenchyma,0.014947781612737061,0.02445018073324933,0.01,60467,32,0.8975982550267452,0.027852853626746676,2.5988232411981596e-05
4321,vascular_parenchyma,0.019072035777388033,0.02138660980647689,0.01,60481,32,0.7180784705551735,0.02785359354953338,2.5431382701779112e-05
4322,vascular_parenchyma,0.022585100896117767,0.01763859607842725,0.01,60495,32,0.538557436648287,0.02785555277793494,2.5084866492053157e-05
4323,vascular_parenchyma,0.02537304523126207,0.013322927563494468,0.01,60509,32,0.35903757866863717,0.027853154813620565,2.5582237493883968e-05
4324,vascular_parenchyma,0.027341754254571544,0.008577237894759974,0.01,60523,32,0.17951914964631616,0.027853494515740873,2.5722252908950478e-05
4325,vascular_parenchyma,0.028434974716464372,0.003557984069313266,0.01,60537,32,-1.317213605367947e-15,0.027856524538821262,2.5588489661323038e-05
4326,vascular_parenchyma,0.023357916761089125,-0.001654473031258749,0.01,60551,33,-0.23270904109963067,0.02278492956229724,2.6509024365685718e-05
4327,vascular_parenchyma,0.02254561293503397,-0.006963915650566592,0.01,60565,33,-0.46542019960550535,0.022785276205931917,2.6606337715110084e-05
4328,vascular_parenchyma,0.020332805167580528,-0.011975756086776984,0.01,60579,33,-0.6981307942117045,0.022786251545058187,2.680780035483022e-05
4329,vascular_parenchyma,0.01702335570367584,-0.016342560618108213,0.01,60593,33,-0.9308430158474277,0.02278455067316193,2.709534066495064e-05
4330,vascular_parenchyma,0.012794664051479816,-0.019826598106346044,0.01,60607,33,-1.1635547759914238,0.02278605414516518,2.6484251772037777e-05
4331,vascular_parenchyma,0.007878181762289346,-0.022244349800432862,0.01,60621,33,-1.3962638657528805,0.022785638657664885,2.6218694512367272e-05
4332,vascular_parenchyma,0.0025356718995261517,-0.02346087236867269,0.01,60635,33,-1.6289738558669813,0.022784889670188102,2.6906403201458044e-05
4333,vascular_parenchyma,-0.0029429046839887212,-0.023412902852584953,0.01,60649,33,-1.8616833415503264,0.02278714470313723,2.723273503457989e-05
4334,vascular_parenchyma,-0.008263626272528942,-0.022105054233084648,0.01,60663,33,-2.09439344610406,0.02278490533734635,2.6541854340708708e-05
4335,vascular_parenchyma,-0.013137500411420245,-0.019601202119528646,0.01,60677,33,-2.327105950572673,0.022784998719802385,2.6081993947892755e-05
4336,vascular_parenchyma,-0.017304011529790088,-0.01604376780932478,0.01,60691,33,-2.559816996455882,0.022786626450594635,2.6977532371613013e-05
4337,vascular_parenchyma,-0.020538724887610844,-0.011621331065996299,0.01,60705,33,-2.7925281277601792,0.0227847148185507,2.6939355718332683e-05
4338,vascular_parenchyma,-0.022663322827367986,-0.006570803955278423,0.01,60719,33,-3.025238547305023,0.0227859067999429,2.671063136787013e-05
4339,vascular_parenchyma,-0.023569208123383208,-0.0011674735346864189,0.01,60733,33,3.0252385473050136,0.022785906799942968,2.654975866494766e-05
4340,vascular_parenchyma,-0.023202776331295145,0.0042995020751268,0.01,60747,33,2.7925281277601717,0.022784714818550846,2.654975866494756e-05
4341,vascular_parenchyma,-0.02158499988121138,0.009534095142485294,0.01,60761,33,2.559816996455876,0.02278662645059478,2.6710631367870125e-05
4342,vascular_parenchyma,-0.018805979572120782,0.014255997782686066,0.01,60775,33,2.3271059505726694,0.022784998719802444,2.69393557183327e-05
4343,vascular_parenchyma,-0.015009972231582477,0.018207389480196207,0.01,60789,33,2.094393446104058,0.022784905337346322,2.6977532371612847e-05
4344,vascular_parenchyma,-0.010406896267571379,0.021178438958427775,0.01,60803,33,1.861683341550323,0.02278714470313718,2.6081993947892717e-05
4345,vascular_parenchyma,-0.005242708618350116,0.02300944992251264,0.01,60817,33,1.628973855866978,0.022784889670188088,2.6541854340708688e-05
4346,vascular_parenchyma,0.00020517691749540132,0.023595816129255535,0.01,60831,33,1.396263865752878,0.02278563865766495,2.723273503457981e-05
4347,vascular_parenchyma,0.005641215362579308,0.022913629428587705,0.01,60845,33,1.1635547759914218,0.02278605414516526,2.6906403201458054e-05
4348,vascular_parenchyma,0.01077355112788255,0.020995065496053178,0.01,60859,33,0.9308430158474261,0.022784550673161996,2.6218694512367316e-05
4349,vascular_parenchyma,0.015324107527934316,0.0179435710922523,0.01,60873,33,0.6981307942117032,0.022786251545058218,2.6484251772037788e-05
4350,vascular_parenchyma,0.019050478437493967,0.013927058918994194,0.01,60887,33,0.46542019960550374,0.022785276205931928,2.709534066495064e-05
4351,vascular_parenchyma,0.021747696124413202,0.009157608003964772,0.01,60901,33,0.23270904109962975,0.022784929562297246,2.680780035483018e-05
4352,vascular_parenchyma,0.02327350410076356,0.0038956833439708644,0.01,60915,33,-5.93705411247178e-17,0.02278763675347938,2.6595051279162054e-05
4353,vascular_parenchyma,0.018248993258000286,-0.0016724729849810476,0.01,60929,34,-0.29919752296419666,0.017731594886341812,2.6492843133653802e-05
4354,vascular_parenchyma,0.017204564947304258,-0.006956918009090403,0.01,60943,34,-0.5983975906889689,0.017733259161013988,2.6866147412231795e-05
4355,vascular_parenchyma,0.014391074801541026,-0.011719937030101017,0.01,60957,34,-0.8975984848862433,0.0177314752217097,2.6967159885955754e-05
4356,vascular_parenchyma,0.010296051245551212,-0.01543970906310276,0.01,60971,34,-1.196799380717851,0.017732999455769984,2.6633445618659778e-05
4357,vascular_parenchyma,0.005288291178342496,-0.017790072899761117,0.01,60985,34,-1.495996756844458,0.017731795281966885,2.6633953322456147e-05
4358,vascular_parenchyma,-0.00019047032994041785,-0.018557178685736926,0.01,60999,34,-1.7951948230291883,0.01773275166158107,2.6964161447345057e-05
4359,vascular_parenchyma,-0.005652017319225797,-0.017677560419686975,0.01,61013,34,-2.094393159783419,0.01773172429235215,2.6869022661557784e-05
4360,vascular_parenchyma,-0.01061093291528259,-0.015225286096618645,0.01,61027,34,-2.3935951738451102,0.017732266877553998,2.6475871026976433e-05
4361,vascular_parenchyma,-0.014627721138153447,-0.011421677282607564,0.01,61041,34,-2.6927950141503154,0.01773191953599518,2.6869017559507098e-05
4362,vascular_parenchyma,-0.017344120300460737,-0.006602460831266008,0.01,61055,34,-2.9919945480352648,0.017732258596659174,2.6966264473893658e-05
4363,vascular_parenchyma,-0.018520062825905535,-0.0011969417380202289,0.01,61069,34,2.9919945480352563,0.017732258596659257,2.6632414278619553e-05
4364,vascular_parenchyma,-0.018049977267847975,0.0043150973794998625,0.01,61083,34,2.6927950141503088,0.017731919535995334,2.6632414278619525e-05
4365,vascular_parenchyma,-0.01597592064642131,0.009443570604413093,0.01,61097,34,2.3935951738451062,0.01773226687755409,2.696626447389373e-05
4366,vascular_parenchyma,-0.012482828535445396,0.013733237526086753,0.01,61111,34,2.094393159783417,0.01773172429235213,2.6869017559506976e-05
4367,vascular_parenchyma,-0.00788008587836271,0.0168021023501279,0.01,61125,34,1.7951948230291863,0.017732751661581028,2.6475871026976318e-05
4368,vascular_parenchyma,-0.002577692340304511,0.018379273295702228,0.01,61139,34,1.4959967568444557,0.01773179528196692,2.6869022661557804e-05
4369,vascular_parenchyma,0.002954108665163204,0.01832159859333077,0.01,61153,34,1.1967993807178494,0.01773299945577006,2.6964161447345057e-05
4370,vascular_parenchyma,0.008223666888665375,0.016637925133356404,0.01,61167,34,0.897598484886243,0.017731475221709758,2.6633953322456045e-05
4371,vascular_parenchyma,0.01276151945785434,0.013473661878901009,0.01,61181,34,0.5983975906889702,0.01773325916101401,2.6633445618659872e-05
4372,vascular_parenchyma,0.016167470170923393,0.009114501456531495,0.01,61195,34,0.2991975229641981,0.017731594886341823,2.6967159885955734e-05
4373,vascular_parenchyma,0.018134214697514917,0.003943676170419321,0.01,61209,34,1.376653716254757e-16,0.017733887070990315,2.6853095401286333e-05
4374,vascular_parenchyma,0.013109688794974775,-0.001700213014404588,0.01,61223,35,-0.4188761231395795,0.012693850094408276,2.6280978450934616e-05
4375,vascular_parenchyma,0.011648494314391734,-0.006912245551995677,0.01,61237,35,-0.8377586100348918,0.012693410665850096,2.7130200271256545e-05
4376,vascular_parenchyma,0.007829939491133716,-0.01105234603489809,0.01,61251,35,-1.2566398875161289,0.012694125994627135,2.6631351908868324e-05
4377,vascular_parenchyma,0.0026579274359346348,-0.013282360554559176,0.01,61265,35,-1.6755147928303624,0.01269482387596055,2.663327542046525e-05
4378,vascular_parenchyma,-0.002974406019449538,-0.013215537463310932,0.01,61279,35,-2.0943926448367254,0.012693633886941297,2.7119851286679795e-05
4379,vascular_parenchyma,-0.008091880795387451,-0.010862040468173155,0.01,61293,35,-2.513275779375868,0.012693485926799584,2.628440640490727e-05
4380,vascular_parenchyma,-0.011810360346354942,-0.006631868603104354,0.01,61307,35,-2.9321554241029695,0.01269445399450567,2.7119910384314764e-05
4381,vascular_parenchyma,-0.013487691990560286,-0.0012550147858882044,0.01,61321,35,2.932155424102948,0.012694453994505774,2.6632466507154807e-05
4382,vascular_parenchyma,-0.012831800000127788,0.004339440296947415,0.01,61335,35,2.513275779375853,0.012693485926799706,2.6632466507154797e-05
4383,vascular_parenchyma,-0.009956658285902979,0.009182880893835663,0.01,61349,35,2.094392644836711,0.012693633886941284,2.711991038431483e-05
4384,vascular_parenchyma,-0.005361150982111833,0.012439059720837394,0.01,61363,35,1.6755147928303482,0.01269482387596053,2.6284406404907273e-05
4385,vascular_parenchyma,0.00016169599789085437,0.013545293696336818,0.01,61377,35,1.2566398875161153,0.012694125994627202,2.7119851286679646e-05
4386,vascular_parenchyma,0.0056568583268719105,0.012307533109434648,0.01,61391,35,0.8377586100348808,0.012693410665850146,2.6633275420465477e-05
4387,vascular_parenchyma,0.01017331414534683,0.00894225829587459,0.01,61405,35,0.418876123139572,0.01269385009440829,2.6631351908868063e-05
4388,vascular_parenchyma,0.01293155851249946,0.004031686352826246,0.01,61419,35,-4.236664588418607e-15,0.012695230205486404,2.712177979803775e-05
4389,vascular_parenchyma,0.007845677040755547,-0.0017413226478187604,0.01,61433,36,-0.698130008078791,0.0076710136651336695,2.591756904171436e-05
4390,vascular_parenchyma,0.005444427600987295,-0.006626684170310602,0.01,61447,36,-1.3962654184269283,0.007670928286673819,2.7528306034533938e-05
4391,vascular_parenchyma,-8.889475156058393e-05,-0.008575900663380698,0.01,61461,36,-2.09439145640698,0.007670588834393265,2.7531490798620618e-05
4392,vascular_parenchyma,-0.0055803725911073845,-0.006512107885142573,0.01,61475,36,-2.7925304599236997,0.007670572166240367,2.59036070073005e-05
4393,vascular_parenchyma,-0.008460759259356559,-0.001401552354537,0.01,61489,36,2.792530459923691,0.007670572166240503,2.7530104499888397e-05
4394,vascular_parenchyma,-0.007382229021812761,0.004364768101506634,0.01,61503,36,2.094391456406981,0.007670588834393254,2.7530104499888454e-05
4395,vascular_parenchyma,-0.002849503936128319,0.008088886698304884,0.01,61517,36,1.396265418426929,0.007670928286673872,2.5903607007300516e-05
4396,vascular_parenchyma,0.0030166057984243474,0.008028414252199592,0.01,61531,36,0.698130008078797,0.007671013665133701,2.753160501600665e-05
4397,vascular_parenchyma,0.007471520688670581,0.0042111575920566755,0.01,61545,36,4.625930830371233e-15,0.00767162093709872,2.7551804754950857e-05
4398,vascular_parenchyma,0.0016771370682605188,-0.0014458721534351697,0.01,61559,37,-2.094385824385557,0.0026625435398701307,2.5305152438812698e-05
4399,vascular_parenchyma,-0.0030763628206457866,-0.0021751459314648066,0.01,61573,37,2.0943858243855686,0.002662543539870125,2.5269513833720918e-05
4400,vascular_parenchyma,-0.0003453729846438355,0.003751714849095261,0.01,61587,37,1.3271976068059551e-14,0.002663013937008368,2.527293261641497e-05
